customerID,Actual_Churn,Estimated_LTV,Logistic_Churn_Prediction,Logistic_Churn_Probability,DecisionTree_Churn_Prediction,DecisionTree_Churn_Probability,RandomForest_Churn_Prediction,RandomForest_Churn_Probability,Churn_Model_Agreement_Count,All_Models_Predict_Churn
7590-VHVEG,No,2119.35,0,0.4856787724698421,1,0.5932203389830508,0,0.38908897119686237,1,False
5575-GNVDE,No,2164.1,0,0.042311701937280205,0,0.021970705725699067,0,0.19540621017432172,0,False
7795-CFOCW,No,1142.1,0,0.028351146610539016,0,0.021970705725699067,0,0.1551534758317186,0,False
1452-KIOVK,No,4455.0,0,0.48703300513648545,0,0.29533678756476683,0,0.3341851903837832,0,False
6713-OKOMC,No,1844.5,0,0.28520608135875114,0,0.11405835543766578,0,0.28725753380349844,0,False
6388-TABGU,No,561.5,0,0.010618160355536034,0,0.021970705725699067,0,0.16708235792171242,0,False
9763-GRSKD,No,2947.05,0,0.1735456819835158,0,0.11405835543766578,0,0.26392799198797084,0,False
7469-LKBCI,No,1061.2,0,0.026600924582137673,0,0.021970705725699067,0,0.08956147344711088,0,False
8091-TTVAX,No,1404.9,0,0.15617150312009614,0,0.24344569288389514,0,0.2822329207774556,0,False
5129-JLPIS,No,4958.5,0,0.4642474964275052,1,0.5551470588235294,0,0.32389461141338816,1,False
3655-SNQYZ,No,339.75,0,0.02918210651035101,0,0.06711409395973154,0,0.14395789060172995,0,False
8191-XWSZG,No,413.0,0,0.011022597042881863,0,0.021970705725699067,0,0.09349205331164448,0,False
9959-WOFKT,No,106.7,0,0.039882281972883744,0,0.06711409395973154,0,0.21369567184832572,0,False
4183-MYFRB,No,4592.55,0,0.4531067016466731,1,0.5551470588235294,0,0.38541694552845945,1,False
1680-VDCWW,No,1188.0,0,0.05809406838865524,0,0.021970705725699067,0,0.09320446519334506,0,False
3638-WEABW,No,838.6,0,0.016997031305898892,0,0.015384615384615385,0,0.1859838341029991,0,False
6322-HRPFA,No,1370.8,0,0.025068831747142167,0,0.11405835543766578,0,0.1687964728067798,0,False
6865-JZNKO,No,2322.6,0,0.10186794170184826,0,0.11405835543766578,0,0.25150762583709085,0,False
5248-YGIJN,No,90.25,0,0.015496028851196336,0,0.021970705725699067,0,0.13445768234055075,0,False
3841-NFECX,No,96.35,0,0.027201612797447736,0,0.06711409395973154,0,0.1779786842376293,0,False
4929-XIHVW,No,6685.0,1,0.60321430462622,1,0.6479591836734694,0,0.4105014123389087,2,False
6827-IEAUQ,No,2976.7500000000005,0,0.02804075358253365,0,0.021970705725699067,0,0.13177930532928717,0,False
7310-EGVHZ,No,1434.2,0,0.15334067213077712,0,0.3706896551724138,0,0.15131003319372016,0,False
3413-BMNZE,No,3212.75,0,0.29633775957770087,1,0.6666666666666666,0,0.3834154088279895,1,False
6234-RAAPL,No,99.9,0,0.018744668995977726,0,0.06711409395973154,0,0.16512848950092301,0,False
6572-ADKRS,No,1944.8,0,0.2130297030549736,0,0.29533678756476683,0,0.364441673489961,0,False
8865-TNMNX,No,3072.1,0,0.1015644009599168,0,0.13043478260869565,0,0.2347669072238766,0,False
9489-DEDVP,No,138.4,0,0.011972170831839967,0,0.021970705725699067,0,0.1784363921398231,0,False
9867-JCZSP,No,1141.25,0,0.04020905860282284,0,0.021970705725699067,0,0.08342253232631126,0,False
4671-VJLCL,No,718.65,0,0.013487306493219074,0,0.021970705725699067,0,0.15049412160179124,0,False
4080-IIARD,No,4495.8,0,0.2554422144897853,0,0.1111111111111111,0,0.24568299663583676,0,False
3714-NTNFO,No,1943.5,0,0.3683480300051315,0,0.4540540540540541,0,0.44005712222481635,0,False
5948-UJZLF,No,3447.5,0,0.2503785256551346,0,0.43157894736842106,0,0.3401882636851527,0,False
7639-LIAYI,No,1595.0,0,0.03154478448491069,0,0.021970705725699067,0,0.18458176200455692,0,False
2954-PIBKO,No,192.45,0,0.007034088185915215,0,0.021970705725699067,0,0.1372914735827574,0,False
8012-SOUDQ,No,2617.25,0,0.4131659243185348,0,0.4540540540540541,0,0.41224004714537316,0,False
6575-SUVOI,No,3266.5,0,0.18217311838335679,0,0.11405835543766578,0,0.2303079784746644,0,False
4667-QONEA,No,898.1999999999999,0,0.01912272585386139,0,0.021970705725699067,0,0.149191343763685,0,False
8769-KKTPH,No,896.85,0,0.11598114712355827,0,0.24344569288389514,0,0.24794420108788773,0,False
5067-XJQFU,No,650.7,0,0.16448599415428022,0,0.24344569288389514,0,0.246352216327439,0,False
3957-SQXML,No,948.1,0,0.013333629819192467,0,0.021970705725699067,0,0.06936091205249742,0,False
5954-BDFSG,No,107.5,0,0.07101108548365814,0,0.06711409395973154,0,0.24187550991447346,0,False
0434-CSFON,No,2512.5,0,0.45538664994952055,0,0.4540540540540541,0,0.40390275025376715,0,False
1215-FIGMP,No,1078.8000000000002,0,0.23389258088318843,0,0.26666666666666666,0,0.35914902669907467,0,False
0526-SXDJP,No,42.1,0,0.006637951394938747,0,0.021970705725699067,0,0.15305096463179563,0,False
0557-ASKVU,No,2937.6,0,0.08002863788477227,0,0.1004566210045662,0,0.20996677956961485,0,False
5122-CYFXA,No,5195.7,0,0.37986051554302525,0,0.1111111111111111,0,0.32917985037791575,0,False
8627-ZYGSZ,No,1972.5,0,0.2000175977450851,0,0.1004566210045662,0,0.3321323319970532,0,False
3410-YOQBQ,No,3247.2000000000003,0,0.041859838630986794,0,0.015384615384615385,0,0.1719435488251207,0,False
3170-NMYVV,No,443.3,0,0.00483346970640734,0,0.021970705725699067,0,0.07093326972665807,0,False
7410-OIEDU,No,4950.7,0,0.36422220527254134,1,0.6479591836734694,0,0.3675937510285659,1,False
2273-QCKXA,No,3482.55,0,0.22552570496736932,0,0.3939393939393939,0,0.32972251120919827,0,False
0731-EBJQB,No,408.0,0,0.01794244513557022,0,0.021970705725699067,0,0.10779883655157779,0,False
1891-QRQSA,No,892.8,0,0.06000894020999333,0,0.06711409395973154,0,0.19601525265929737,0,False
8028-PNXHQ,No,242.5,0,0.006040929372306698,0,0.021970705725699067,0,0.08208288331094522,0,False
5630-AHZIL,No,4450.5,0,0.22705536519290317,0,0.1111111111111111,0,0.270688942273221,0,False
2673-CXQEU,No,1768.0,0,0.1687304270319838,0,0.24344569288389514,0,0.25859175158888803,0,False
6416-JNVRK,No,1446.9,0,0.050294674101020925,0,0.1004566210045662,0,0.2577327130318747,0,False
5590-ZSKRV,No,3497.6,0,0.13416934636531477,0,0.11405835543766578,0,0.2319894107160201,0,False
0191-ZHSKZ,No,3139.5,0,0.23941174473427984,0,0.1111111111111111,0,0.29495890824171345,0,False
3887-PBQAO,No,699.3,0,0.022302799193448013,0,0.021970705725699067,0,0.09857500270724376,0,False
8108-UXRQN,No,3083.55,0,0.3357340605564383,1,0.5242718446601942,0,0.2710643097212035,1,False
9919-YLNNG,No,3114.0,0,0.2599870467259605,0,0.4697986577181208,0,0.28697880310048346,0,False
0318-ZOPWS,No,463.45,0,0.009292166836368116,0,0.021970705725699067,0,0.0933842143593144,0,False
4445-ZJNMU,No,6255.9,1,0.699783812293379,1,0.7912621359223301,0,0.38754105430078584,2,False
4808-YNLEU,No,2299.55,0,0.07157199983261997,0,0.021970705725699067,0,0.21255172246109003,0,False
1862-QRWPE,No,495.6,0,0.00544083969369797,0,0.021970705725699067,0,0.07062199559589366,0,False
2796-NNUFI,No,518.6999999999999,0,0.009029132142225806,0,0.021970705725699067,0,0.08916251894119476,0,False
3016-KSVCP,No,1451.25,0,0.22983550730581856,0,0.1650485436893204,0,0.3033098181330302,0,False
4767-HZZHQ,No,3446.1,0,0.19187119848058576,0,0.29533678756476683,0,0.2735298593727587,0,False
2424-WVHPL,No,5303.7,0,0.4569943951972451,0,0.0,0,0.41775661832609073,0,False
7233-PAHHL,No,504.0,0,0.01895781639636976,0,0.021970705725699067,0,0.14514038870235865,0,False
6067-NGCEU,No,777.35,0,0.2022793063740553,0,0.26666666666666666,0,0.27666527391480183,0,False
9848-JQJTX,No,100.9,0,0.08927592456958863,0,0.06711409395973154,0,0.27196747924445863,0,False
9803-FTJCG,No,66.85,0,0.011429357517058794,0,0.021970705725699067,0,0.14774273024616738,0,False
3212-KXOCR,No,420.0,0,0.005694002365916113,0,0.021970705725699067,0,0.08542108988152491,0,False
6380-ARCEH,No,1434.2,0,0.16116255042100122,0,0.3706896551724138,0,0.15762631659959642,0,False
3679-XASPY,No,1380.95,0,0.19978241993183832,0,0.3706896551724138,0,0.1472544811184237,0,False
7123-WQUHX,No,3230.0,0,0.15076823361741512,0,0.06666666666666667,0,0.24620074726605673,0,False
5386-THSLQ,No,273.29999999999995,0,0.03593560513922351,0,0.1004566210045662,0,0.21635811040832348,0,False
6180-YBIQI,No,1628.1,0,0.3507422524719107,0,0.38461538461538464,0,0.3568770905102936,0,False
6728-DKUCO,No,104.15,0,0.11746309366653919,0,0.0,0,0.2592097399916539,0,False
9750-BOOHV,No,1206.0,0,0.06683969265708409,0,0.021970705725699067,0,0.21322778324908662,0,False
8597-CWYHH,No,2736.15,0,0.22309811402087923,0,0.24344569288389514,0,0.31519603785323347,0,False
2848-YXSMW,No,19.4,0,0.0018503051988118745,0,0.021970705725699067,0,0.07029422932586142,0,False
4549-ZDQYY,No,1159.0,0,0.015147753541601479,0,0.021970705725699067,0,0.16326242960009704,0,False
5712-AHQNN,No,2657.8500000000004,0,0.3233660776008248,0,0.4540540540540541,0,0.3814791810313596,0,False
5256-SKJGO,No,436.8,0,0.030795084318581783,0,0.015384615384615385,0,0.18929067265796434,0,False
3071-VBYPO,No,6199.65,0,0.37517365173988815,1,0.6479591836734694,0,0.32270044621972743,1,False
9560-BBZXK,No,1117.8,0,0.03007098382057279,0,0.021970705725699067,0,0.20466181887368937,0,False
8402-OOOHJ,No,640.15,0,0.00953657724407886,0,0.021970705725699067,0,0.08640869518596894,0,False
9445-ZUEQE,No,3834.0,0,0.24885279669263996,0,0.29533678756476683,0,0.26112942470932515,0,False
1091-SOZGA,No,1596.8,0,0.17827324985579002,0,0.24344569288389514,0,0.2835309430723608,0,False
2928-HLDBA,No,1366.2,0,0.13295054499377768,0,0.11405835543766578,0,0.12125577749404633,0,False
6497-TILVL,No,3295.5,0,0.17523298545047677,0,0.11405835543766578,0,0.2627934220949742,0,False
7219-TLZHO,No,1417.8000000000002,0,0.12013223412033285,0,0.11405835543766578,0,0.1139978414249262,0,False
4622-YNKIJ,No,3469.05,0,0.1093094867488874,0,0.021970705725699067,0,0.2789186657282493,0,False
6734-PSBAW,No,23.55,0,0.005029747617499485,0,0.021970705725699067,0,0.08609786079477785,0,False
3930-ZGWVE,No,1402.25,0,0.18555240835458703,0,0.3706896551724138,0,0.15853021716418556,0,False
2639-UGMAZ,No,56.45,0,0.05978555864230625,0,0.021970705725699067,0,0.2381545378333794,0,False
2876-GZYZC,No,5071.05,1,0.6021157851696306,1,0.7912621359223301,0,0.4587033673069301,2,False
8587-XYZSF,No,252.75,0,0.006701483821528404,0,0.015384615384615385,0,0.20281715299115644,0,False
7799-LGRDP,No,745.3,0,0.016165268778200133,0,0.021970705725699067,0,0.10121729717373612,0,False
7850-VWJUU,No,3675.0,0,0.2749435208162936,0,0.29533678756476683,0,0.34269401137474914,0,False
3774-VBNXY,No,161.6,0,0.002827707976945981,0,0.021970705725699067,0,0.07391709130462833,0,False
6217-KDYWC,No,294.0,0,0.005662591662546421,0,0.021970705725699067,0,0.0956824381386165,0,False
3146-MSEGF,No,88.05,0,0.014473902955277623,0,0.021970705725699067,0,0.13032496181693717,0,False
1095-WGNGG,No,1111.55,0,0.10625779515227722,0,0.06711409395973154,0,0.27657552571495947,0,False
2636-SJDOU,No,674.4,0,0.06742933508200011,0,0.021970705725699067,0,0.24745243579716572,0,False
1131-QQZEB,No,23.95,0,0.004237197065353167,0,0.021970705725699067,0,0.07695656479667877,0,False
5716-EZXZN,No,693.35,0,0.031080896932938692,0,0.06711409395973154,0,0.17363386725716526,0,False
6837-BJYDQ,No,1352.4,0,0.08623446222996715,0,0.021970705725699067,0,0.10939087196963981,0,False
6440-DKQGE,No,2709.0,0,0.06042251539027515,0,0.1004566210045662,0,0.1933835896940339,0,False
3466-BYAVD,No,3961.5,0,0.1844580410478505,0,0.1650485436893204,0,0.23796694815922048,0,False
3780-YVMFA,No,4387.2,0,0.42504703159244644,1,0.5242718446601942,0,0.31797469823228497,1,False
1679-JRFBR,No,216.3,0,0.0971854702047239,0,0.24344569288389514,0,0.20966672066957248,0,False
9073-ZZIAY,No,861.0,0,0.012509133266198466,0,0.021970705725699067,0,0.13516174663379377,0,False
3077-RSNTJ,No,1300.2,0,0.12562077534471075,0,0.11405835543766578,0,0.10200297436203767,0,False
6551-GNYDG,No,4692.200000000001,0,0.4128713104088038,0,0.4697986577181208,0,0.37923091447307766,0,False
9167-APMXZ,No,4207.5,1,0.58165492879963,0,0.29533678756476683,0,0.4091291701487398,1,False
2749-CTKAJ,No,1007.5,0,0.03317452937365479,0,0.021970705725699067,0,0.0811680287503242,0,False
6371-NZYEG,No,3598.0,0,0.046829361536170754,0,0.021970705725699067,0,0.16817837283529313,0,False
7554-NEWDD,No,1593.4,0,0.0452373555056869,0,0.021970705725699067,0,0.0932689651614825,0,False
8992-VONJD,No,3304.0,0,0.19029453132136823,0,0.1111111111111111,0,0.29032905579331536,0,False
4482-EWFMI,No,4879.0,1,0.5633087432710894,0,0.45535714285714285,0,0.4876497950696166,1,False
4648-YPBTM,No,1404.1,0,0.030216379021086422,0,0.015384615384615385,0,0.18736923242624604,0,False
2907-ILJBN,No,1256.6,0,0.053276293501570766,0,0.021970705725699067,0,0.08537053766203317,0,False
6345-FZOQH,No,59.7,0,0.002952518397359561,0,0.021970705725699067,0,0.07720183931534792,0,False
5997-OPVFA,No,89.05,0,0.01580740283354738,0,0.021970705725699067,0,0.13686972681096216,0,False
1159-WFSGR,No,1142.4,0,0.10274031383224418,0,0.1111111111111111,0,0.10744611487639365,0,False
7654-YWJUF,No,2443.25,0,0.08481073455699092,0,0.021970705725699067,0,0.21562555977198475,0,False
6727-IOTLZ,No,4753.1,0,0.0699927804619649,0,0.015384615384615385,0,0.17231116255964843,0,False
5918-VUKWP,No,822.0,0,0.02450067579321646,0,0.021970705725699067,0,0.09176736274250802,0,False
1744-JHKYS,No,938.6,0,0.09064957903376647,0,0.1111111111111111,0,0.12100387556998303,0,False
5947-SGKCL,No,6004.95,0,0.48125738125553225,0,0.4697986577181208,0,0.31944036764455347,0,False
3712-PKXZA,No,226.05,0,0.010360409220453472,0,0.021970705725699067,0,0.10534138291884489,0,False
6582-OIVSP,No,3216.3,0,0.27795685557651884,0,0.43157894736842106,0,0.3861706699739138,0,False
5524-KHNJP,No,2915.25,0,0.06149492792256323,0,0.021970705725699067,0,0.17912545245163272,0,False
4827-USJHP,No,2693.6,0,0.1993272979979606,0,0.1650485436893204,0,0.3143133982289497,0,False
8167-GJLRN,No,2097.6,0,0.35661724355329544,0,0.3939393939393939,0,0.3542374049045924,0,False
0956-SYCWG,No,1159.35,0,0.07621441200664673,0,0.021970705725699067,0,0.10892691961302146,0,False
8017-UVSZU,No,1811.2,0,0.10281767742893841,0,0.1650485436893204,0,0.26953350358068984,0,False
7100-FQPRV,No,2085.1000000000004,0,0.04560948573288109,0,0.021970705725699067,0,0.171453019870926,0,False
2984-RGEYA,No,59.25,0,0.0021384082403610623,0,0.021970705725699067,0,0.07105108331550823,0,False
9680-NIAUV,No,109.7,0,0.03710173037072072,0,0.06711409395973154,0,0.1772899243036219,0,False
2146-EGVDT,No,250.9,0,0.003342535090548307,0,0.021970705725699067,0,0.07102045599393347,0,False
2604-IJPDU,No,5020.599999999999,0,0.39086957510439874,1,0.5551470588235294,0,0.2873501565204554,1,False
9178-JHUVJ,No,1156.8000000000002,0,0.030351251948817513,0,0.021970705725699067,0,0.08309105471207864,0,False
6168-YBYNP,No,1447.55,0,0.30835042368475923,0,0.4540540540540541,0,0.3285215858714217,0,False
7255-SSFBC,No,112.25,0,0.05480577296663687,0,0.06711409395973154,0,0.2003675900507022,0,False
3645-DEYGF,No,1473.25,0,0.13422760836095055,0,0.3706896551724138,0,0.1431001012666736,0,False
9323-HGFWY,No,4585.5,0,0.17824063959303704,0,0.24344569288389514,0,0.2348144253574141,0,False
8544-GOQSH,No,4642.9,0,0.3020067838695804,0,0.29533678756476683,0,0.32795086605322715,0,False
3363-DTIVD,No,105.55,0,0.059233868945204105,0,0.06711409395973154,0,0.23357403970073623,0,False
7018-WBJNK,No,4619.7,1,0.5233520474182344,1,0.6479591836734694,0,0.401071992909293,2,False
9142-KZXOP,No,1927.8,0,0.17177330730904916,0,0.29533678756476683,0,0.35489411315979297,0,False
7674-YTAFD,No,3118.05,0,0.12507150532174408,0,0.1004566210045662,0,0.24675580639863662,0,False
6348-SNFUS,No,55.45,0,0.008374582936224832,0,0.021970705725699067,0,0.12352368780234729,0,False
1347-KTTTA,No,819.6,0,0.10329927975309987,0,0.24344569288389514,0,0.22374591288427972,0,False
4195-NZGTA,No,1792.75,0,0.4404569347268005,0,0.43157894736842106,0,0.4007504463842336,0,False
7157-SMCFK,No,217.25,0,0.0032128474115167226,0,0.021970705725699067,0,0.08100996103296264,0,False
4709-LKHYG,No,860.0,0,0.03389398784753771,0,0.021970705725699067,0,0.08586783011526199,0,False
2504-DSHIH,No,4253.2,1,0.5000161939729039,1,0.5551470588235294,0,0.4068905383466205,2,False
0699-NDKJM,No,881.25,0,0.11049972351841959,0,0.11405835543766578,0,0.2193266648738994,0,False
9286-BHDQG,No,45.25,0,0.003765638000596147,0,0.021970705725699067,0,0.11811194326791113,0,False
0230-WEQUW,No,339.6,0,0.012992785721160144,0,0.021970705725699067,0,0.13748898619498162,0,False
2040-LDIWQ,No,589.4,0,0.022111948963052942,0,0.015384615384615385,0,0.16769500035843474,0,False
6496-JDSSB,No,5120.0,0,0.49189956901348014,1,0.6479591836734694,0,0.44885615559448283,1,False
4443-EMBNA,No,24.75,0,0.0035795627570952013,0,0.021970705725699067,0,0.07320098706273101,0,False
6469-MRVET,No,1434.2,0,0.13619600766187265,0,0.021970705725699067,0,0.13357354129991758,0,False
5961-VUSRV,No,1161.0,0,0.07783024401723058,0,0.021970705725699067,0,0.11935968112418281,0,False
6778-JFCMK,No,2428.8,0,0.19087491331049003,0,0.021970705725699067,0,0.23032768090986186,0,False
6341-JVQGF,No,3327.15,0,0.06707477112307303,0,0.021970705725699067,0,0.16324718136074257,0,False
4811-JBUVU,No,3775.8,0,0.35133140714795824,0,0.4697986577181208,0,0.3297845941455645,0,False
0945-TSONX,No,2132.5,0,0.026145672185690094,0,0.021970705725699067,0,0.139742793356336,0,False
2651-ZCBXV,No,1944.0,0,0.0702342918434093,0,0.06711409395973154,0,0.2029239912309961,0,False
3316-UWXUY,No,2057.0,0,0.13731869166935892,0,0.4697986577181208,0,0.24257958349879533,0,False
7083-MIOPC,No,20.25,0,0.0022944596758338437,0,0.021970705725699067,0,0.08450232759684695,0,False
1984-GPTEH,No,1081.45,0,0.09919988616136144,0,0.1111111111111111,0,0.1317475911670043,0,False
0621-JFHOL,No,1835.2,0,0.12297662095194893,0,0.015384615384615385,0,0.2537417077991014,0,False
9903-LYSAB,No,3950.1,1,0.5268135437260233,1,0.5551470588235294,0,0.4274496114044832,2,False
9227-UAQFT,No,1106.0,0,0.02855126556192419,0,0.021970705725699067,0,0.08892624247210819,0,False
7301-ABVAD,No,86.6,0,0.01573392912985619,0,0.015384615384615385,0,0.16414438854646995,0,False
6614-FHDBO,No,109.2,0,0.047930510501934816,0,0.06711409395973154,0,0.2127623744700053,0,False
7576-ASEJU,No,2315.7000000000003,0,0.047393020369515766,0,0.021970705725699067,0,0.1689219880727064,0,False
9058-HRZSV,No,660.8000000000001,0,0.14385659286314081,0,0.25,0,0.29295578846352793,0,False
4522-AKYLR,No,3233.2,0,0.31163416959386087,0,0.1111111111111111,0,0.3673303569687782,0,False
0221-WMXNQ,No,5123.799999999999,0,0.42394591891467787,0,0.45535714285714285,0,0.3971287387239944,0,False
0303-UNCIP,No,2015.0,0,0.08432270933825786,0,0.375,0,0.24183810534756364,0,False
0959-WHOKV,No,2970.0,0,0.2554469455509678,0,0.24344569288389514,0,0.2821914146943114,0,False
4075-JFPGR,No,1963.5,0,0.14926964088146455,0,0.021970705725699067,0,0.2712682513195627,0,False
3282-ZISZV,No,3348.0,0,0.07261388186788216,0,0.1004566210045662,0,0.1698278926072051,0,False
3675-YDUPJ,No,1230.7,0,0.15845490476357366,0,0.11405835543766578,0,0.1394763176825966,0,False
4111-BNXIF,No,297.75,0,0.02927427807002302,0,0.015384615384615385,0,0.1712831105257785,0,False
7017-VFHAY,No,1266.1,0,0.03479485935800395,0,0.06711409395973154,0,0.14371978095643959,0,False
6655-LHBYW,No,2515.7,0,0.09917444520745128,0,0.24344569288389514,0,0.18922576919851203,0,False
5046-NUHWD,No,1935.0,0,0.2920120177744929,0,0.16666666666666666,0,0.2949485332580895,0,False
7529-ZDFXI,No,1347.75,0,0.41782171803283547,0,0.4540540540540541,0,0.39209856345098665,0,False
7605-BDWDC,No,2043.85,0,0.04363870646923988,0,0.021970705725699067,0,0.16229296225716247,0,False
1950-KSVVJ,No,3059.1,0,0.11636526362578034,0,0.24344569288389514,0,0.18344429144297936,0,False
0123-CRBRT,No,969.1,0,0.013666099622810662,0,0.021970705725699067,0,0.1224696601067731,0,False
6292-TOSSS,No,547.8,0,0.008693699311157672,0,0.021970705725699067,0,0.08296068954409713,0,False
3197-ARFOY,No,5565.0,0,0.42276016100842934,0,0.4697986577181208,0,0.28367619735951427,0,False
7014-ZZXAW,No,24.25,0,0.004971326696996381,0,0.021970705725699067,0,0.08752516104442798,0,False
7633-MVPUY,No,896.25,0,0.013523590993068175,0,0.021970705725699067,0,0.1696581490774149,0,False
4716-HHKQH,No,5566.599999999999,0,0.47305023866971374,1,0.5551470588235294,0,0.32399601933860595,1,False
3179-GBRWV,No,3312.4500000000003,0,0.22495239568202396,0,0.11405835543766578,0,0.2512455889186363,0,False
8645-KWHJO,No,3190.0,0,0.4355862371490527,1,0.5242718446601942,0,0.32909080309885796,1,False
4130-MZLCC,No,3386.85,0,0.21647651892813663,0,0.38461538461538464,0,0.31963303785937297,0,False
0314-TKOSI,No,3639.9,0,0.1647183655042759,0,0.11405835543766578,0,0.27204428518572304,0,False
8229-MYEJZ,No,3174.4,0,0.2457616887551245,0,0.1111111111111111,0,0.3441092065567073,0,False
2080-SRCDE,No,1803.4,0,0.1647116297303648,0,0.1111111111111111,0,0.13545273776456676,0,False
9577-WJVCQ,No,217.8,0,0.0339680076273697,0,0.11405835543766578,0,0.25954220380452064,0,False
6202-DYYFX,No,3800.0,0,0.278776864718028,0,0.1004566210045662,0,0.3308954137886275,0,False
3808-HFKDE,No,2306.2000000000003,0,0.27272144025886164,0,0.16666666666666666,0,0.38397758357275685,0,False
3727-OWVYD,No,2264.4,0,0.03569532914498381,0,0.021970705725699067,0,0.17986377268139445,0,False
2294-SALNE,No,4253.2,0,0.10458292433785178,0,0.13043478260869565,0,0.1949442088895862,0,False
4847-TAJYI,No,5897.099999999999,1,0.6619422063631226,1,0.6479591836734694,0,0.48508798864890634,2,False
1563-IWQEX,No,1182.0,0,0.10864802835205442,0,0.11405835543766578,0,0.1188754775311322,0,False
8203-XJZRC,No,1437.75,0,0.16108695641737814,0,0.3706896551724138,0,0.15238847570552028,0,False
6556-DBKZF,No,76.05,0,0.029722223456867612,0,0.015384615384615385,0,0.2715246801440358,0,False
6851-WEFYX,No,3729.6,1,0.555180183498924,0,0.4540540540540541,0,0.4219546803062599,1,False
2985-JUUBZ,No,2385.6,0,0.2685524009047701,0,0.16666666666666666,0,0.32432976362966154,0,False
0895-LMRSF,No,3180.1000000000004,0,0.20648705160178318,0,0.1004566210045662,0,0.2785491802768626,0,False
8266-VBFQL,No,6147.200000000001,1,0.6489037566846444,1,0.6479591836734694,0,0.41636254999955236,2,False
8181-YHCMF,No,241.2,0,0.013102776106116805,0,0.015384615384615385,0,0.14009816010303788,0,False
2240-HSJQD,No,2782.9,0,0.2631274699837024,0,0.29533678756476683,0,0.33302815389406626,0,False
1248-DYXUB,No,496.0,0,0.006841034706894588,0,0.021970705725699067,0,0.07021554256592646,0,False
4115-BNPJY,No,3248.65,0,0.040904610201423795,0,0.015384615384615385,0,0.16719021949815224,0,False
3167-SNQPL,No,3439.1000000000004,0,0.3924443579958626,0,0.4540540540540541,0,0.3443024514612725,0,False
4091-TVOCN,No,1890.0,0,0.06780684292442295,0,0.021970705725699067,0,0.20946679223384518,0,False
1098-TDVUQ,No,1366.75,0,0.19827497408320938,0,0.3706896551724138,0,0.1716752413276675,0,False
7277-OZCGZ,No,4452.5,0,0.41375097222343055,1,0.5551470588235294,0,0.33567106837503535,1,False
1557-EMYVT,No,3336.45,0,0.06399288353184045,0,0.06711409395973154,0,0.17515876113206855,0,False
2799-ARNLO,No,4646.45,1,0.5771829934045585,0,0.45535714285714285,0,0.4673425455530995,1,False
5027-YOCXN,No,2311.05,0,0.08673076660210913,0,0.24344569288389514,0,0.16808940224591748,0,False
3973-SKMLN,No,19.9,0,0.0034441095728781857,0,0.021970705725699067,0,0.09754559798853087,0,False
6745-JEFZB,No,3385.5,0,0.3242005614525867,0,0.29533678756476683,0,0.3176298679393963,0,False
9880-TDQAC,No,60.0,0,0.02385171840897667,0,0.015384615384615385,0,0.17197047796029732,0,False
8705-WZCYL,No,3180.8,0,0.4110234271806342,1,0.5932203389830508,0,0.44261564853759827,1,False
7102-JJVTX,No,3061.8,0,0.08354903767853475,0,0.021970705725699067,0,0.2092638499874261,0,False
8626-PTQGE,No,180.15,0,0.01625333510689544,0,0.021970705725699067,0,0.16137885609878527,0,False
4983-CLMLV,No,2054.0,0,0.3187171022167441,0,0.26666666666666666,0,0.27924554071543223,0,False
5701-YVSVF,No,5056.900000000001,1,0.5157835569338572,1,0.6479591836734694,0,0.4094656972172136,2,False
5697-GOMBF,No,1579.6,0,0.3297027726377161,0,0.16666666666666666,0,0.3356247427939651,0,False
2739-CACDQ,No,4545.75,0,0.46003937850783233,0,0.29533678756476683,0,0.39426545371057836,0,False
9385-EHGDO,No,734.45,0,0.01464214516867071,0,0.021970705725699067,0,0.08916251894119476,0,False
9498-FIMXL,No,1228.8,0,0.09616720604402396,0,0.021970705725699067,0,0.11797034382450557,0,False
2379-GYFLQ,No,2467.4,0,0.1906199950663196,0,0.06666666666666667,0,0.28325727120391697,0,False
2088-IEBAU,No,352.6,0,0.02700923405569489,0,0.021970705725699067,0,0.17676371151730064,0,False
7982-VCELR,No,3412.8,0,0.35010186645745617,0,0.4697986577181208,0,0.3484081951949801,0,False
6035-BXTTY,No,2186.0,0,0.08642258391429826,0,0.1650485436893204,0,0.2465831712811455,0,False
6885-PKOAM,No,85.75,0,0.011394172908379128,0,0.021970705725699067,0,0.12514393917141753,0,False
7520-HQWJU,No,404.7000000000001,0,0.038338105195828504,0,0.11405835543766578,0,0.2074743316415847,0,False
9639-BUJXT,No,184.5,0,0.007134616526058102,0,0.021970705725699067,0,0.0929865261302235,0,False
5924-SNGKP,No,627.75,0,0.019102073189746004,0,0.021970705725699067,0,0.10191797156732119,0,False
0021-IKXGC,No,5119.099999999999,1,0.6602520042555424,1,0.888268156424581,1,0.5072553745880453,3,True
8966-SNIZF,No,38.9,0,0.0025439101478214447,0,0.021970705725699067,0,0.07636237902031062,0,False
6243-OZGFH,No,2202.55,0,0.436361204850099,0,0.16666666666666666,0,0.37256907984008064,0,False
4654-DLAMQ,No,776.0,0,0.06130238425713042,0,0.24344569288389514,0,0.2145869729396569,0,False
0513-RBGPE,No,2198.0,0,0.022986938298271205,0,0.021970705725699067,0,0.13949302462937635,0,False
5160-UXJED,No,2453.0,0,0.08983585575923406,0,0.13043478260869565,0,0.24563102533035494,0,False
4115-NZRKS,No,5794.75,1,0.7860179361920878,1,0.6479591836734694,0,0.48771656007747777,2,False
3351-NGXYI,No,3029.6,0,0.3066227207194963,1,0.5242718446601942,0,0.34717006157230523,1,False
8984-EYLLL,No,842.0,0,0.11305898901304558,0,0.06711409395973154,0,0.259356801740874,0,False
9833-TGFHX,No,2913.0,0,0.19208724156733872,0,0.24344569288389514,0,0.26165298306462925,0,False
9294-TDIPC,No,1353.4,0,0.11718779005253495,0,0.11405835543766578,0,0.11637209731417215,0,False
5229-DTFYB,No,3062.8,0,0.0989105615880126,0,0.06711409395973154,0,0.2429662704423709,0,False
0104-PPXDV,No,704.1999999999999,0,0.024470566249208663,0,0.1004566210045662,0,0.2202245568929974,0,False
5176-LMJXE,No,513.75,0,0.010571212417186568,0,0.021970705725699067,0,0.1025240476266412,0,False
3583-KRKMD,No,4098.6,0,0.3145216868027991,0,0.29533678756476683,0,0.3458299413404717,0,False
9069-LGEUL,No,2937.55,0,0.18473619988387505,0,0.11405835543766578,0,0.26060420152680314,0,False
7302-ZHMHP,No,1359.65,0,0.15970529655341537,0,0.3706896551724138,0,0.15674611317464845,0,False
9571-EDEBV,No,98.65,0,0.1581237461508498,0,0.0,0,0.3012837344803561,0,False
3520-FJGCV,No,112.6,0,0.03886205976687527,0,0.06711409395973154,0,0.15570436943933097,0,False
6563-VRERX,No,803.4000000000001,0,0.020972392903966273,0,0.021970705725699067,0,0.08046635137082482,0,False
6122-EFVKN,No,1716.0,0,0.030283116139324426,0,0.021970705725699067,0,0.16558347319692243,0,False
2805-EDJPQ,No,1596.0,0,0.0992867037089394,0,0.24344569288389514,0,0.21522249095383392,0,False
6862-CQUMB,No,3363.5,0,0.34598792121976757,0,0.4697986577181208,0,0.34671612409053343,0,False
7156-MXBJE,No,2467.9,0,0.0643211830717549,0,0.1004566210045662,0,0.18165543343137083,0,False
6158-HDPXZ,No,1799.85,0,0.4769250349295476,0,0.43157894736842106,0,0.3769903098254628,0,False
2863-IMQDR,No,986.15,0,0.021378622781189772,0,0.021970705725699067,0,0.1579264188142228,0,False
5686-CMAWK,No,4771.25,0,0.24897620168751977,0,0.1004566210045662,0,0.2827359702670876,0,False
5651-CRHKQ,No,2672.2000000000003,0,0.09851407777380632,0,0.1004566210045662,0,0.23060836726780554,0,False
8204-YJCLA,No,64.8,0,0.013973761905672274,0,0.021970705725699067,0,0.12834720628030313,0,False
6583-SZVGP,No,2594.4,0,0.1624749051218257,0,0.06711409395973154,0,0.27798566205162634,0,False
1708-PBBOA,No,1642.5,0,0.0762314102890552,0,0.021970705725699067,0,0.18619623426748574,0,False
8782-LKFPK,No,2531.2000000000003,0,0.3524922485442205,0,0.4697986577181208,0,0.38592660269951506,0,False
5522-JBWMO,No,3124.0,0,0.3005978463714141,0,0.43157894736842106,0,0.39944162771306935,0,False
3597-MVHJT,No,4302.0,0,0.4908639200563076,0,0.4697986577181208,0,0.40255006623028955,0,False
9774-NRNAU,No,3816.0,0,0.25711587638325184,0,0.1650485436893204,0,0.23662812543459016,0,False
0224-RLWWD,No,3101.0,0,0.4285638336673088,1,0.6666666666666666,0,0.45088201784131393,1,False
9967-ATRFS,No,1054.6999999999998,0,0.0839217068267633,0,0.11405835543766578,0,0.11662219490050708,0,False
3951-NJCVI,No,2851.5,1,0.5130925823934231,0,0.4540540540540541,0,0.4309906854849782,1,False
2977-CEBSX,No,540.3,0,0.01819842367149833,0,0.021970705725699067,0,0.14882191113283738,0,False
0177-PXBAT,No,4286.1,0,0.35141302290846005,0,0.4697986577181208,0,0.2712147834947848,0,False
2519-ERQOJ,No,2129.4,0,0.32953357432861624,0,0.16666666666666666,0,0.30969423741667,0,False
5876-QMYLD,No,982.45,0,0.030966503097696333,0,0.021970705725699067,0,0.08075845105719265,0,False
2277-AXSDC,No,790.0,0,0.02461685652134897,0,0.021970705725699067,0,0.09199623598194463,0,False
9442-JTWDL,No,1223.05,0,0.05696355577533251,0,0.021970705725699067,0,0.09668160576314938,0,False
3067-SVMTC,No,223.6,0,0.008735359076360145,0,0.021970705725699067,0,0.16398660038538446,0,False
5495-GPSRW,No,1024.4,0,0.03581179737884921,0,0.021970705725699067,0,0.10424851234831488,0,False
7606-BPHHN,No,19.8,0,0.0033728410496874674,0,0.021970705725699067,0,0.09754559798853087,0,False
4742-DRORA,No,1144.8000000000002,0,0.0990566565768946,0,0.06666666666666667,0,0.24252133345730045,0,False
0111-KLBQG,No,3758.0,0,0.3727461701528372,0,0.4697986577181208,0,0.327145395069224,0,False
4163-NCJAK,No,635.6999999999999,0,0.027079362799920563,0,0.021970705725699067,0,0.10660342821568523,0,False
5233-AOZUF,No,3222.85,0,0.4448642354606482,1,0.5551470588235294,0,0.4245052293175812,1,False
5973-EJGDP,No,1834.35,0,0.23699230616756198,0,0.4540540540540541,0,0.32513060349345935,0,False
1996-DBMUS,No,1695.6,0,0.2325798387923704,0,0.29533678756476683,0,0.3907102339312854,0,False
7916-VCCPB,No,4102.0,0,0.2616343043481245,0,0.29533678756476683,0,0.30573062345891955,0,False
4686-GEFRM,No,197.4,0,0.05091721266831678,0,0.06711409395973154,0,0.21274042816058325,0,False
5249-QYHEX,No,793.6,0,0.016247403691071235,0,0.021970705725699067,0,0.08899706220319643,0,False
2233-FAGXV,No,1628.1,0,0.19481735500260078,0,0.11405835543766578,0,0.12166537002076952,0,False
5605-IYGFG,No,4540.25,0,0.45164188226522456,0,0.45535714285714285,0,0.44316129710881724,0,False
7663-ZTEGJ,No,4323.65,0,0.1347494712903,0,0.24344569288389514,0,0.20916726347289413,0,False
3935-TBRZZ,No,719.6,0,0.018023433397533265,0,0.021970705725699067,0,0.07981583394318639,0,False
8111-BKVDS,No,2523.4,0,0.19985598338810745,0,0.11405835543766578,0,0.24676437482720115,0,False
2055-SIFSS,No,878.05,0,0.08087205610815511,0,0.1650485436893204,0,0.31098649546575713,0,False
2806-MLNTI,No,2102.0,0,0.23825897485237885,0,0.24344569288389514,0,0.287576998799699,0,False
8734-DKSTZ,No,5328.900000000001,1,0.5016883846387337,1,0.7912621359223301,0,0.40468426807892116,2,False
4360-PNRQB,No,4082.4,1,0.55332661877803,0,0.29533678756476683,0,0.40702281194460604,1,False
6152-ONASV,No,233.0,0,0.012342331648635615,0,0.021970705725699067,0,0.16175711126406178,0,False
7781-HVGMK,No,65.2,0,0.011535030563840738,0,0.021970705725699067,0,0.122947545102268,0,False
2181-UAESM,No,3741.5,0,0.25674924787529646,0,0.43157894736842106,0,0.3313909652992026,0,False
6048-NJXHX,No,612.25,0,0.02015536729408226,0,0.021970705725699067,0,0.10265055385692469,0,False
2320-SLKMB,No,2044.7,0,0.22713631849038754,0,0.1650485436893204,0,0.26811658957659906,0,False
4980-URKXC,No,750.6,0,0.021491346673550352,0,0.021970705725699067,0,0.08760636658676402,0,False
4376-KFVRS,No,114.05,0,0.04221508677882466,0,0.06711409395973154,0,0.15608898482394634,0,False
5886-VLQVU,No,3324.45,0,0.3318930954126244,0,0.4697986577181208,0,0.3184346618522767,0,False
3577-AMVUX,No,3908.55,0,0.21758211054775928,0,0.3939393939393939,0,0.3200112537278268,0,False
0771-WLCLA,No,6325.2,0,0.43064791384870393,1,0.5551470588235294,0,0.29043708357281917,1,False
5628-RKIFK,No,2335.65,0,0.25603566469834116,0,0.4697986577181208,0,0.3227530639772284,0,False
0206-TBWLC,No,2063.7000000000003,0,0.1277450866004649,0,0.24344569288389514,0,0.2001155063648086,0,False
2937-FTHUR,No,3499.2,0,0.2160937649745659,0,0.16666666666666666,0,0.2798861284735793,0,False
1910-FMXJM,No,2894.4,0,0.32860504196789847,1,0.5551470588235294,0,0.39376964546659293,1,False
0732-OCQOC,No,501.0,0,0.009120349956178478,0,0.021970705725699067,0,0.08428515125299213,0,False
5168-MSWXT,No,6064.0,1,0.5778089685889812,1,0.6479591836734694,0,0.4067074271913249,2,False
1090-ESELR,No,105.5,0,0.019786231165091657,0,0.06711409395973154,0,0.16146069669779867,0,False
8592-PLTMQ,No,197.6,0,0.009493690975471201,0,0.021970705725699067,0,0.09260349505688258,0,False
5760-WRAHC,No,3487.5,0,0.1633061611277382,0,0.11405835543766578,0,0.2409268605026514,0,False
8847-GEOOQ,No,722.4000000000001,0,0.10564371143798731,0,0.1650485436893204,0,0.20906016876891959,0,False
4785-FCIFB,No,268.4,0,0.005748596877068984,0,0.021970705725699067,0,0.07438686896005779,0,False
8313-NDOIA,No,4999.200000000001,1,0.5548269260319258,1,0.5551470588235294,0,0.395469183248156,2,False
5149-CUZUJ,No,4087.6,0,0.1166790570042605,0,0.1004566210045662,0,0.19106331993657105,0,False
0942-KOWSM,No,3393.6,0,0.03228322497452119,0,0.015384615384615385,0,0.14843798169921535,0,False
4237-CLSMM,No,1400.0,0,0.1815332948609094,0,0.1111111111111111,0,0.1254765449469715,0,False
1452-VOQCH,No,5332.099999999999,1,0.6307254022391441,1,0.888268156424581,1,0.5013656875367293,3,True
4719-UMSIY,No,1296.9,0,0.11372343720588857,0,0.11405835543766578,0,0.1139032067539829,0,False
6614-VBEGU,No,3333.6000000000004,0,0.2515354641424427,0,0.1650485436893204,0,0.2843510189093617,0,False
1480-BKXGA,No,116.05,0,0.056875166033862154,0,0.06711409395973154,0,0.18567649935419037,0,False
2996-XAUVF,No,80.1,0,0.017980448674671953,0,0.015384615384615385,0,0.2198230008854625,0,False
9076-AXYIK,No,816.8,0,0.10361664228912357,0,0.06711409395973154,0,0.2587734133625325,0,False
5968-XQIVE,No,89.7,0,0.12399794832325046,0,0.1004566210045662,0,0.3071508552028665,0,False
8896-RAZCR,No,557.1999999999999,0,0.006673912342463159,0,0.021970705725699067,0,0.08141381371407805,0,False
4933-IKULF,No,1135.75,0,0.05517110529288238,0,0.021970705725699067,0,0.09865081706253483,0,False
1304-BCCFO,No,4413.15,0,0.37981816505956095,0,0.1650485436893204,0,0.34605857425410497,0,False
4104-PVRPS,No,2572.8,0,0.08681094999824758,0,0.11405835543766578,0,0.2035571760157526,0,False
3780-DDGSE,No,2813.85,0,0.23010767350881797,0,0.1111111111111111,0,0.2516780330020717,0,False
4431-EDMIQ,No,4920.5,0,0.2020200402336482,0,0.1111111111111111,0,0.22969225312199842,0,False
0486-LGCCH,No,1198.65,0,0.02901851556999057,0,0.021970705725699067,0,0.07685825948592155,0,False
4612-SSVHJ,No,4235.400000000001,1,0.5242019100319671,1,0.5551470588235294,0,0.44360302760780335,2,False
5168-MQQCA,No,108.5,0,0.11714335654529011,0,0.0,0,0.22672637216366254,0,False
7971-HLVXI,No,84.5,0,0.0575278286317739,0,0.015384615384615385,0,0.2800073824258287,0,False
9094-AZPHK,No,5708.55,1,0.6045046811835991,1,0.5551470588235294,0,0.41347261438822774,2,False
3649-JPUGY,No,88.6,0,0.02231049912168881,0,0.015384615384615385,0,0.1845417379989254,0,False
4472-LVYGI,No,3783.6,0,0.1363661732201093,0,0.021970705725699067,0,0.1618657337526369,0,False
3552-CTCYF,No,943.2,0,0.08927696144982922,0,0.06711409395973154,0,0.24434264731784985,0,False
6778-YSNIH,No,4130.0,0,0.4128924109258703,1,0.5932203389830508,0,0.38173530161299646,1,False
5756-OZRIO,No,704.55,0,0.04505510899989836,0,0.1004566210045662,0,0.23047301278383503,0,False
6579-JPICP,No,1448.4,0,0.1608602763068793,0,0.3706896551724138,0,0.15285670660253026,0,False
4134-BSXLX,No,2679.6,0,0.06685984177838095,0,0.11405835543766578,0,0.17973106838668645,0,False
0505-SPOOW,No,39.6,0,0.002578504094363772,0,0.021970705725699067,0,0.07661856276589366,0,False
4374-YMUSQ,No,4417.5,0,0.13416107509240974,0,0.24344569288389514,0,0.19078889559017204,0,False
4513-CXYIX,No,80.7,0,0.039030919642395794,0,0.021970705725699067,0,0.25730577832275103,0,False
3957-HHLMR,No,130.4,0,0.017657207886972146,0,0.021970705725699067,0,0.1763606180187951,0,False
7803-XOCCZ,No,1681.0,0,0.09896658025671819,0,0.08108108108108109,0,0.24058449091150916,0,False
5736-YEJAX,No,238.35,0,0.009413666876702427,0,0.021970705725699067,0,0.1420280588662042,0,False
8981-FJGLA,No,4758.0,0,0.45183294184595346,1,0.6363636363636364,0,0.3891458765326003,1,False
1135-LMECX,No,1409.35,0,0.1586563398585131,0,0.3706896551724138,0,0.1538944220622331,0,False
4332-MUOEZ,No,4903.599999999999,0,0.13591533531723354,0,0.24344569288389514,0,0.1930995816293179,0,False
8535-SFUTN,No,1170.95,0,0.30429140500434015,0,0.25,0,0.37132047407438007,0,False
8677-HDZEE,No,1687.2,0,0.25187480117224115,0,0.26666666666666666,0,0.29365384233618835,0,False
2475-MROZF,No,3990.0,0,0.20933023430272654,0,0.29533678756476683,0,0.23668819621369572,0,False
3482-ABPKK,No,2389.2,0,0.03857840810599389,0,0.021970705725699067,0,0.18000900848544102,0,False
6705-LXORM,No,4693.349999999999,1,0.6249329204942238,0,0.45535714285714285,0,0.4451799200343419,1,False
7531-GQHME,No,1203.0,0,0.1131254851480125,0,0.11405835543766578,0,0.11414313930691264,0,False
5174-ITUMV,No,527.0,0,0.18140404423798162,0,0.24344569288389514,0,0.28749974785995125,0,False
4109-CYRBD,No,2218.8,0,0.29427451659997506,0,0.16666666666666666,0,0.36531896669661057,0,False
0913-XWSCN,No,1453.5,0,0.22033604200705453,0,0.08108108108108109,0,0.33045536108185286,0,False
0750-EBAIU,No,1825.0,0,0.10837190103797022,0,0.021970705725699067,0,0.274239448470115,0,False
8606-CIQUL,No,115.75,0,0.04500807209053219,0,0.06711409395973154,0,0.16200515221479755,0,False
3571-DPYUH,No,1325.8,0,0.10186054389647313,0,0.06666666666666667,0,0.22181892553639618,0,False
7601-GNDYK,No,725.2,0,0.01038139560439517,0,0.021970705725699067,0,0.07313264349314404,0,False
0356-OBMAC,No,1598.4,0,0.08088253173829038,0,0.06711409395973154,0,0.24470592476392036,0,False
8067-NIOYM,No,1012.8,0,0.02094207474806589,0,0.021970705725699067,0,0.08555267453223965,0,False
1403-GYAFU,No,40.1,0,0.00202181835076856,0,0.021970705725699067,0,0.07074943867347583,0,False
4234-XTNEA,No,5596.5,1,0.6140764275959254,1,0.6479591836734694,0,0.4925007962366978,2,False
1297-VQDRP,No,428.6,0,0.12754930975483048,0,0.24344569288389514,0,0.23861592890134642,0,False
5348-CAGXB,No,5373.0,1,0.6020707898364208,1,0.7912621359223301,0,0.4558048089758476,2,False
0621-HJWXJ,No,733.9499999999999,0,0.16781593222234248,0,0.08108108108108109,0,0.3413317637051212,0,False
5844-QVTAT,No,2279.55,0,0.04508764781438934,0,0.021970705725699067,0,0.17148043775254357,0,False
8905-IAZPF,No,286.95000000000005,0,0.1144852299059222,0,0.24344569288389514,0,0.2839381783753289,0,False
5394-MEITZ,No,967.2,0,0.01879196970355179,0,0.015384615384615385,0,0.16394352403878135,0,False
6859-QNXIQ,No,113.1,0,0.03951066214567779,0,0.06711409395973154,0,0.16383776069896652,0,False
2782-LFZVW,No,3595.9500000000003,0,0.4696175886194025,0,0.1650485436893204,0,0.36034000409365824,0,False
2866-IKBTM,No,1388.05,0,0.15910548332604857,0,0.3706896551724138,0,0.15674611317464845,0,False
7129-AZJDE,No,3000.1,0,0.18934086135619504,0,0.1004566210045662,0,0.29912683006884355,0,False
2560-PPCHE,No,735.35,0,0.12617557407598773,0,0.24344569288389514,0,0.24893427834826962,0,False
4676-MQUEA,No,2241.8,0,0.15492904151525375,0,0.06666666666666667,0,0.24198496878085718,0,False
8138-EALND,No,1125.75,0,0.09999033461275705,0,0.11405835543766578,0,0.1159023332280049,0,False
3580-HYCSP,No,110.3,0,0.052736792953149834,0,0.06711409395973154,0,0.19900168107627939,0,False
1352-HNSAW,No,115.6,0,0.03809917789683676,0,0.06711409395973154,0,0.16383776069896652,0,False
2075-PUEPR,No,328.95000000000005,0,0.004138045796066733,0,0.021970705725699067,0,0.07134014690149547,0,False
1982-FEBTD,No,1254.4,0,0.029266377550890652,0,0.021970705725699067,0,0.08541623290846691,0,False
5791-KAJFD,No,1100.0,0,0.040608215119993296,0,0.021970705725699067,0,0.18757085919942199,0,False
2654-VBVPB,No,1412.9,0,0.15085147103484992,0,0.3706896551724138,0,0.15047886113113446,0,False
1154-HYWWO,No,2400.4,0,0.03238293904521688,0,0.021970705725699067,0,0.16477801334371886,0,False
2501-XWWTZ,No,4282.2,1,0.540871065575987,0,0.45535714285714285,0,0.42814680308624437,1,False
3716-UVSPD,No,3500.3,0,0.34143561586590226,0,0.3939393939393939,0,0.3800539131660867,0,False
6815-ABQFQ,No,1716.0,0,0.2494664434223765,0,0.24344569288389514,0,0.2808156583317706,0,False
7343-EOBEU,No,1628.4,0,0.24688681902400117,0,0.1111111111111111,0,0.1419255626727177,0,False
3701-SFMUH,No,4530.5,0,0.2116885060318135,0,0.11405835543766578,0,0.24690729536451012,0,False
6103-LIANB,No,1293.5,0,0.10519454726268432,0,0.06711409395973154,0,0.2616460192207004,0,False
7319-VENRZ,No,4179.5,0,0.21199728479757882,0,0.1650485436893204,0,0.2758223551443672,0,False
5846-NEQVZ,No,70.85,0,0.006953654127197964,0,0.021970705725699067,0,0.1364164036866841,0,False
6967-QIQRV,No,5808.3,0,0.2078354793232625,0,0.24344569288389514,0,0.23077858238915464,0,False
5781-RFZRP,No,73.5,0,0.007854548494548676,0,0.021970705725699067,0,0.13843201457868112,0,False
0308-IVGOK,No,2464.4,0,0.1546075921906548,0,0.1004566210045662,0,0.22264406212240664,0,False
7293-LSCDV,No,231.0,0,0.00441615465390047,0,0.021970705725699067,0,0.08589379006208248,0,False
7025-WCBNE,No,1490.0,0,0.020535801819693285,0,0.015384615384615385,0,0.20302458167661105,0,False
5756-JYOJT,No,3958.900000000001,0,0.10833946156712317,0,0.1004566210045662,0,0.2224504655408364,0,False
6030-REHUX,No,4877.4,0,0.49940471239651735,0,0.4540540540540541,0,0.32610993081915646,0,False
9548-LIGTA,No,891.55,0,0.01622334881536594,0,0.021970705725699067,0,0.1506237102174889,0,False
5150-LJNSR,No,4020.05,0,0.14267173032499872,0,0.06666666666666667,0,0.21638023111526736,0,False
8270-RKSAP,No,4441.5,1,0.5176544648685885,0,0.45535714285714285,0,0.47288273125933133,1,False
6522-YRBXD,No,3498.35,0,0.39948948331439976,0,0.25,0,0.33486731800848957,0,False
2640-LYMOV,No,1375.5,0,0.20425605732414492,0,0.1111111111111111,0,0.14987381001394773,0,False
1423-BMPBQ,No,1349.0,0,0.1793062676408082,0,0.3706896551724138,0,0.15921966669161827,0,False
2393-DIVAI,No,1380.0,0,0.1941520537275061,0,0.1111111111111111,0,0.14945599387670744,0,False
4568-KNYWR,No,1265.0,0,0.01999349420251339,0,0.021970705725699067,0,0.19622633418535212,0,False
8752-IMQOS,No,1346.7,0,0.06589202555814674,0,0.021970705725699067,0,0.09493025705041883,0,False
0742-LAFQK,No,99.15,0,0.06931673530990606,0,0.06711409395973154,0,0.2494507692048726,0,False
0795-LAFGP,No,90.4,0,0.014321462931216108,0,0.021970705725699067,0,0.13366195029402245,0,False
0619-OLYUR,No,111.9,0,0.05288941581872118,0,0.06711409395973154,0,0.18666581388012563,0,False
5512-IDZEI,No,647.4,0,0.023000972860940532,0,0.021970705725699067,0,0.08945925658469876,0,False
0459-SPZHJ,No,751.5,0,0.01617080453772492,0,0.021970705725699067,0,0.1497809142350855,0,False
0215-BQKGS,No,3540.6,0,0.21099200359820017,0,0.29533678756476683,0,0.27604187779730216,0,False
9244-ZVAPM,No,3237.6,0,0.2816439123542942,0,0.43157894736842106,0,0.3826138480285459,0,False
8208-EUMTE,No,3071.6,0,0.05591639355266986,0,0.021970705725699067,0,0.14997311077968892,0,False
5172-MIGPM,No,4457.4,0,0.2904866557142083,0,0.38461538461538464,0,0.3035605852615907,0,False
1710-RCXUS,No,1897.35,0,0.1732949291909799,0,0.1004566210045662,0,0.2889294147508148,0,False
0374-FIUCA,No,142.79999999999998,0,0.004707635826145622,0,0.021970705725699067,0,0.08823259778988624,0,False
5839-SUYVZ,No,4174.8,0,0.32276899881991333,0,0.29533678756476683,0,0.3523387249176369,0,False
5173-ZXXXL,No,1396.5,0,0.08924830472163017,0,0.021970705725699067,0,0.1112845025937907,0,False
1096-ADRUX,No,445.5,0,0.08079537211166737,0,0.1004566210045662,0,0.3029750606779077,0,False
2001-MCUUW,No,2824.9,0,0.13390421798960378,0,0.06711409395973154,0,0.24052546375691808,0,False
2731-GJRDG,No,4382.0,0,0.20825926533766212,0,0.24344569288389514,0,0.23384392772378934,0,False
4723-BEGSG,No,86.65,0,0.01188154360438999,0,0.021970705725699067,0,0.13560708650577077,0,False
6516-NKQBO,No,2754.0,0,0.019923894302281055,0,0.021970705725699067,0,0.1281863138775291,0,False
8672-OAUPW,No,1004.85,0,0.018007790641125586,0,0.1004566210045662,0,0.19786148176943125,0,False
8207-DMRVL,No,114.55,0,0.02836969529825917,0,0.06711409395973154,0,0.14812500966943865,0,False
2804-ETQDK,No,123.3,0,0.002608058605542431,0,0.021970705725699067,0,0.08100996103296264,0,False
6689-VRRTK,No,3074.4,0,0.20667654858224963,0,0.24344569288389514,0,0.24300458876195524,0,False
7138-GIRSH,No,1529.0,0,0.025024168732384465,0,0.015384615384615385,0,0.18789936598041823,0,False
9396-ZSFLL,No,2784.4500000000003,0,0.23816429379359386,0,0.1650485436893204,0,0.3327326415286639,0,False
6464-KEXXH,No,1616.0,0,0.3767632106758547,0,0.38461538461538464,0,0.37533781244124526,0,False
7134-MJPDY,No,617.0999999999999,0,0.17821740636110794,0,0.24344569288389514,0,0.2729982839553807,0,False
5240-CAOYT,No,1313.25,0,0.12527038852847494,0,0.08108108108108109,0,0.25035168549853,0,False
4059-IIEBK,No,5105.75,0,0.4790217733262197,1,0.7912621359223301,0,0.3958948376038428,1,False
4881-JVQOD,No,2142.1,0,0.4055860032495359,0,0.1650485436893204,0,0.3265839243821649,0,False
0516-UXRMT,No,920.5,0,0.11332323305123881,0,0.021970705725699067,0,0.27893300332298887,0,False
4851-BQDNX,No,2721.6,0,0.21358613472816698,0,0.1004566210045662,0,0.3146140266288777,0,False
5148-HKFIR,No,1024.4,0,0.023753169812372896,0,0.021970705725699067,0,0.08881489118286134,0,False
3003-CMDUU,No,4472.05,0,0.4534195685055552,1,0.5551470588235294,0,0.36365220357514916,1,False
5016-IBERQ,No,4128.25,0,0.48341286540859174,1,0.5551470588235294,0,0.34962148350846983,1,False
6797-UCJHZ,No,627.5999999999999,0,0.1339873494062645,0,0.24344569288389514,0,0.2628903403550507,0,False
2469-DTSGX,No,111.65,0,0.07456653751243385,0,0.06711409395973154,0,0.24243827095410034,0,False
9931-KGHOA,No,1430.0,0,0.07278458362555669,0,0.11405835543766578,0,0.2463518963104065,0,False
1775-KWJKQ,No,89.85,0,0.008941938181409254,0,0.021970705725699067,0,0.11669404278645956,0,False
7665-VIGUD,No,1261.7,0,0.06517304039707181,0,0.021970705725699067,0,0.09995257175074355,0,False
9411-TPQQV,No,1745.6,0,0.08502943445218143,0,0.021970705725699067,0,0.18480620955769164,0,False
7954-MLBUN,No,4077.45,0,0.10650517309500353,0,0.06711409395973154,0,0.23435470993923027,0,False
2077-DDHJK,No,283.6,0,0.005992908605560743,0,0.021970705725699067,0,0.1289634759193357,0,False
9574-BOSMD,No,101.6,0,0.003190472744849852,0,0.021970705725699067,0,0.06826253846186922,0,False
4908-XAXAY,No,2066.55,0,0.15331578262112547,0,0.1004566210045662,0,0.2854121825446435,0,False
8404-VLQFB,No,1439.25,0,0.1797430285755622,0,0.1111111111111111,0,0.1286486855872752,0,False
2391-IPLOP,No,1532.3000000000002,0,0.07401002002088099,0,0.1004566210045662,0,0.21928741424128392,0,False
3509-GWQGF,No,3360.0,0,0.3001562855781417,0,0.29533678756476683,0,0.37277516350658013,0,False
5845-BZZIB,No,743.7,0,0.010354417757574695,0,0.021970705725699067,0,0.07313264349314404,0,False
1140-UKVZG,No,1364.0,0,0.11772247786395615,0,0.11405835543766578,0,0.1159944779187949,0,False
5183-SNMJQ,No,5896.2,0,0.4550400037577102,1,0.6479591836734694,0,0.3811004474560564,1,False
8100-PNJMH,No,355.4,0,0.014488692625184615,0,0.021970705725699067,0,0.12633872437713012,0,False
7838-LAZFO,No,2127.6,0,0.04846929756710058,0,0.021970705725699067,0,0.17899670563408202,0,False
2085-JVGAD,No,712.25,0,0.04012176507714314,0,0.11405835543766578,0,0.10834576231205122,0,False
8095-WANWK,No,2805.5,0,0.22187875437920834,0,0.1650485436893204,0,0.3359475084778076,0,False
3030-ZKIWL,No,1423.55,0,0.16138943417553844,0,0.3706896551724138,0,0.156521288592757,0,False
9565-FLVCG,No,486.85,0,0.01580227033666323,0,0.021970705725699067,0,0.17767209820609092,0,False
8755-OGKNA,No,292.5,0,0.0036538083612601374,0,0.021970705725699067,0,0.07105108331550823,0,False
2800-VEQXM,No,5157.75,0,0.484114606301079,0,0.45535714285714285,0,0.4345616919471643,0,False
5533-RJFTJ,No,694.6,0,0.1343738508959686,0,0.1650485436893204,0,0.3180421150778347,0,False
0214-JHPFW,No,115.6,0,0.015498481179319644,0,0.015384615384615385,0,0.14771691914367252,0,False
5642-MHDQT,No,377.15,0,0.011647395452179089,0,0.021970705725699067,0,0.09824402096693274,0,False
3088-FVYWK,No,485.45,0,0.006044743990291561,0,0.021970705725699067,0,0.06946247246718266,0,False
9092-GDZKO,No,1242.5,0,0.12402755110849958,0,0.11405835543766578,0,0.1343663497653605,0,False
3729-OWRVL,No,772.4499999999999,0,0.11045041343831388,0,0.06711409395973154,0,0.2622345561453344,0,False
2324-AALNO,No,589.2,0,0.01737216136797285,0,0.021970705725699067,0,0.09062695833541902,0,False
5760-IFJOZ,No,7448.55,1,0.5289338602794799,1,0.7912621359223301,0,0.3684454397004285,2,False
2826-UWHIS,No,2197.8,0,0.20430547311312852,0,0.29533678756476683,0,0.31776248143668834,0,False
7501-IWUNG,No,811.8,0,0.020356524287290276,0,0.015384615384615385,0,0.1802034589964563,0,False
4957-TREIR,No,4443.6,0,0.2266289374131267,0,0.3939393939393939,0,0.28307983728780434,0,False
7251-LJBQN,No,3320.0,0,0.30319367083647214,0,0.24344569288389514,0,0.27457190634482165,0,False
8040-MNRTF,No,5048.099999999999,0,0.42853539441484867,1,0.888268156424581,0,0.4411758489761359,1,False
1536-HBSWP,No,3542.9,0,0.41541620957341086,0,0.3939393939393939,0,0.38364815394208096,0,False
5313-FPXWG,No,516.6,0,0.022879067314830474,0,0.021970705725699067,0,0.10795279863066691,0,False
0946-FKYTX,No,602.0,0,0.04095933248358957,0,0.13043478260869565,0,0.2333643976314577,0,False
5076-YVXCM,No,1751.4,0,0.23531511196459762,0,0.4697986577181208,0,0.37299811350271433,0,False
8262-COGGB,No,1451.95,0,0.20907175283911827,0,0.3706896551724138,0,0.16857903693268642,0,False
6663-JOCQO,No,3085.25,0,0.05947716811567305,0,0.021970705725699067,0,0.1552521809858515,0,False
9620-QJREV,No,513.75,0,0.010365703856301126,0,0.021970705725699067,0,0.08236515254654973,0,False
2682-KEVRP,No,1002.5,0,0.06336939256277088,0,0.021970705725699067,0,0.11940125503120473,0,False
2480-JZOSN,No,1466.15,0,0.20812641636407672,0,0.3706896551724138,0,0.1642017989086176,0,False
0078-XZMHT,No,85.15,0,0.02382686440595394,0,0.015384615384615385,0,0.17204024308316893,0,False
9978-HYCIN,No,2123.75,0,0.14077592839707737,0,0.1004566210045662,0,0.27177279134444293,0,False
8338-QIUNR,No,66.5,0,0.006744214820105585,0,0.021970705725699067,0,0.13762088704575143,0,False
1525-LNLOJ,No,379.8,0,0.023679891079132872,0,0.015384615384615385,0,0.2174498844229873,0,False
9450-TRJUU,No,3076.55,0,0.4913982302861965,1,0.5551470588235294,0,0.4141066780023584,1,False
1766-GKNMI,No,3650.7,1,0.5078531709652014,1,0.5551470588235294,0,0.4418040190867319,2,False
6942-LBFDP,No,1438.5,0,0.19898717859565912,0,0.1111111111111111,0,0.14945599387670744,0,False
1456-TWCGB,No,3349.0,0,0.23881059998845783,0,0.38461538461538464,0,0.3252107668398404,0,False
7596-ZYWBB,No,417.2,0,0.006803487190355109,0,0.021970705725699067,0,0.16106866831982203,0,False
8329-UTMVM,No,4709.25,0,0.3014396792918478,0,0.24344569288389514,0,0.266647257679787,0,False
3014-WJKSM,No,3237.9,0,0.31061248834085353,0,0.29533678756476683,0,0.35320959292937465,0,False
3347-YJZZE,No,3444.3,0,0.18098362067793278,0,0.1650485436893204,0,0.24520289494039457,0,False
7929-DMBCV,No,4212.0,0,0.3114605522878932,0,0.29533678756476683,0,0.3070406852266997,0,False
9661-JALZV,No,345.8,0,0.00861509438815971,0,0.021970705725699067,0,0.09807167474400856,0,False
5433-KYGHE,No,4988.0,0,0.2832772910271552,0,0.29533678756476683,0,0.2881498809837583,0,False
4312-KFRXN,No,25.4,0,0.0036336513965928366,0,0.021970705725699067,0,0.07426941416977667,0,False
5575-TPIZQ,No,2317.9,0,0.3134047648728877,0,0.29533678756476683,0,0.3394896727860811,0,False
0114-IGABW,No,58.25,0,0.015002485864787331,0,0.015384615384615385,0,0.14639192225361294,0,False
9944-AEXBM,No,3426.0,1,0.5068574080110007,0,0.4697986577181208,0,0.4021317872013178,1,False
1853-ARAAQ,No,2316.1,0,0.33035079697826586,0,0.1650485436893204,0,0.31539573610910593,0,False
6952-OMNWB,No,321.4,0,0.18816388632110573,0,0.08108108108108109,0,0.36751702864012115,0,False
4697-LUPSU,No,1414.0,0,0.07400404246275454,0,0.021970705725699067,0,0.0996926471449327,0,False
8434-VGEQQ,No,226.05,0,0.0030524287316962585,0,0.021970705725699067,0,0.07074943867347583,0,False
6549-YMFAW,No,1338.75,0,0.18353677575482974,0,0.11405835543766578,0,0.1431287156682567,0,False
4950-HKQTE,No,1312.5,0,0.029082315264438087,0,0.021970705725699067,0,0.08708633240837547,0,False
6786-OBWQR,No,5416.95,1,0.5441269153171228,1,0.6479591836734694,0,0.43221763227201976,2,False
2753-JMMCV,No,519.4,0,0.01924232047347074,0,0.015384615384615385,0,0.18785010899412813,0,False
6621-YOBKI,No,1363.45,0,0.1407933843376039,0,0.11405835543766578,0,0.13095140088290724,0,False
1216-JWVUX,No,3548.5,0,0.3424695817741688,1,0.5551470588235294,0,0.36104662122325043,1,False
7564-GHCVB,No,79.05,0,0.01930654330851119,0,0.021970705725699067,0,0.21822022690284348,0,False
1173-NOEYG,No,4056.750000000001,0,0.36373462780751004,0,0.4697986577181208,0,0.34158924496193704,0,False
7595-EHCDL,No,2024.0,0,0.20478942906923298,0,0.1650485436893204,0,0.25051315571631677,0,False
6647-ZEDXT,No,4638.900000000001,0,0.19317595164773843,0,0.24344569288389514,0,0.22387974812450664,0,False
2521-NPUZR,No,202.0,0,0.018010102178779838,0,0.06711409395973154,0,0.15168879261917334,0,False
1307-TVUFB,No,2380.5,0,0.2957558552711189,0,0.29533678756476683,0,0.3578723535480991,0,False
7503-MIOGA,No,89.85,0,0.01915849727285421,0,0.021970705725699067,0,0.14530898283677957,0,False
4381-MHQDC,No,1625.0,0,0.020185671355978776,0,0.021970705725699067,0,0.17367814317282412,0,False
6923-JHPMP,No,5631.5,0,0.4678467272004804,1,0.6479591836734694,0,0.41413337448589005,1,False
4018-PPNDW,No,265.1,0,0.006784219715274349,0,0.021970705725699067,0,0.08732454379117385,0,False
1635-FJFCC,No,2951.35,0,0.3002492668605862,0,0.38461538461538464,0,0.3874038088605888,0,False
2499-AJYUA,No,110.8,0,0.07273857598719673,0,0.06711409395973154,0,0.21716615327523717,0,False
6919-ELBGL,No,114.95,0,0.04691234008603987,0,0.06711409395973154,0,0.1704783212184804,0,False
3966-HRMZA,No,5178.45,1,0.5490832660636054,0,0.45535714285714285,0,0.41840098094986916,1,False
6425-JWTDV,No,462.0,0,0.007331714732458683,0,0.021970705725699067,0,0.07754921861437862,0,False
8405-IGQFX,No,810.4499999999999,0,0.0827320928258985,0,0.1004566210045662,0,0.2626503595364574,0,False
8224-IVVPA,No,2551.5,0,0.12133395428540067,0,0.11405835543766578,0,0.24432490793998887,0,False
9477-LGWQI,No,160.3,0,0.012706282739493976,0,0.021970705725699067,0,0.16019779570294548,0,False
1410-RSCMR,No,4637.75,0,0.17184241161978298,0,0.11405835543766578,0,0.22049789132672543,0,False
3115-CZMZD,No,1458.0,0,0.05994909104556342,0,0.021970705725699067,0,0.0920023723649513,0,False
0139-IVFJG,No,6324.5,0,0.4214939366688587,1,0.6479591836734694,0,0.35455388954980604,1,False
5730-DBDSI,No,118.2,0,0.00305450645081714,0,0.021970705725699067,0,0.08481961992352298,0,False
0030-FNXPP,No,1369.65,0,0.14847641279683135,0,0.1111111111111111,0,0.13283699616638112,0,False
5684-FJVYR,No,90.35,0,0.018751687237497178,0,0.021970705725699067,0,0.17693963821886366,0,False
4013-GUXND,No,1476.8,0,0.1834191689550287,0,0.3706896551724138,0,0.1540414872890416,0,False
1266-NZYUI,No,66.85,0,0.004576482927623198,0,0.021970705725699067,0,0.12792376034981984,0,False
7969-FFOWG,No,139.29999999999998,0,0.002784276443453676,0,0.021970705725699067,0,0.07320581422485135,0,False
4718-DHSMV,No,2183.8,0,0.41190609934730615,0,0.1650485436893204,0,0.35576172876456147,0,False
5175-WLYXL,No,3942.5,0,0.3959009589618306,0,0.29533678756476683,0,0.3641776062279253,0,False
7817-OMJNA,No,1183.1999999999998,0,0.05256824096940303,0,0.021970705725699067,0,0.0958399561385452,0,False
8728-SKJLR,No,2301.75,0,0.30624365578867224,0,0.4540540540540541,0,0.3771322848288785,0,False
3137-NYQQI,No,3564.0,0,0.0891194950245277,0,0.021970705725699067,0,0.20187610048413343,0,False
7706-DZNKK,No,1247.45,0,0.1425284815080942,0,0.11405835543766578,0,0.13535574229837802,0,False
8823-RLPWL,No,110.65,0,0.06288468050960186,0,0.06711409395973154,0,0.20696506799404715,0,False
9505-SQFSW,No,2780.7,0,0.3349654939076859,0,0.43157894736842106,0,0.31145127775528975,0,False
3758-CKOQL,No,1391.0,0,0.0795692981770845,0,0.24344569288389514,0,0.1929457186680251,0,False
5676-CFLYY,No,73.35,0,0.012540860068114184,0,0.015384615384615385,0,0.17447546180833193,0,False
7521-AFHAB,No,3001.6,0,0.22069048958128482,0,0.38461538461538464,0,0.31969265531754043,0,False
0285-INHLN,No,2463.75,0,0.09638307897299069,0,0.11405835543766578,0,0.22029863746508865,0,False
5125-CNDSP,No,365.4,0,0.014615885511322734,0,0.021970705725699067,0,0.15471822825186698,0,False
4992-LTJNE,No,55.3,0,0.006238860983711182,0,0.021970705725699067,0,0.17148935237957708,0,False
2202-OUTMO,No,2312.3,0,0.10200260130074144,0,0.11405835543766578,0,0.21703528005609965,0,False
0810-BDHAW,No,3763.2,0,0.12334220247322839,0,0.021970705725699067,0,0.19959680672631502,0,False
0229-LFJAF,No,69.65,0,0.005190836018577429,0,0.021970705725699067,0,0.13710069720828139,0,False
7131-ZQZNK,No,718.2,0,0.013351614278262973,0,0.021970705725699067,0,0.12585820086777988,0,False
3442-ZHHCC,No,307.6,0,0.03033111583900915,0,0.021970705725699067,0,0.19474408610996968,0,False
5726-CVNYA,No,1270.4,0,0.0450222178936302,0,0.021970705725699067,0,0.09455665982726119,0,False
9871-ELEYA,No,2570.7000000000003,0,0.016509901807735195,0,0.021970705725699067,0,0.14186052944245298,0,False
4257-GAESD,No,2970.0,0,0.4145074848730867,0,0.38461538461538464,0,0.33875409501841824,0,False
5173-WXOQV,No,4494.0,0,0.2947048239679921,0,0.1111111111111111,0,0.28350581018312726,0,False
2040-OBMLJ,No,3349.7000000000003,0,0.15675495320063554,0,0.1004566210045662,0,0.25569467444293453,0,False
6286-ZHAOK,No,1328.6,0,0.1124438787466011,0,0.11405835543766578,0,0.11483298356606789,0,False
3807-XHCJH,No,1420.0,0,0.17212728119386086,0,0.3706896551724138,0,0.14598824735218996,0,False
5671-RQRLP,No,151.3,0,0.06074346809017642,0,0.015384615384615385,0,0.3093723746114439,0,False
8859-AXJZP,No,785.4,0,0.017282241662891194,0,0.021970705725699067,0,0.08659171595489047,0,False
3174-AKMAS,No,1669.2,0,0.02566822532708336,0,0.015384615384615385,0,0.18297686412227498,0,False
9926-PJHDQ,No,76.8,0,0.026818167994846803,0,0.015384615384615385,0,0.22627424314285327,0,False
7382-DFJTU,No,2980.8,0,0.1292646389949145,0,0.1650485436893204,0,0.2600657441244806,0,False
2798-NYLMZ,No,108.55,0,0.05588348850711979,0,0.06711409395973154,0,0.18883907856120286,0,False
8098-TDCBU,No,757.5,0,0.017967815087444442,0,0.021970705725699067,0,0.08358528035021878,0,False
3551-GAEGL,No,1155.2,0,0.04876767014961989,0,0.021970705725699067,0,0.1831691420440389,0,False
4785-NKHCX,No,1343.35,0,0.15031063891613253,0,0.11405835543766578,0,0.1383190385724308,0,False
3196-NVXLZ,No,3976.2,0,0.45806639088056783,0,0.29533678756476683,0,0.40315182804077865,0,False
0036-IHMOT,No,1762.9,0,0.10236068536000602,0,0.24344569288389514,0,0.2081514130817686,0,False
4178-EGMON,No,176.0,0,0.02382695825516541,0,0.021970705725699067,0,0.1779443586022692,0,False
4220-TINQT,No,1169.85,0,0.328908968131481,0,0.4540540540540541,0,0.3422353089713405,0,False
5318-YKDPV,No,2295.3500000000004,0,0.025924212482802043,0,0.021970705725699067,0,0.13625807698904427,0,False
7975-TZMLR,No,2577.5,0,0.3027204054200804,0,0.24344569288389514,0,0.3319828715926411,0,False
0295-QVKPB,No,4284.650000000001,0,0.27699446550353046,0,0.38461538461538464,0,0.30777192240145473,0,False
4335-BSMJS,No,258.0,0,0.007082202153747937,0,0.021970705725699067,0,0.09877239962278947,0,False
9146-JRIOX,No,1481.9,0,0.10869179971233181,0,0.11405835543766578,0,0.096287659711492,0,False
5337-IIWKZ,No,1704.3,0,0.21163914239121778,0,0.16666666666666666,0,0.2505631480654866,0,False
9650-VBUOG,No,851.7,0,0.011463271546106114,0,0.021970705725699067,0,0.06927907704584431,0,False
3487-EARAT,No,148.2,0,0.008482685951725213,0,0.021970705725699067,0,0.1339902573403947,0,False
2672-TGEFF,No,3108.0,0,0.38359431528101684,0,0.4540540540540541,0,0.36139493162574254,0,False
4250-WAROZ,No,1119.0,0,0.23295362856999915,0,0.25,0,0.30466702616311525,0,False
8184-WMOFI,No,714.0,0,0.012540682462508968,0,0.021970705725699067,0,0.14469642621991965,0,False
6092-QZVPP,No,2851.2000000000003,0,0.12046066238906575,0,0.11405835543766578,0,0.22174713993636763,0,False
4625-LAMOB,No,571.1999999999999,0,0.007868049939688516,0,0.021970705725699067,0,0.08601874331446456,0,False
0392-BZIUW,No,105.0,0,0.067920526780244,0,0.06711409395973154,0,0.22936286532249306,0,False
6549-NNDYT,No,1820.15,0,0.2642086705118579,0,0.11405835543766578,0,0.2969292921703238,0,False
0422-OHQHQ,No,1171.35,0,0.0430934260566972,0,0.021970705725699067,0,0.0829440867986586,0,False
6916-HIJSE,No,593.9499999999999,0,0.01343257052232651,0,0.021970705725699067,0,0.15302882490749403,0,False
2316-ESMLS,No,1989.0,0,0.08036442635675653,0,0.021970705725699067,0,0.16468551269952061,0,False
9778-OGKQZ,No,92.0,0,0.01636925804128159,0,0.021970705725699067,0,0.13473292898097505,0,False
7408-OFWXJ,No,89.8,0,0.008711538471598933,0,0.021970705725699067,0,0.11733943022298447,0,False
6007-TCTST,No,115.8,0,0.03979421212536153,0,0.06711409395973154,0,0.16383776069896652,0,False
2252-NKNSI,No,1703.0,0,0.02442768146955403,0,0.021970705725699067,0,0.15715393935506947,0,False
8713-IGZSO,No,1739.5,0,0.22642499930342674,0,0.1111111111111111,0,0.13391532073438664,0,False
7905-TVXTA,No,4311.45,0,0.27874544099572646,1,0.5242718446601942,0,0.30973663239400767,1,False
7695-PKLCZ,No,82.0,0,0.002694640529370683,0,0.021970705725699067,0,0.08446516217945554,0,False
8374-UULRV,No,86.05,0,0.010778118380224685,0,0.021970705725699067,0,0.14783334889117017,0,False
3224-DFQNQ,No,534.0,0,0.05144844582935864,0,0.021970705725699067,0,0.2231623996511026,0,False
5275-PMFUT,No,64.8,0,0.011744941693937857,0,0.021970705725699067,0,0.12146056346895148,0,False
4795-UXVCJ,No,910.8,0,0.03133363346008249,0,0.021970705725699067,0,0.09177625523170489,0,False
9777-IQHWP,No,747.2,0,0.03651843086096906,0,0.021970705725699067,0,0.2043295914481437,0,False
0979-MOZQI,No,390.0,0,0.023449777859708035,0,0.015384615384615385,0,0.2022872671666337,0,False
2732-ISEZX,No,1373.5,0,0.181725005184097,0,0.11405835543766578,0,0.14587970082472512,0,False
0323-XWWTN,No,1821.6,0,0.07109632775764414,0,0.021970705725699067,0,0.10653860321069006,0,False
1937-OTUKY,No,98.2,0,0.03682167718869549,0,0.06711409395973154,0,0.1989212481115706,0,False
1573-LGXBA,No,1463.25,0,0.12824683386206895,0,0.24344569288389514,0,0.24577954739167807,0,False
1764-VUUMT,No,119.7,0,0.0023542993366321117,0,0.021970705725699067,0,0.0775515635799956,0,False
4713-ZBURT,No,2691.9,0,0.11100930085633419,0,0.06711409395973154,0,0.2634696056183067,0,False
3050-GBUSH,No,2401.2,0,0.46186852848191845,1,0.5932203389830508,0,0.38486714772481123,1,False
7876-AEHIG,No,1263.15,0,0.03397457381878268,0,0.021970705725699067,0,0.14530211468548393,0,False
7945-HLKEA,No,777.0,0,0.024439092803496723,0,0.021970705725699067,0,0.1876995929627087,0,False
9342-VNIMQ,No,2131.35,0,0.16719820246375533,0,0.1650485436893204,0,0.30315482265467475,0,False
3523-BRGUW,No,887.8000000000001,0,0.036567754567935755,0,0.021970705725699067,0,0.091664616485568,0,False
3199-NPKCN,No,556.25,0,0.1418123410724155,0,0.24344569288389514,0,0.24958162344115528,0,False
5170-PTRKA,No,823.4,0,0.028141199442642924,0,0.021970705725699067,0,0.1610906486592967,0,False
4661-NJEUX,No,1423.55,0,0.20977832797082818,0,0.3706896551724138,0,0.1770440837029815,0,False
2123-AGEEN,No,5482.75,1,0.600954339204522,1,0.6479591836734694,0,0.47579869609778674,2,False
1258-YMZNM,No,4972.5,0,0.27531965005000597,0,0.24344569288389514,0,0.255571704318482,0,False
0048-LUMLS,No,3192.0,0,0.1843063232940352,0,0.1004566210045662,0,0.2772633728324835,0,False
5898-IGSLP,No,3661.3,0,0.20398899489008598,1,0.5551470588235294,0,0.25315196540316304,1,False
6259-WJQLC,No,3244.0,0,0.3717150919784596,0,0.29533678756476683,0,0.38550724545463816,0,False
7997-EASSD,No,730.8000000000001,0,0.08478447924383217,0,0.1004566210045662,0,0.263402638174886,0,False
0730-KOAVE,No,3960.6,0,0.38179213065855583,0,0.4697986577181208,0,0.29458117063663836,0,False
8975-SKGRX,No,116.1,0,0.05105124392042256,0,0.06711409395973154,0,0.17489274294402157,0,False
0678-RLHVP,No,2005.45,0,0.134210794231062,0,0.06711409395973154,0,0.28275400646392557,0,False
2267-FPIMA,No,2076.8,0,0.22768066534405815,0,0.4697986577181208,0,0.278146678205885,0,False
1051-GEJLJ,No,1365.0,0,0.17537472352921676,0,0.1111111111111111,0,0.14088508722946083,0,False
5285-MVEHD,No,1689.6,0,0.11655746172751023,0,0.24344569288389514,0,0.22700253710920879,0,False
0379-DJQHR,No,406.75,0,0.00972902239935356,0,0.021970705725699067,0,0.14899084306765872,0,False
5543-QDCRY,No,3835.2,0,0.43154204929520695,1,0.5242718446601942,0,0.41794018660165816,1,False
0297-RBCSG,No,3463.55,0,0.12017646169752859,0,0.1004566210045662,0,0.21425868097751763,0,False
4694-PHWFW,No,1276.8,0,0.10383609921254323,0,0.11405835543766578,0,0.10908424238357474,0,False
0835-JKADZ,No,111.25,0,0.09485651430460763,0,0.06711409395973154,0,0.2593731370008218,0,False
7508-SMHXL,No,5073.0,0,0.42764659457474535,0,0.29533678756476683,0,0.352813575311472,0,False
3865-YIOTT,No,106.1,0,0.10315930808691637,0,0.0,0,0.23884798533703666,0,False
5993-BQHEA,No,1203.0,0,0.05611521383801565,0,0.021970705725699067,0,0.09485019656513444,0,False
6024-RUGGH,No,25.2,0,0.003954176125568765,0,0.021970705725699067,0,0.08195194935841683,0,False
3956-CJUST,No,3694.6,0,0.2948681930416488,0,0.29533678756476683,0,0.35597552665261245,0,False
4079-WWQQQ,No,65.55,0,0.0149401103452684,0,0.021970705725699067,0,0.14734648330120959,0,False
6103-BOCOU,No,3712.2,0,0.4605095342528219,1,0.5551470588235294,0,0.42868245210762673,1,False
5149-TGWDZ,No,5332.05,0,0.252737630794997,0,0.24344569288389514,0,0.25281014041963185,0,False
7471-WNSUF,No,289.79999999999995,0,0.01103038902900377,0,0.021970705725699067,0,0.08315868925950141,0,False
8942-DBMHZ,No,1227.0,0,0.1106500058311118,0,0.11405835543766578,0,0.1168928968578276,0,False
4301-VVZKA,No,4222.400000000001,1,0.6656024879946936,1,0.5551470588235294,0,0.44032281559573894,2,False
9199-PWQVC,No,717.3000000000001,0,0.04665223281317444,0,0.021970705725699067,0,0.20153171460105973,0,False
4824-GUCBY,No,4085.0,0,0.2809498198149569,1,0.5551470588235294,0,0.32510593222538725,1,False
5393-HJZSM,No,3052.0,0,0.05564518742343193,0,0.11405835543766578,0,0.1500638292842366,0,False
0862-PRCBS,No,415.0,0,0.056564470038438265,0,0.06711409395973154,0,0.20711305707100108,0,False
8812-ZRHFP,No,3630.9,0,0.20199156677669616,0,0.1004566210045662,0,0.2861547911362891,0,False
5146-CBVOE,No,4205.599999999999,0,0.29391742376444496,0,0.29533678756476683,0,0.3402026868329318,0,False
0454-OKRCT,No,3143.4,0,0.05343404050262191,0,0.015384615384615385,0,0.22510925492765643,0,False
5787-KXGIY,No,19.3,0,0.0023144564614447785,0,0.021970705725699067,0,0.07645379447093482,0,False
4198-VFOEA,No,2016.0,0,0.13865050274796012,0,0.021970705725699067,0,0.20550037062104273,0,False
6630-UJZMY,No,5661.0,1,0.8143028005838554,1,0.7912621359223301,0,0.4729488198069766,2,False
5709-LVOEQ,No,5821.2,0,0.10905029930748397,0,0.021970705725699067,0,0.17011346457243096,0,False
2692-AQCPF,No,756.35,0,0.13125264570134043,0,0.24344569288389514,0,0.2262027016079336,0,False
0347-UBKUZ,No,1134.3,0,0.09787020400997706,0,0.11405835543766578,0,0.11636022413600867,0,False
0835-DUUIQ,No,1010.4,0,0.027450379927864713,0,0.021970705725699067,0,0.0859676408355898,0,False
0811-GSDTP,No,1778.85,0,0.2727448609765371,0,0.2926829268292683,0,0.3102846906863151,0,False
7567-ECMCM,No,3832.8,0,0.39514378102208836,0,0.4697986577181208,0,0.38826446322678443,0,False
6115-ZTBFQ,No,65.5,0,0.010587293601689541,0,0.021970705725699067,0,0.12364268708161742,0,False
6353-BRMMA,No,1873.8,0,0.22030858925864336,0,0.26666666666666666,0,0.26712243580056777,0,False
6231-WFGFH,No,1394.0,0,0.16365385429323392,0,0.11405835543766578,0,0.12842833391295877,0,False
9904-EHEVJ,No,3654.0,0,0.39773951542827035,0,0.29533678756476683,0,0.35193115363446814,0,False
6169-PPETC,No,758.5,0,0.009829201276446077,0,0.021970705725699067,0,0.07084642613905012,0,False
8584-KMVXD,No,4838.4,0,0.4121036971859068,0,0.45535714285714285,0,0.41000579701126516,0,False
8467-WYNSR,No,2755.0,0,0.09000055888199276,0,0.11405835543766578,0,0.22090273181190054,0,False
0851-DFJKB,No,3360.15,0,0.14033488449433743,0,0.16666666666666666,0,0.25387720633881705,0,False
5382-SOYZL,No,4755.0,1,0.7395269021206585,1,0.5551470588235294,0,0.44639474700519505,2,False
3261-CQXOL,No,25.45,0,0.002795009107595221,0,0.021970705725699067,0,0.06718957982255229,0,False
8388-FYNPZ,No,3859.0,0,0.2390731664472397,1,0.5242718446601942,0,0.3163596860128145,1,False
4002-BQWPQ,No,3842.25,0,0.12052864593618194,0,0.11405835543766578,0,0.18555213832141731,0,False
5651-YLPRD,No,3444.0,0,0.4290732398114396,1,0.5551470588235294,0,0.357869828295067,1,False
2826-DXLQO,No,1937.0,0,0.27943752294587015,0,0.11405835543766578,0,0.2830732231807994,0,False
4378-BZYFP,No,1127.5,0,0.06925943866392488,0,0.021970705725699067,0,0.11428522879487175,0,False
9489-UTFKA,No,3897.6,0,0.22824421959848704,0,0.11405835543766578,0,0.2813972772883298,0,False
4849-PYRLQ,No,1172.0,0,0.016181954487682865,0,0.021970705725699067,0,0.17008413241756334,0,False
7764-BDPEE,No,1438.65,0,0.1397458172142966,0,0.1111111111111111,0,0.12189651676675467,0,False
3429-IFLEM,No,77.35,0,0.0053379264702647375,0,0.021970705725699067,0,0.13687194430479874,0,False
5002-GCQFH,No,2158.55,0,0.2331332003664134,0,0.29533678756476683,0,0.2900512979904314,0,False
0556-FJEGU,No,981.4,0,0.012203492568869302,0,0.015384615384615385,0,0.16494362748317065,0,False
0604-THJFP,No,987.35,0,0.018443806575846718,0,0.015384615384615385,0,0.17603035731319544,0,False
5879-SESNB,No,4590.25,0,0.48934083110212206,1,0.6363636363636364,0,0.4281315587419553,1,False
6461-PPAXN,No,2033.15,0,0.033542777335933555,0,0.021970705725699067,0,0.1662772537794925,0,False
3318-ISQFQ,No,1014.0,0,0.1051407958602617,0,0.11405835543766578,0,0.13905118960699775,0,False
1106-HRLKZ,No,627.2,0,0.008388987709232071,0,0.021970705725699067,0,0.07313264349314404,0,False
2483-XSSMZ,No,1579.05,0,0.06810541884038147,0,0.021970705725699067,0,0.25638108558069406,0,False
8165-ZJRNM,No,23.75,0,0.002664037794967807,0,0.021970705725699067,0,0.06833146056957372,0,False
2604-XVDAM,No,2628.0,0,0.20429928945702958,0,0.1650485436893204,0,0.32583789932203067,0,False
3717-OFRTN,No,1402.25,0,0.154000180412942,0,0.3706896551724138,0,0.1515379534216404,0,False
9046-JBFWA,No,861.7499999999999,0,0.051714108803266746,0,0.11405835543766578,0,0.10360384695929409,0,False
3280-NMUVX,No,744.8000000000001,0,0.018496147372590477,0,0.021970705725699067,0,0.07820535772303266,0,False
1206-EHBDD,No,1284.8,0,0.028734239295966784,0,0.021970705725699067,0,0.21553636192734582,0,False
8361-LBRDI,No,340.90000000000003,0,0.005894232356515147,0,0.021970705725699067,0,0.08240760915698722,0,False
4883-KCPZJ,No,1262.5,0,0.021784588866048334,0,0.021970705725699067,0,0.07175041662442128,0,False
9108-EQPNQ,No,1618.2,0,0.0362345759636451,0,0.021970705725699067,0,0.0745754518298297,0,False
7277-KAMWT,No,1180.0,0,0.02976571503170203,0,0.021970705725699067,0,0.08975660406181357,0,False
2545-LXYVJ,No,20.7,0,0.0024178666813828215,0,0.021970705725699067,0,0.07595518968527823,0,False
3234-VKACU,No,4921.0,0,0.3519804414272482,0,0.1111111111111111,0,0.3448525161297758,0,False
8120-JDCAM,No,4729.4,0,0.44807134478715144,0,0.45535714285714285,0,0.399756296158544,0,False
8917-FAEMR,No,694.75,0,0.011529051908168556,0,0.021970705725699067,0,0.08685789415932764,0,False
7047-YXDMZ,No,1020.0,0,0.07958512206635902,0,0.11405835543766578,0,0.11590812203102356,0,False
2858-EIMXH,No,1821.15,0,0.2435329292909902,0,0.24344569288389514,0,0.3284375048603669,0,False
6419-ZTTLE,No,1016.75,0,0.08434869044981746,0,0.021970705725699067,0,0.11237013485653748,0,False
0929-HYQEW,No,3460.35,0,0.26091107161546057,1,0.5932203389830508,0,0.3320954544841042,1,False
6614-YOLAC,No,58.65,0,0.008679581927033326,0,0.021970705725699067,0,0.13209240645334178,0,False
7426-RHZGU,No,6041.700000000001,0,0.46661172879956675,1,0.6479591836734694,0,0.390496076236608,1,False
4065-JJAVA,No,3514.5,0,0.30645003660089043,0,0.43157894736842106,0,0.38499065904419344,0,False
7649-SIJJF,No,80.1,0,0.012423240633119352,0,0.021970705725699067,0,0.1408850777915028,0,False
9361-YNQWJ,No,195.2,0,0.012731656732266151,0,0.021970705725699067,0,0.10746822690705869,0,False
3748-FVMZZ,No,2723.4,0,0.469899617707405,1,0.5242718446601942,0,0.34871017515573155,1,False
9391-TTOYH,No,955.5,0,0.09957306693851356,0,0.11405835543766578,0,0.13594593803419022,0,False
1452-XRSJV,No,1684.65,0,0.051862978740021375,0,0.11405835543766578,0,0.22312661200923073,0,False
3422-WJOYD,No,2391.4,0,0.0394062464803904,0,0.021970705725699067,0,0.1698768849463073,0,False
8242-SOQUO,No,5674.900000000001,1,0.5858404812177591,1,0.6479591836734694,0,0.44353665809781345,2,False
7460-ITWWP,No,2324.7,0,0.4583229127576273,0,0.4540540540540541,0,0.40773920268185676,0,False
7147-AYBAA,No,2462.25,0,0.27408511687497045,0,0.29533678756476683,0,0.3972799595897186,0,False
7868-TMWMZ,No,1320.0,0,0.053728810405154405,0,0.06711409395973154,0,0.18531363036567983,0,False
6732-FZUGP,No,2372.5,0,0.11557090386039942,0,0.06666666666666667,0,0.2408621501619508,0,False
8329-GWVPJ,No,1534.5,0,0.16866730321011128,0,0.29533678756476683,0,0.3540063924261383,0,False
1352-VHKAJ,No,3221.9999999999995,0,0.17556489095595795,0,0.1650485436893204,0,0.23215313451367123,0,False
2632-TACXW,No,236.5,0,0.0051758845109821615,0,0.021970705725699067,0,0.07344451826516632,0,False
8146-QQKZH,No,81.85,0,0.009043270415209945,0,0.021970705725699067,0,0.14190050688743874,0,False
1767-CJKBA,No,150.60000000000002,0,0.0047515287791156016,0,0.021970705725699067,0,0.0846166489822295,0,False
6445-TNRXS,No,458.8,0,0.0459962615604983,0,0.06711409395973154,0,0.1641734563182028,0,False
4581-LNWUM,No,2899.85,1,0.5492499324579014,1,0.5242718446601942,0,0.3500473878656701,2,False
4869-EPIUS,No,1294.4,0,0.17854090122536742,0,0.1004566210045662,0,0.3481065212792395,0,False
1915-OAKWD,No,1080.8,0,0.05477568246760922,0,0.021970705725699067,0,0.10763003858943435,0,False
7296-PIXQY,No,4071.6,0,0.36855859676044594,1,0.5551470588235294,0,0.3888418579232804,1,False
3354-OADJP,No,3472.0,0,0.07623414958111858,0,0.021970705725699067,0,0.20443827287631766,0,False
3524-WQDSG,No,2879.7,0,0.4418424867726957,0,0.4697986577181208,0,0.34112613748120574,0,False
0810-DHDBD,No,1480.0,0,0.028824907453334457,0,0.021970705725699067,0,0.16791653575772764,0,False
4026-SKKHW,No,3467.25,0,0.2692896363290302,0,0.3939393939393939,0,0.33386127413143746,0,False
2829-HYVZP,No,851.4,0,0.0431087520709877,0,0.021970705725699067,0,0.11255242141131698,0,False
3845-JHAMY,No,1988.0,0,0.31894292249612005,0,0.1650485436893204,0,0.3156176526648577,0,False
7013-PSXHK,No,2584.0,0,0.11460076512620936,0,0.375,0,0.23084124736533687,0,False
3486-NPGST,No,703.8000000000001,0,0.02187985920927978,0,0.021970705725699067,0,0.09319849270558388,0,False
6100-FJZDG,No,922.3,0,0.03743699422931436,0,0.021970705725699067,0,0.0968125488227561,0,False
4829-ZLJTK,No,112.4,0,0.10008787107627419,0,0.06711409395973154,0,0.25549803983764013,0,False
1730-VFMWO,No,1907.6,0,0.0882470315757956,0,0.1650485436893204,0,0.24752527691595275,0,False
7143-BQIBA,No,3859.5,0,0.1515388043547919,0,0.11405835543766578,0,0.24791800570749734,0,False
3800-LYTRK,No,3230.6000000000004,0,0.06123703728222736,0,0.021970705725699067,0,0.19382347435718258,0,False
9646-NMHXE,No,491.25,0,0.00782220366883666,0,0.021970705725699067,0,0.07712866858364059,0,False
7030-NJVDP,No,4284.0,0,0.3363208637563578,1,0.5551470588235294,0,0.3089090485975446,1,False
8883-GRDWQ,No,2808.0,0,0.059082285890150424,0,0.021970705725699067,0,0.20190657452223879,0,False
7771-ZONAT,No,2837.5,0,0.08915671779487043,0,0.015384615384615385,0,0.1815652833380995,0,False
2111-DWYHN,No,1498.1,0,0.15980446479763286,0,0.1111111111111111,0,0.15085661126241012,0,False
4194-WHFCB,No,1256.45,0,0.15928760277165604,0,0.08108108108108109,0,0.2529608773710741,0,False
4121-AGSIN,No,343.0,0,0.013244943545642951,0,0.021970705725699067,0,0.09540195894039631,0,False
9845-PEEKO,No,1029.6,0,0.06850428200104121,0,0.015384615384615385,0,0.29508106717119464,0,False
0455-XFASS,No,4798.95,1,0.5143170118044866,0,0.45535714285714285,0,0.441521865138091,1,False
0301-KOBTQ,No,802.0,0,0.01936945838781822,0,0.021970705725699067,0,0.10049569928170472,0,False
1751-NCDLI,No,2570.1,1,0.6226568923677231,0,0.4540540540540541,0,0.4219546803062599,1,False
4367-NUYAO,No,1854.0,0,0.07427491196111431,0,0.021970705725699067,0,0.08312893228437238,0,False
9170-ARBTB,No,392.0,0,0.008251064812912873,0,0.021970705725699067,0,0.07813941229564259,0,False
7241-AJHFS,No,3506.0,0,0.17237722974566122,0,0.29533678756476683,0,0.26866869820587647,0,False
4546-FOKWR,No,4186.0,0,0.4422829461145932,0,0.29533678756476683,0,0.4183219719653328,0,False
9036-CSKBW,No,2256.4500000000003,0,0.12940859097453045,0,0.24344569288389514,0,0.22167177891540582,0,False
5832-TRLPB,No,3240.05,0,0.11586069637013682,0,0.1004566210045662,0,0.2214533083021024,0,False
8590-YFFQO,No,129.9,0,0.003948033986737447,0,0.021970705725699067,0,0.12564726601556064,0,False
8659-IOOPU,No,100.45,0,0.031820393915572225,0,0.06711409395973154,0,0.1924914845530625,0,False
1338-CECEE,No,2123.5,0,0.060474810861515294,0,0.1004566210045662,0,0.18644297610148566,0,False
7439-DKZTW,No,5719.05,1,0.6184081573511679,1,0.888268156424581,1,0.50094391470752,3,True
4646-QZXTF,No,5281.25,0,0.1858527932644517,0,0.11405835543766578,0,0.22714054668810424,0,False
9742-XOKTS,No,447.75,0,0.041414133991956745,0,0.021970705725699067,0,0.20248682424913292,0,False
6921-OZMFH,No,3731.9,0,0.26888466091421936,0,0.38461538461538464,0,0.28399399232373645,0,False
9578-FOMUK,No,1413.6,0,0.17926175344534323,0,0.1111111111111111,0,0.13659853804876965,0,False
4712-UYOOI,No,1040.0,0,0.08932301279935483,0,0.1111111111111111,0,0.10708675587027289,0,False
7722-CVFXN,No,1893.6,0,0.18577665483918832,0,0.24344569288389514,0,0.2570033399814577,0,False
8717-VCTXJ,No,586.5,0,0.025884174530244816,0,0.021970705725699067,0,0.11306268970384341,0,False
7363-QTBIW,No,5024.25,1,0.7059704451325896,1,0.6479591836734694,0,0.46214433497952634,2,False
4159-NAAIX,No,877.0500000000001,0,0.07685288696059409,0,0.06711409395973154,0,0.2610278362831939,0,False
0971-QIFJK,No,72.75,0,0.0038186224839237446,0,0.021970705725699067,0,0.07320098706273101,0,False
9397-TZSHA,No,73.80000000000001,0,0.0036499290390618775,0,0.021970705725699067,0,0.08286760915698721,0,False
3391-JSQEW,No,1604.8,0,0.11663441197332294,0,0.1650485436893204,0,0.2887308404600073,0,False
0343-QLUZP,No,475.2000000000001,0,0.010707057660870946,0,0.021970705725699067,0,0.16145107343616943,0,False
2176-LVPNX,No,89.85,0,0.0135743303760626,0,0.021970705725699067,0,0.1523026955087605,0,False
3312-UUMZW,No,3954.0,1,0.5498465634348897,0,0.4697986577181208,0,0.3444741113053988,1,False
1271-UODNO,No,1777.05,0,0.03954670175139642,0,0.015384615384615385,0,0.22271836232365488,0,False
8461-EFQYM,No,824.5,0,0.053330847438860775,0,0.021970705725699067,0,0.12658407681116543,0,False
6900-RBKER,No,1789.0,0,0.12303054232571874,0,0.015384615384615385,0,0.28577337361354915,0,False
6891-JPYFF,No,2526.0,0,0.2385046830876765,0,0.4697986577181208,0,0.2655472551606546,0,False
1459-QNFQT,No,119.0,0,0.009891352871231704,0,0.021970705725699067,0,0.1280660071640298,0,False
1047-NNCBF,No,3668.6,0,0.2984393823114448,0,0.29533678756476683,0,0.36861398959859415,0,False
3696-XRIEN,No,1815.0,0,0.059480510926534086,0,0.021970705725699067,0,0.1855039180054511,0,False
0074-HDKDG,No,2895.2000000000003,0,0.05871959769012206,0,0.021970705725699067,0,0.16873840010682525,0,False
8791-GFXLZ,No,2943.0,0,0.23838026202160068,0,0.1650485436893204,0,0.3255878963647902,0,False
9330-DHBFL,No,3246.25,0,0.04646134660939814,0,0.021970705725699067,0,0.14864911273892695,0,False
0098-BOWSO,No,872.9999999999999,0,0.11465471010201775,0,0.1111111111111111,0,0.15417258624121152,0,False
3452-ABWRL,No,2151.25,0,0.3337755220844752,0,0.29533678756476683,0,0.40753305109182797,0,False
5859-HZYLF,No,880.9,0,0.02016723073658793,0,0.021970705725699067,0,0.08579015636828671,0,False
3156-QLHBO,No,1347.5,0,0.13184943998841908,0,0.1111111111111111,0,0.12225243375466194,0,False
2208-NQBCT,No,3769.7,0,0.2025849368985115,1,0.5551470588235294,0,0.2844517646856198,1,False
1779-PWPMG,No,114.65,0,0.05583766472513595,0,0.06711409395973154,0,0.18374527930550588,0,False
6621-NRZAK,No,180.0,0,0.0026735437740360956,0,0.021970705725699067,0,0.07113736921961056,0,False
0831-JNISG,No,19.8,0,0.0021336615443240943,0,0.021970705725699067,0,0.07319168993106605,0,False
0774-IFUVM,No,3974.150000000001,0,0.25566824266868504,0,0.11405835543766578,0,0.2609249019004306,0,False
3082-WQRVY,No,1139.6999999999998,0,0.06503986827900443,0,0.021970705725699067,0,0.09715227744773941,0,False
9553-DLCLU,No,5248.05,0,0.04773662606285769,0,0.021970705725699067,0,0.1414371390710094,0,False
1641-BYBTK,No,1333.2,0,0.15087015729021566,0,0.11405835543766578,0,0.13317304494291934,0,False
2460-NGXBJ,No,4587.2,0,0.4675445192691831,1,0.6363636363636364,0,0.38977834384434684,1,False
2446-ZKVAF,No,3067.2,0,0.22509697678843138,0,0.1650485436893204,0,0.28009446841603414,0,False
3522-CDKHF,No,3020.0,0,0.22598533773939047,0,0.29533678756476683,0,0.3288126243368209,0,False
1430-SFQSA,No,1530.8,0,0.05683679643182741,0,0.021970705725699067,0,0.18185524594926736,0,False
0411-EZJZE,No,4157.25,0,0.4940857703119832,1,0.5932203389830508,0,0.4202798408793711,1,False
8807-ARQET,No,1250.85,0,0.23338952840847493,0,0.2926829268292683,0,0.33581159750522643,0,False
8992-CEUEN,No,1338.35,0,0.2375832450986664,0,0.3706896551724138,0,0.17432664834156125,0,False
4320-QMLLA,No,3565.25,0,0.2841839838005865,0,0.1650485436893204,0,0.34616316036899664,0,False
8777-PVYGU,No,1286.0,0,0.04678987513194581,0,0.021970705725699067,0,0.20519436571378122,0,False
8292-ITGYJ,No,665.55,0,0.012480392188704136,0,0.021970705725699067,0,0.08558095733624763,0,False
6870-ZWMNX,No,152.2,0,0.01141788038229834,0,0.015384615384615385,0,0.15432555545767485,0,False
0621-CXBKL,No,355.3,0,0.005723568943869087,0,0.021970705725699067,0,0.0875390621919279,0,False
5268-DSMNQ,No,979.5,0,0.14551134729037157,0,0.06666666666666667,0,0.27892947479076174,0,False
5334-JLAXU,No,1129.1999999999998,0,0.17368661415690187,0,0.08108108108108109,0,0.27777632518085,0,False
6242-MBHPK,No,4659.9,0,0.48875343812338834,1,0.5551470588235294,0,0.37637272259796944,1,False
9359-UGBTK,No,361.75,0,0.01938743030856354,0,0.021970705725699067,0,0.1828798803158143,0,False
4782-OSFXZ,No,82.7,0,0.013126162066836393,0,0.021970705725699067,0,0.14715131440453097,0,False
6479-OAUSD,No,935.3,0,0.03306284313034675,0,0.021970705725699067,0,0.0919419970910739,0,False
7129-ACFOG,No,3604.6,0,0.4412290050424524,1,0.5242718446601942,0,0.35951831035992127,1,False
4189-NAKJS,No,2371.3,0,0.13097073110369273,0,0.1004566210045662,0,0.28505412451740325,0,False
5562-BETPV,No,1395.15,0,0.07743077755775904,0,0.021970705725699067,0,0.11936044375488088,0,False
1282-IHQAC,No,88.1,0,0.0422079731741563,0,0.1004566210045662,0,0.2385741679544547,0,False
9127-FHJBZ,No,114.0,0,0.055723142568300014,0,0.06711409395973154,0,0.1892604103500743,0,False
1641-RQDAY,No,4016.0,0,0.4990530177423617,0,0.4540540540540541,0,0.364191408245377,0,False
6994-ORCWG,No,3146.5,0,0.17698667337064267,0,0.13043478260869565,0,0.27543901408630783,0,False
1346-UFHAX,No,4720.0,0,0.4775913348682941,1,0.7912621359223301,0,0.35867919474356313,1,False
2933-XEUJM,No,2059.2000000000003,0,0.03816390112606756,0,0.021970705725699067,0,0.195632143088743,0,False
5461-QKNTN,No,2734.7,0,0.44408592001637553,0,0.4540540540540541,0,0.327298560313567,0,False
4835-YSJMR,No,1643.4,0,0.028168522187653765,0,0.015384615384615385,0,0.21824071722083388,0,False
3164-YAXFY,No,806.25,0,0.16534258076205338,0,0.16666666666666666,0,0.29513432500635506,0,False
0887-WBJVH,No,1775.55,0,0.18721037265410548,0,0.1004566210045662,0,0.3011061613441715,0,False
4660-IRIBM,No,4746.6,0,0.39944663718029166,0,0.29533678756476683,0,0.301121126560044,0,False
7670-ZBPOQ,No,854.6999999999999,0,0.024685242279077337,0,0.021970705725699067,0,0.17757570984449533,0,False
8089-UZWLX,No,104.05,0,0.08472750574212005,0,0.06711409395973154,0,0.2936368977268262,0,False
0080-OROZO,No,3672.25,0,0.26544767479825193,0,0.24344569288389514,0,0.3052948381992963,0,False
3916-NRPAP,No,5913.3,0,0.4433141388524981,1,0.6479591836734694,0,0.39142827063404484,1,False
6807-SIWJI,No,3564.9,0,0.27402833939407295,0,0.24344569288389514,0,0.30538610542641814,0,False
8221-HVAYI,No,2558.55,0,0.02139339670171751,0,0.021970705725699067,0,0.13116357827786068,0,False
5232-NXPAY,No,1861.25,0,0.028674230623562155,0,0.015384615384615385,0,0.19538403283300113,0,False
8967-SZQAS,No,2926.1000000000004,0,0.2258198010543726,0,0.1111111111111111,0,0.3307670102286153,0,False
4468-KAZHE,No,3120.0,0,0.3239754259097445,0,0.1111111111111111,0,0.3406098421799084,0,False
0455-ENTCR,No,511.5,0,0.019147841909989104,0,0.021970705725699067,0,0.16360337246119314,0,False
8944-AILEF,No,1108.65,0,0.1281511365122473,0,0.11405835543766578,0,0.12801179582196942,0,False
5542-NKVRU,No,622.5,0,0.012254197718393905,0,0.021970705725699067,0,0.10094013181041218,0,False
7126-RBHSD,No,4339.5,0,0.3738284456205303,1,0.5551470588235294,0,0.3620903129305945,1,False
5370-IIVVL,No,3657.5,0,0.22169079864092253,0,0.24344569288389514,0,0.2530311981146035,0,False
6789-HJBWG,No,2964.0,0,0.2983118021969603,0,0.1111111111111111,0,0.36525288257926447,0,False
9087-EYCPR,No,300.0,0,0.0059204400720208605,0,0.021970705725699067,0,0.08470437141255599,0,False
6791-YBNAK,No,1379.7,0,0.20675508619849475,0,0.1650485436893204,0,0.27119987426763975,0,False
6077-BDPXA,No,4840.35,1,0.6868090515999078,0,0.45535714285714285,0,0.4877937483875283,1,False
0013-MHZWF,No,4372.200000000001,0,0.3095262204047239,0,0.1650485436893204,0,0.3046275610108102,0,False
8268-YDIXR,No,1490.4,0,0.1237106381792453,0,0.021970705725699067,0,0.269531378386934,0,False
4291-SHSBH,No,4520.75,1,0.5360258986725287,0,0.45535714285714285,0,0.4759344366736762,1,False
6980-IMXXE,No,60.6,0,0.0021359825968396483,0,0.021970705725699067,0,0.07105108331550823,0,False
0040-HALCW,No,367.2,0,0.004117571735109075,0,0.021970705725699067,0,0.07207958755002215,0,False
0784-GTUUK,No,237.5,0,0.01397193476018065,0,0.021970705725699067,0,0.10128114949039305,0,False
2294-DMMUS,No,704.5,0,0.12406080173893368,0,0.1650485436893204,0,0.30757712668326326,0,False
0872-JCPIB,No,3616.25,0,0.20086075249396693,0,0.11405835543766578,0,0.273892641519374,0,False
3055-MJDSB,No,1549.8000000000002,0,0.3870826833138971,0,0.38461538461538464,0,0.3837625900396239,0,False
9091-WTUUY,No,554.0,0,0.00674379358281151,0,0.021970705725699067,0,0.13502384464205788,0,False
7115-IRDHS,No,24.65,0,0.0034124529943816233,0,0.021970705725699067,0,0.07320098706273101,0,False
8496-DMZUK,No,3796.8,0,0.12642241379094712,0,0.021970705725699067,0,0.21504349243222795,0,False
2040-VZIKE,No,2319.55,0,0.3068290414988116,0,0.4697986577181208,0,0.3268762391471593,0,False
9068-VPWQQ,No,828.8499999999999,0,0.012485892600656627,0,0.021970705725699067,0,0.1355932628148776,0,False
0178-SZBHO,No,2180.0,0,0.26365030028581615,0,0.4540540540540541,0,0.3336999374356532,0,False
0384-RVBPI,No,3348.8,0,0.14698010245973864,0,0.11405835543766578,0,0.24540601817297866,0,False
1299-AURJA,No,49.4,0,0.00288990618094753,0,0.021970705725699067,0,0.06808792936713841,0,False
4525-VZCZG,No,1905.3,0,0.10786286420681228,0,0.24344569288389514,0,0.23208404021328644,0,False
1543-LLLFT,No,1081.3,0,0.13256362248612263,0,0.06666666666666667,0,0.2449017802730343,0,False
2788-CJQAQ,No,1147.55,0,0.06227807044080962,0,0.021970705725699067,0,0.09572798647155728,0,False
0319-QZTCO,No,4050.3,0,0.29006097363511946,1,0.5932203389830508,0,0.300362366511068,1,False
2120-SMPEX,No,947.05,0,0.09423968605899545,0,0.11405835543766578,0,0.13421673222393662,0,False
0096-FCPUF,No,2709.0,0,0.19812522304390956,0,0.11405835543766578,0,0.2786982703303059,0,False
0668-OGMHD,No,1453.5,0,0.2650618658574013,1,0.5242718446601942,0,0.29464427270599036,1,False
6507-ZJSUR,No,4432.05,1,0.702714489505122,1,0.5551470588235294,0,0.43121406236956905,2,False
9408-HRXRK,No,2839.05,0,0.32439507244229593,0,0.25,0,0.3040549208374821,0,False
5593-SUAOO,No,3991.2,0,0.16547106249412183,0,0.1004566210045662,0,0.23243661295642798,0,False
6766-HFKLA,No,1651.2,0,0.08274950754637686,0,0.06711409395973154,0,0.2190902852326529,0,False
7617-EYGLW,No,1380.95,0,0.20460848922446612,0,0.3706896551724138,0,0.16781358214183278,0,False
9220-ZNKJI,No,1509.6,0,0.04932109892461402,0,0.015384615384615385,0,0.2272755072688032,0,False
2226-ICFDO,No,85.9,0,0.013413112316173707,0,0.021970705725699067,0,0.13661739340763207,0,False
0723-VSOBE,No,923.4,0,0.11682246925279323,0,0.1004566210045662,0,0.2872606906659393,0,False
5529-GIBVH,No,503.75,0,0.00752414541586426,0,0.021970705725699067,0,0.08657792915495317,0,False
9992-UJOEL,No,3521.0,0,0.3812507939675666,1,0.5932203389830508,0,0.37146734565711015,1,False
4741-WWJQZ,No,5610.5,0,0.40968393250963836,1,0.6479591836734694,0,0.3682433082145699,1,False
6625-UTXEW,No,3075.0,0,0.29815530679480595,0,0.1111111111111111,0,0.3455024898536437,0,False
6244-BESBM,No,285.6,0,0.04575822737507712,0,0.06711409395973154,0,0.2285931181841388,0,False
1004-NOZNR,No,1516.8,0,0.08491290069028752,0,0.24344569288389514,0,0.23362510867330563,0,False
1251-STYSZ,No,5457.0,1,0.5518448194543422,1,0.7912621359223301,0,0.43310011315032976,2,False
2612-PHGOX,No,608.8,0,0.020432952867654328,0,0.015384615384615385,0,0.17372212218389638,0,False
8480-PPONV,No,1155.5,0,0.035694075075883784,0,0.06711409395973154,0,0.14859878559724782,0,False
8780-IHCRN,No,221.85,0,0.003952422241862411,0,0.021970705725699067,0,0.06845593677076339,0,False
4598-ZADCK,No,1018.4,0,0.052553510940312985,0,0.021970705725699067,0,0.18028518126340817,0,False
1257-SXUXQ,No,1303.15,0,0.12018306859557709,0,0.11405835543766578,0,0.11089619002153736,0,False
9681-KYGYB,No,2028.6,0,0.25905442980900223,0,0.25,0,0.31929138329479545,0,False
7182-OVLBJ,No,1011.5,0,0.07507931749339702,0,0.06711409395973154,0,0.24165189965085246,0,False
5095-ETBRJ,No,965.6,0,0.00713023074070486,0,0.021970705725699067,0,0.14221829742124623,0,False
7005-CYUIL,No,99.4,0,0.041978821352656195,0,0.06711409395973154,0,0.21605108424953046,0,False
4821-WQOYN,No,20.1,0,0.002574030264942745,0,0.021970705725699067,0,0.0842823572733513,0,False
4730-AWNAU,No,2185.2000000000003,0,0.057329594065615365,0,0.021970705725699067,0,0.13740556890960703,0,False
3452-FLHYD,No,984.65,0,0.047945075464148744,0,0.021970705725699067,0,0.10737171998288693,0,False
2388-LAESQ,No,114.85,0,0.05857084437752807,0,0.06711409395973154,0,0.18417385073407733,0,False
9531-NSBMR,No,693.0,0,0.029652072835238078,0,0.021970705725699067,0,0.11318118662687732,0,False
6260-ONULR,No,4458.8,0,0.444857260978396,1,0.5932203389830508,0,0.39602877968235317,1,False
4389-UEFCZ,No,105.5,0,0.09600332119328067,0,0.06711409395973154,0,0.27469566861347205,0,False
8711-LOBKY,No,258.05,0,0.0036524523369073367,0,0.021970705725699067,0,0.07320581422485135,0,False
8985-OOPOS,No,5261.099999999999,0,0.19836975380193383,0,0.1004566210045662,0,0.26072382707242503,0,False
8800-ZKRFW,No,4515.0,0,0.4137107449810648,0,0.4540540540540541,0,0.28676759868720003,0,False
2616-FLVQC,No,156.4,0,0.0036052633816875145,0,0.021970705725699067,0,0.08661828550546856,0,False
9968-FFVVH,No,619.1999999999999,0,0.01312754917421101,0,0.021970705725699067,0,0.14854525295137458,0,False
3108-PCCGG,No,84.45,0,0.016618645810377333,0,0.021970705725699067,0,0.16959842768031033,0,False
8390-FESFV,No,845.0,0,0.02112630891084432,0,0.015384615384615385,0,0.16612394807458533,0,False
3022-BEXHZ,No,556.0,0,0.06294970393714591,0,0.06711409395973154,0,0.20038180364385139,0,False
6248-TKCQV,No,161.2,0,0.013983114585966778,0,0.021970705725699067,0,0.15863076812994711,0,False
6729-GDNGC,No,4196.400000000001,0,0.46262264011902166,0,0.29533678756476683,0,0.38703790856796405,0,False
6198-ZFIOJ,No,5065.2,1,0.5271948707179712,1,0.6363636363636364,0,0.449012455814998,2,False
5989-OMNJE,No,2764.8,0,0.13786551849993922,0,0.021970705725699067,0,0.18368043609203877,0,False
1291-CUOCY,No,110.6,0,0.06634607757328995,0,0.06711409395973154,0,0.20468455129177085,0,False
9795-SHUHB,No,349.20000000000005,0,0.004945616120293023,0,0.021970705725699067,0,0.13527699367895848,0,False
3230-IUALN,No,2187.0,0,0.02389746529635281,0,0.021970705725699067,0,0.14410946172245165,0,False
0042-RLHYP,No,59.1,0,0.0021440278478425225,0,0.021970705725699067,0,0.07105108331550823,0,False
4945-RVMTE,No,2620.2,0,0.23918357069502674,0,0.1650485436893204,0,0.3186178054284114,0,False
1866-NXPSP,No,2719.8,0,0.04710471524648668,0,0.021970705725699067,0,0.1735241652693593,0,False
3941-XTSKM,No,1353.0,0,0.08540233133242218,0,0.1004566210045662,0,0.2131931201477617,0,False
1661-CZBAU,No,1702.8000000000002,0,0.05001023023605986,0,0.021970705725699067,0,0.1939991701103736,0,False
5158-RIVOP,No,1274.9,0,0.025386379853685116,0,0.021970705725699067,0,0.07628269806116107,0,False
9788-YTFGE,No,1296.75,0,0.20185584067121612,0,0.11405835543766578,0,0.14042375569690668,0,False
9277-JOOMO,No,1697.4,0,0.18494112682262334,0,0.1111111111111111,0,0.13220930023776298,0,False
1907-YLNYW,No,4268.8,0,0.3200043735108184,1,0.5242718446601942,0,0.33468907823872707,1,False
8947-YRTDV,No,3792.0,0,0.10556967903538181,0,0.24344569288389514,0,0.19776280464047033,0,False
3161-ONRWK,No,790.1999999999999,0,0.012453238763884156,0,0.021970705725699067,0,0.1375624083863458,0,False
0114-RSRRW,No,1236.9,0,0.14999434978347945,0,0.11405835543766578,0,0.1352304024347836,0,False
4565-NLZBV,No,24.65,0,0.005053809842382531,0,0.021970705725699067,0,0.08765919524909963,0,False
6682-VCIXC,No,1486.25,0,0.04141457858755001,0,0.021970705725699067,0,0.1400906531589617,0,False
6475-VHUIZ,No,2658.25,0,0.15297822909341913,0,0.16666666666666666,0,0.2642837507869416,0,False
3910-MRQOY,No,19.4,0,0.0024072205933439164,0,0.021970705725699067,0,0.07661856276589366,0,False
0661-WCQNQ,No,2812.5,0,0.06281713359693981,0,0.021970705725699067,0,0.18508593573067278,0,False
7537-RBWEA,No,1785.65,0,0.44943518391170634,1,0.5932203389830508,0,0.414349949529503,1,False
4656-CAURT,No,71.85,0,0.0039043481837024085,0,0.021970705725699067,0,0.08290067914947265,0,False
0121-SNYRK,No,778.8,0,0.037040774348981176,0,0.021970705725699067,0,0.18966040454524757,0,False
3733-LSYCE,No,4294.95,0,0.3021300034044843,0,0.29533678756476683,0,0.3338711454897886,0,False
6265-FRMTQ,No,836.4,0,0.014089342481705703,0,0.021970705725699067,0,0.08556737741370578,0,False
1371-DWPAZ,No,4035.6,0,0.08745099699937404,0,0.021970705725699067,0,0.1411838658405323,0,False
2017-CCBLH,No,1280.0,0,0.03883001742749299,0,0.021970705725699067,0,0.0926177847053885,0,False
7690-KPNCU,No,584.4,0,0.032668593235142714,0,0.021970705725699067,0,0.19185637466172603,0,False
0536-BGFMZ,No,902.0,0,0.060186408082421546,0,0.11405835543766578,0,0.10696407606949945,0,False
2293-IJWPS,No,1511.25,0,0.2532993844431348,0,0.24344569288389514,0,0.3028716569338821,0,False
5469-NUJUR,No,1057.35,0,0.03706853864364553,0,0.021970705725699067,0,0.10324851234831488,0,False
2625-TRCZQ,No,1042.65,0,0.22594992725788632,0,0.2926829268292683,0,0.3188644156000436,0,False
4102-HLENU,No,328.25,0,0.008938666029980922,0,0.021970705725699067,0,0.1571237573600618,0,False
7266-GSSJX,No,1247.45,0,0.19138209685155078,0,0.1111111111111111,0,0.13024645591049275,0,False
7722-VJRQD,No,60.95,0,0.009445245054736838,0,0.021970705725699067,0,0.1278160071640298,0,False
7073-QETQY,No,122.1,0,0.010045864675232143,0,0.021970705725699067,0,0.10564576729582738,0,False
5624-RYAMH,No,1228.5,0,0.203463768859399,0,0.1111111111111111,0,0.15978611176559557,0,False
0196-JTUQI,No,4737.6,0,0.4889375691917845,1,0.6363636363636364,0,0.4290790296852163,1,False
7130-YXBRO,No,2674.8,0,0.28551552617191556,0,0.4697986577181208,0,0.27479478208389013,0,False
9272-LSVYH,No,4349.3,0,0.37699188712679493,0,0.45535714285714285,0,0.40328648710479487,0,False
3084-DOWLE,No,92.0,0,0.010764547978556274,0,0.021970705725699067,0,0.12643099688350903,0,False
1084-MNSMJ,No,1795.5,0,0.011624176910243672,0,0.021970705725699067,0,0.11959328456763392,0,False
4238-HFHSN,No,903.65,0,0.257584112551061,0,0.4540540540540541,0,0.38804959638935754,0,False
6250-CGGUN,No,1519.2,0,0.05823496713988,0,0.021970705725699067,0,0.22948478939438754,0,False
5478-JJVZK,No,2375.1,0,0.13002586043544348,0,0.11405835543766578,0,0.24914898177302572,0,False
7596-IIWYC,No,911.25,0,0.023411995505433193,0,0.021970705725699067,0,0.10159266651082502,0,False
9793-WECQC,No,4669.7,0,0.36894855447166325,0,0.4697986577181208,0,0.3318906375079507,0,False
4291-HPAXL,No,1409.35,0,0.13543506950078324,0,0.3706896551724138,0,0.14800549780848424,0,False
8999-YPYBV,No,2277.45,0,0.0225692645757215,0,0.021970705725699067,0,0.13094667906130533,0,False
1839-FBNFR,No,655.0500000000001,0,0.011617072255684473,0,0.021970705725699067,0,0.08486464184152258,0,False
3071-MVJCD,No,82.3,0,0.006102616354942625,0,0.021970705725699067,0,0.11807421661472073,0,False
1697-BCSHV,No,935.2,0,0.08958347280305827,0,0.1650485436893204,0,0.26793124460584017,0,False
0562-KBDVM,No,89.2,0,0.007317146996007452,0,0.021970705725699067,0,0.14495745949584923,0,False
1131-SUEKT,No,1082.95,0,0.10072919169295763,0,0.24344569288389514,0,0.21738668860329294,0,False
3717-OEAUQ,No,4949.0,1,0.535158304377913,0,0.45535714285714285,0,0.42057762553208794,1,False
4538-WNTMJ,No,648.6999999999999,0,0.016348035039765646,0,0.021970705725699067,0,0.08015241046509063,0,False
9432-RUVSL,No,2460.0,0,0.0666318687043393,0,0.06711409395973154,0,0.20836404257167437,0,False
8060-HIWJJ,No,692.4,0,0.019934735203585078,0,0.015384615384615385,0,0.16789686367640105,0,False
7684-XSZIY,No,24.3,0,0.002685969028639288,0,0.021970705725699067,0,0.06826253846186922,0,False
9089-UOWJG,No,3501.0,0,0.3128619455832272,0,0.1650485436893204,0,0.30297896171328326,0,False
8039-ACLPL,No,68.75,0,0.005544574849914355,0,0.021970705725699067,0,0.14526628390880456,0,False
9885-AIBVB,No,3689.4,0,0.41702139881423506,1,0.5551470588235294,0,0.3804793446957612,1,False
1934-MKPXS,No,783.9000000000001,0,0.01903858186912686,0,0.021970705725699067,0,0.07820535772303266,0,False
2592-YKDIF,No,1444.85,0,0.15790913911030746,0,0.3706896551724138,0,0.1548548316675791,0,False
2272-JKMSI,No,1108.0,0,0.15753063958437113,0,0.24344569288389514,0,0.24404851102691427,0,False
8714-CTZJW,No,5633.799999999999,1,0.51157648981501,1,0.6479591836734694,0,0.4257438307341571,2,False
3569-EDBPQ,No,4048.8,0,0.40423983789746704,1,0.5551470588235294,0,0.3347756396848975,1,False
3131-NWVFJ,No,1133.9,0,0.04558708500922978,0,0.021970705725699067,0,0.08311325973098943,0,False
7521-YXVZY,No,1376.55,0,0.12628228890054258,0,0.1111111111111111,0,0.12199243375466194,0,False
2373-NTKOD,No,4240.0,0,0.4535219435726796,1,0.5242718446601942,0,0.40750794016707736,1,False
1970-KKFWL,No,862.1,0,0.016121931642404382,0,0.021970705725699067,0,0.08408292389466294,0,False
9337-SRRNI,No,151.8,0,0.004895661024861967,0,0.021970705725699067,0,0.091594132731063,0,False
0895-UADGO,No,2851.2,0,0.09707821988429026,0,0.021970705725699067,0,0.19635895873578815,0,False
5678-VFNEQ,No,104.1,0,0.11862101225783941,0,0.0,0,0.2528778622761832,0,False
5977-CKHON,No,2683.95,0,0.30061656451404606,0,0.4697986577181208,0,0.3388450599212347,0,False
2692-BUCFV,No,4362.35,0,0.4179232828821335,0,0.4697986577181208,0,0.34819542346196997,0,False
1830-GGFNM,No,661.85,0,0.016045280130321343,0,0.06711409395973154,0,0.1430622414203286,0,False
5302-BDJNT,No,3533.5,0,0.3299897637558157,0,0.4540540540540541,0,0.33684542788641403,0,False
5223-UZAVK,No,802.4,0,0.0966575959871471,0,0.24344569288389514,0,0.2489043622732715,0,False
4859-ZSRDZ,No,777.0,0,0.02895814077557825,0,0.015384615384615385,0,0.16766998438161523,0,False
5651-WYIPH,No,2691.9,0,0.2162327528978925,0,0.1650485436893204,0,0.3255378033095131,0,False
9350-VLHMB,No,447.75,0,0.18364282446886393,0,0.08108108108108109,0,0.3126727467206783,0,False
3498-LZGQZ,No,172.35,0,0.004375832591473858,0,0.021970705725699067,0,0.0872895258462642,0,False
8785-CJSHH,No,1197.6,0,0.4469665044941254,0,0.4540540540540541,0,0.3821335795951208,0,False
3870-SPZSI,No,226.1,0,0.03938528876334822,0,0.06711409395973154,0,0.15706869083733255,0,False
7560-QRBXH,No,478.8,0,0.010502592853035862,0,0.021970705725699067,0,0.08603341420239129,0,False
7077-XJMET,No,4449.0,0,0.35227997535894967,1,0.5242718446601942,0,0.319403550963704,1,False
8752-GHJFU,No,92.0,0,0.07480935146374207,0,0.021970705725699067,0,0.2285096132722327,0,False
6896-SRVYQ,No,2067.8,0,0.2506003041982328,0,0.4540540540540541,0,0.3918795514708369,0,False
4652-ODEVH,No,660.15,0,0.009323313413704674,0,0.021970705725699067,0,0.07029169057167281,0,False
6510-UPNKS,No,1215.2,0,0.04717524329038705,0,0.021970705725699067,0,0.09239522094330185,0,False
6718-BDGHG,No,1880.65,0,0.07986519777017911,0,0.1004566210045662,0,0.21853211381703075,0,False
9046-DQMTP,No,767.75,0,0.0431080315930547,0,0.11405835543766578,0,0.11506910574980825,0,False
6439-LAJXL,No,4343.85,0,0.1898687635271402,0,0.11405835543766578,0,0.22058808660936813,0,False
9052-VKDUW,No,765.8000000000001,0,0.23340399282885044,0,0.26666666666666666,0,0.2693170961572783,0,False
1666-JZPZT,No,2205.0,0,0.1785251796615331,0,0.1650485436893204,0,0.31299669717775674,0,False
5777-KJIRB,No,1608.0,0,0.06847073187777897,0,0.13043478260869565,0,0.2610961268737055,0,False
7677-SJJJK,No,1273.6,0,0.05692843684898825,0,0.021970705725699067,0,0.08411899362907733,0,False
2480-EJWYP,No,1369.2,0,0.24151961581913955,0,0.24344569288389514,0,0.30353309345306484,0,False
3253-HKOKL,No,2006.0,0,0.11863506720595356,0,0.24344569288389514,0,0.24469817661997909,0,False
7055-HNEOJ,No,3850.2,0,0.3203168970166791,0,0.3939393939393939,0,0.2963498309694256,0,False
5514-YQENT,No,3445.65,0,0.08929432302123058,0,0.06711409395973154,0,0.2089994630877402,0,False
3211-AAPKX,No,5124.599999999999,0,0.4846864229934217,0,0.4697986577181208,0,0.35189532624909803,0,False
8445-DNBAE,No,3553.55,1,0.5284693731812782,1,0.5932203389830508,0,0.42707007356105753,2,False
2958-NHPPS,No,1021.65,0,0.105382003037076,0,0.1111111111111111,0,0.13073135506466216,0,False
6806-YDEUL,No,1287.0,0,0.14319838136303245,0,0.11405835543766578,0,0.1305777100184173,0,False
1735-XMJVH,No,1238.4,0,0.14494915097087005,0,0.11405835543766578,0,0.11874058941802001,0,False
6890-PFRQX,No,3753.0,0,0.23545077189842553,0,0.11405835543766578,0,0.2642985525984104,0,False
0222-CNVPT,No,976.0,0,0.15203768177847984,0,0.11405835543766578,0,0.28063214101898204,0,False
5899-OUVKV,No,3874.5,0,0.46138634290899894,1,0.5551470588235294,0,0.39449071980666534,1,False
8681-ICONS,No,887.9499999999999,0,0.06749756236375962,0,0.11405835543766578,0,0.11314242660095994,0,False
1621-YNCJH,No,3817.8,0,0.08154482355378954,0,0.06711409395973154,0,0.1754091556011697,0,False
6362-QHAFM,No,3249.0,0,0.2916171595643295,0,0.24344569288389514,0,0.2957156531306385,0,False
3070-BDOQC,No,1195.8000000000002,0,0.11508042807991489,0,0.06711409395973154,0,0.304031555995404,0,False
6234-PFPXL,No,4795.0,0,0.31663830899310186,0,0.29533678756476683,0,0.25868851496969364,0,False
9824-QCJPK,No,720.0,0,0.02345859406446121,0,0.021970705725699067,0,0.08753372163591586,0,False
4283-IVYCI,No,4091.85,0,0.1605535496332115,0,0.11405835543766578,0,0.2432038402851596,0,False
1866-OBPNR,No,5296.599999999999,0,0.34577781789200274,0,0.5,0,0.35689178508853736,0,False
8205-MQUGY,No,2952.0,0,0.22571386272883623,1,0.5242718446601942,0,0.2964911176253761,1,False
8970-ANWXO,No,3613.75,0,0.2102110575707773,0,0.375,0,0.24420548031884323,0,False
9480-BQJEI,No,923.0,0,0.11086965868926878,0,0.021970705725699067,0,0.2554651070685319,0,False
6979-TNDEU,No,1228.8,0,0.12609000736430248,0,0.11405835543766578,0,0.12082506048774404,0,False
9777-WJJPR,No,3634.65,0,0.3387051095066271,0,0.29533678756476683,0,0.3351063311134446,0,False
9495-SKLKD,No,2590.65,0,0.27667296134827546,0,0.4697986577181208,0,0.3021609657408314,0,False
6048-UWKAL,No,316.20000000000005,0,0.05333861739577908,0,0.06711409395973154,0,0.2250071316379498,0,False
5067-DGXLL,No,1417.5,0,0.15583080352263126,0,0.1111111111111111,0,0.13188360915431926,0,False
6281-FKEWS,No,1373.4,0,0.1824435380690864,0,0.1004566210045662,0,0.2873863129000724,0,False
8898-KASCD,No,1173.15,0,0.05444475630083686,0,0.13043478260869565,0,0.1985154664376705,0,False
9242-TKFSV,No,65.1,0,0.011775300610531829,0,0.021970705725699067,0,0.12186179803685272,0,False
9290-SHCMB,No,5714.15,1,0.6095222808126196,1,0.6479591836734694,0,0.45571478124619935,2,False
0743-HNPFG,No,1464.75,0,0.022171048908185973,0,0.021970705725699067,0,0.15219358453545476,0,False
2277-BKJKN,No,99.2,0,0.10567747259429958,0,0.06711409395973154,0,0.2939869612631968,0,False
5035-PGZXH,No,1708.8,0,0.2519954606011258,0,0.24344569288389514,0,0.32987164281204384,0,False
8695-WDYEA,No,3638.75,0,0.21360359804870332,0,0.43157894736842106,0,0.3195849132473168,0,False
6543-JXSOO,No,2829.75,0,0.046241701215051924,0,0.021970705725699067,0,0.15441129126498032,0,False
8016-ZMGMO,No,425.1,0,0.05356496866233955,0,0.1004566210045662,0,0.24192753144641757,0,False
8605-ITULD,No,1388.05,0,0.15910548332604857,0,0.3706896551724138,0,0.15710967484662133,0,False
6416-YJTTB,No,4849.5,0,0.34047055642980856,1,0.6479591836734694,0,0.359346307703219,1,False
4472-VESGY,No,1963.0,0,0.13692998102962753,0,0.08108108108108109,0,0.22940750960756623,0,False
3195-TQDZX,No,1397.25,0,0.24495776123849514,0,0.1111111111111111,0,0.1688649898081567,0,False
3128-YOVTD,No,1662.15,0,0.11037585457494864,0,0.29533678756476683,0,0.26114475113682034,0,False
1728-CXQBE,No,754.0,0,0.3110286722071766,0,0.4540540540540541,0,0.38166405261361724,0,False
7041-TXQJH,No,1407.0,0,0.21318078370985433,0,0.1650485436893204,0,0.31825511920719507,0,False
5014-GSOUQ,No,1177.05,0,0.03238680999211371,0,0.021970705725699067,0,0.0895908985111718,0,False
5724-BIDBU,No,1273.05,0,0.06630712739572392,0,0.021970705725699067,0,0.244798223524107,0,False
0481-SUMCB,No,2758.05,0,0.28846320293733646,0,0.24344569288389514,0,0.3259770890370784,0,False
1769-GRUIK,No,3839.4,0,0.4501520382762899,1,0.5551470588235294,0,0.4446638193879008,1,False
8819-WFGGJ,No,216.4,0,0.026150811905609486,0,0.021970705725699067,0,0.1799620481535748,0,False
7427-AUFPY,No,353.7,0,0.005038313448626143,0,0.021970705725699067,0,0.08687421565712652,0,False
2811-POVEX,No,4334.05,0,0.35967603457791586,0,0.4697986577181208,0,0.31903969094606077,0,False
7898-PDWQE,No,80.4,0,0.00796120311606054,0,0.021970705725699067,0,0.12513465238977806,0,False
9972-EWRJS,No,96.25,0,0.003418515877045761,0,0.021970705725699067,0,0.08494787065396739,0,False
9314-IJWSQ,No,4918.4,1,0.5512452295313781,1,0.5551470588235294,0,0.4148512064647257,2,False
5799-JRCZO,No,175.5,0,0.0026385274758005052,0,0.021970705725699067,0,0.0778923475071343,0,False
1921-KYSAY,No,2126.6,0,0.11570799432088362,0,0.1004566210045662,0,0.24874147970402583,0,False
6198-RTPMF,No,5093.0,1,0.5630384344126105,1,0.5551470588235294,0,0.4088132167963444,2,False
2924-KHUVI,No,1608.8,0,0.2568393939455935,0,0.24344569288389514,0,0.31797434370065336,0,False
1925-GMVBW,No,1376.85,0,0.12817183772895593,0,0.11405835543766578,0,0.12241849198699097,0,False
6184-DYUOB,No,1352.4,0,0.23154054827761775,0,0.1111111111111111,0,0.14141063853254068,0,False
9207-ZPANB,No,2360.75,0,0.046241275634359875,0,0.021970705725699067,0,0.17090508048364522,0,False
9327-QSDED,No,2787.2,0,0.2886357000478428,0,0.1650485436893204,0,0.34761611162056316,0,False
1656-DRSMG,No,988.65,0,0.223081688792699,0,0.26666666666666666,0,0.2817859823483962,0,False
3012-VFFMN,No,1342.25,0,0.10884774115749161,0,0.11405835543766578,0,0.1016470573741304,0,False
2984-AFWNC,No,6582.6,1,0.5444967709401237,1,0.6479591836734694,0,0.4103437093677092,2,False
0640-YJTPY,No,21.0,0,0.001906618086291204,0,0.021970705725699067,0,0.07030052198811333,0,False
8096-LOIST,No,2978.6000000000004,0,0.324245588179125,0,0.16666666666666666,0,0.3807287536989319,0,False
9764-REAFF,No,239.2,0,0.004165505500175545,0,0.021970705725699067,0,0.07839157641727855,0,False
7107-UBYKY,No,952.75,0,0.09096913660138732,0,0.1111111111111111,0,0.12619550247000091,0,False
4881-GQJTW,No,1136.8000000000002,0,0.0962749037062134,0,0.11405835543766578,0,0.11352745866147193,0,False
7876-DNYAP,No,59.400000000000006,0,0.0021015306006208836,0,0.021970705725699067,0,0.07021085670510173,0,False
7905-NJMXS,No,4173.0,0,0.2228688948906869,0,0.1111111111111111,0,0.24965626724562026,0,False
2882-WDTBA,No,227.25,0,0.0071178624209250205,0,0.021970705725699067,0,0.12933616412189733,0,False
2091-GPPIQ,No,78.95,0,0.02567028693202798,0,0.015384615384615385,0,0.195643317119544,0,False
5071-FBJFS,No,3420.4,0,0.21186048784201839,1,0.5242718446601942,0,0.3004472223415336,1,False
2796-UUZZO,No,722.6999999999999,0,0.10717366055647495,0,0.08108108108108109,0,0.29772621384956627,0,False
2429-AYKKO,No,19.85,0,0.0023680571940059296,0,0.021970705725699067,0,0.08481961992352298,0,False
9798-OPFEM,No,548.6,0,0.015099590326826392,0,0.021970705725699067,0,0.11754738146057636,0,False
3794-NFNCH,No,2100.0,0,0.19630858628737216,0,0.1650485436893204,0,0.29800650720495175,0,False
5193-QLVZB,No,942.75,0,0.10558980275291217,0,0.06711409395973154,0,0.2778563875905787,0,False
7114-AEOZE,No,238.2,0,0.0038800185523815383,0,0.021970705725699067,0,0.08592338002689337,0,False
5522-NYKPB,No,4037.3,0,0.2908213894546106,1,0.5551470588235294,0,0.3165910944470398,1,False
9957-YODKZ,No,5332.8,1,0.6218906729937418,1,0.7912621359223301,0,0.4620583359406824,2,False
6518-KZXCB,No,1262.5,0,0.02996040254427083,0,0.021970705725699067,0,0.08742709199738019,0,False
2245-ADZFJ,No,3302.55,0,0.04484355509721458,0,0.015384615384615385,0,0.1682202544947119,0,False
7776-QGYJC,No,2689.5,0,0.1688010674522741,0,0.29533678756476683,0,0.28414448913523055,0,False
9313-QOLTZ,No,961.4,0,0.06901007326385362,0,0.11405835543766578,0,0.11500007746281969,0,False
4672-FOTSD,No,4035.0,0,0.2622487284417983,0,0.1111111111111111,0,0.2655501993774525,0,False
9818-XQCUV,No,1424.5,0,0.15291297335381415,0,0.1111111111111111,0,0.13188762907777352,0,False
7338-ERIVA,No,1486.65,0,0.04077575406751897,0,0.021970705725699067,0,0.15610060183960264,0,False
8259-NFJTV,No,2252.25,0,0.174891957307185,0,0.11405835543766578,0,0.22473014252161708,0,False
3223-DWFIO,No,4715.799999999999,1,0.510918621397489,0,0.45535714285714285,0,0.45461646848790715,1,False
6968-GMKPR,No,1386.35,0,0.210362764067722,0,0.4540540540540541,0,0.3797848741690184,0,False
4751-ERMAN,No,75.4,0,0.017853777817626152,0,0.015384615384615385,0,0.20376851777626703,0,False
1436-ZMJAN,No,4203.599999999999,0,0.4441632479322472,0,0.1650485436893204,0,0.3380842719003686,0,False
3292-PBZEJ,No,6795.400000000001,1,0.7160464752323009,1,0.7912621359223301,0,0.37747117246951006,2,False
0799-DDIHE,No,2639.1,0,0.20761608579226487,1,0.5242718446601942,0,0.31959795328676943,1,False
3070-FNFZQ,No,999.6,0,0.01584293047443189,0,0.021970705725699067,0,0.07060906012478453,0,False
2812-SFXMJ,No,1423.55,0,0.13516622018528243,0,0.3706896551724138,0,0.14800549780848424,0,False
5014-WUQMG,No,2402.5,0,0.1386315439226451,0,0.24344569288389514,0,0.23976270081819248,0,False
5312-TSZVC,No,1120.05,0,0.042538839823246875,0,0.021970705725699067,0,0.08878175752616695,0,False
0993-OSGPT,No,242.6,0,0.018400481510455133,0,0.1004566210045662,0,0.1983892484407597,0,False
7108-DGVUU,No,3656.7,0,0.14204808153247056,0,0.1004566210045662,0,0.2279044306097665,0,False
2782-JEEBU,No,1836.0,0,0.21291460297861423,0,0.1650485436893204,0,0.2627042605629153,0,False
5127-BZENZ,No,1043.2,0,0.027505558244932646,0,0.021970705725699067,0,0.17828257098609057,0,False
2720-FVBQP,No,3230.7000000000003,0,0.37912880106732555,0,0.38461538461538464,0,0.34309821926419454,0,False
9906-NHHVC,No,374.5,0,0.04179632557498861,0,0.015384615384615385,0,0.24144916997097812,0,False
4522-XRWWI,No,2413.5,0,0.054755898095060006,0,0.021970705725699067,0,0.17044633331878287,0,False
3766-EJLFL,No,436.2,0,0.050015216626281445,0,0.06711409395973154,0,0.1856501688581683,0,False
5939-SXWHM,No,631.2,0,0.0076092974065734955,0,0.021970705725699067,0,0.06856608005892903,0,False
8152-UOBNY,No,2349.6,0,0.25132737848255077,0,0.24344569288389514,0,0.3011855902756388,0,False
7351-KYHQH,No,4221.75,0,0.39897483306686654,0,0.1111111111111111,0,0.3727775766148178,0,False
7643-RCHXS,No,174.15,0,0.004139459146799371,0,0.021970705725699067,0,0.0775666195646926,0,False
8246-SHFGA,No,1160.5,0,0.08504876560994301,0,0.11405835543766578,0,0.11214362998584233,0,False
0620-XEFWH,No,1281.8000000000002,0,0.12557146665491353,0,0.11405835543766578,0,0.11315945990398348,0,False
6485-QXWWE,No,260.0,0,0.004039287408359299,0,0.021970705725699067,0,0.07497754708126703,0,False
7321-VGNKU,No,4924.5,1,0.5655070972044053,0,0.45535714285714285,0,0.4704942797905953,1,False
5327-CNLUQ,No,2325.6000000000004,0,0.08287966390882766,0,0.06711409395973154,0,0.22279435274513418,0,False
7552-KEYGT,No,879.75,0,0.017243425754534834,0,0.021970705725699067,0,0.0769155062214701,0,False
5816-JMLGY,No,160.8,0,0.01366896626820355,0,0.015384615384615385,0,0.16322857039012803,0,False
2927-QRRQV,No,2460.9,0,0.2525241125511018,0,0.06666666666666667,0,0.31587921581122486,0,False
6265-SXWBU,No,287.25,0,0.06801575322062506,0,0.06666666666666667,0,0.22678588621914095,0,False
7941-RCJOW,No,136.85,0,0.00448970446027097,0,0.021970705725699067,0,0.09904596698997173,0,False
6374-NTQLP,No,104.1,0,0.035813393513651266,0,0.06711409395973154,0,0.18425525447611601,0,False
2387-KDZQY,No,1105.5,0,0.06857170952032726,0,0.021970705725699067,0,0.11426409693355052,0,False
3584-WKTTW,No,2342.55,0,0.19601888388553684,0,0.24344569288389514,0,0.2550153271914,0,False
3399-BMLVW,No,1270.5,0,0.006093456788561149,0,0.021970705725699067,0,0.12813941707970003,0,False
1971-DTCZB,No,90.95,0,0.015658185460330733,0,0.021970705725699067,0,0.13632533630662738,0,False
3374-PZLXD,No,748.6,0,0.04797518702104237,0,0.11405835543766578,0,0.11322956041345689,0,False
3813-DHBBB,No,254.75,0,0.012513006894088977,0,0.021970705725699067,0,0.14269674152128226,0,False
2812-REYAT,No,461.15,0,0.0175083084493699,0,0.021970705725699067,0,0.1086076547136886,0,False
6518-PPLMZ,No,368.6,0,0.006933052718647526,0,0.021970705725699067,0,0.08683990604808431,0,False
4939-KYYPY,No,2675.25,0,0.1741879235364209,0,0.16666666666666666,0,0.2817855064485765,0,False
5930-GBIWP,No,244.5,0,0.01175710042286954,0,0.021970705725699067,0,0.14982052324341882,0,False
6022-KOUQO,No,2033.5,0,0.2565344987462573,0,0.3939393939393939,0,0.29223097180497204,0,False
2361-UPSND,No,1835.6,0,0.02491075910689363,0,0.021970705725699067,0,0.15911047489053237,0,False
6035-RIIOM,No,1749.6,0,0.12496309874085276,0,0.06711409395973154,0,0.29258319868191884,0,False
9504-DSHWM,No,3078.4,0,0.11710217089582935,0,0.11405835543766578,0,0.22922805118453554,0,False
5035-BVCXS,No,4629.900000000001,0,0.4094402653855565,0,0.45535714285714285,0,0.37825146503720575,0,False
6267-DCFFZ,No,3782.1,0,0.49504299379823496,1,0.5551470588235294,0,0.3968394144764922,1,False
3533-UVMOM,No,283.8,0,0.008398940475057327,0,0.021970705725699067,0,0.15303364889524482,0,False
2439-LYPMQ,No,3488.4,1,0.6510619288928078,0,0.4540540540540541,0,0.382721153694266,1,False
1478-VPOAD,No,3109.8,0,0.3382664869136535,0,0.43157894736842106,0,0.4126742081321603,0,False
9995-HOTOH,No,531.0,0,0.022492215876415277,0,0.021970705725699067,0,0.17153505357766757,0,False
2988-PLAHS,No,4826.55,0,0.42333464305341334,0,0.1004566210045662,0,0.3492826601163019,0,False
1371-OJCEK,No,584.4000000000001,0,0.017188780421065804,0,0.021970705725699067,0,0.09165751601303551,0,False
4999-IEZLT,No,176.7,0,0.017581210643991322,0,0.1004566210045662,0,0.21120469277391263,0,False
8883-ANODQ,No,337.6,0,0.039295570557921274,0,0.015384615384615385,0,0.2422900274214681,0,False
2351-RRBUE,No,1342.25,0,0.059269734210497985,0,0.021970705725699067,0,0.08755020826230747,0,False
5980-BDHPY,No,87.1,0,0.01614559610205532,0,0.021970705725699067,0,0.137132884705699,0,False
1498-DQNRX,No,853.5500000000001,0,0.05821130069109276,0,0.11405835543766578,0,0.10658432923405639,0,False
9469-WEJBT,No,3162.25,0,0.33313545878853584,0,0.4540540540540541,0,0.3364170100562699,0,False
2581-VKIRT,No,851.5,0,0.012709373115547306,0,0.021970705725699067,0,0.14224349616865423,0,False
7426-WEIJX,No,971.4,0,0.22477562337508217,0,0.25,0,0.34755328892040455,0,False
2851-MMUTZ,No,2526.75,0,0.12329543899772981,0,0.1650485436893204,0,0.25559871983884863,0,False
3307-TLCUD,No,1892.0,0,0.19889888036169043,0,0.11405835543766578,0,0.2390775645260597,0,False
6625-FLENO,No,290.5,0,0.0047800672028694615,0,0.021970705725699067,0,0.07684592232744065,0,False
2967-MXRAV,No,1334.8,0,0.084132198909173,0,0.021970705725699067,0,0.1215343325973846,0,False
8189-HBVRW,No,1725.2,0,0.1676135685083098,0,0.25,0,0.3041782539088864,0,False
4163-KIUHY,No,947.2,0,0.11131394015304337,0,0.1111111111111111,0,0.15500010974936815,0,False
3500-NSDOA,No,283.2,0,0.009758366089941137,0,0.015384615384615385,0,0.16880590659052788,0,False
1171-TYKUR,No,635.0,0,0.05228668084490518,0,0.1111111111111111,0,0.11952632480611997,0,False
3761-FLYZI,No,761.6,0,0.2938425092791451,0,0.26666666666666666,0,0.33440386613034934,0,False
1219-NNDDO,No,4841.549999999999,1,0.5697056009523306,1,0.6363636363636364,0,0.47890957389556577,2,False
8388-DMKAE,No,1296.0,0,0.0389399439284518,0,0.021970705725699067,0,0.09292568911715321,0,False
4403-BWPAY,No,1438.4,0,0.09288160211091874,0,0.021970705725699067,0,0.11657554046904967,0,False
9659-QEQSY,No,3122.55,0,0.30077014376981737,0,0.25,0,0.2834387534711783,0,False
5405-ZMYXQ,No,4774.4,0,0.49664093460523673,1,0.6363636363636364,0,0.4299080650931989,1,False
1442-OKRJE,No,618.9000000000001,0,0.08069282826409574,0,0.24344569288389514,0,0.20956689040952414,0,False
4737-AQCPU,No,72.1,0,0.00404170016077867,0,0.021970705725699067,0,0.12072042215512997,0,False
2808-CHTDM,No,1229.9,0,0.0230425756072979,0,0.021970705725699067,0,0.07111500082266049,0,False
0793-TWELN,No,5450.200000000001,1,0.5231417333382886,1,0.7912621359223301,0,0.4247524148446074,2,False
3283-WCWXT,No,1676.4,0,0.04654480711263314,0,0.021970705725699067,0,0.08013774649971092,0,False
1060-ENTOF,No,527.0,0,0.07669430063532848,0,0.24344569288389514,0,0.19424729801297722,0,False
0999-QXNSA,No,2973.75,0,0.29061505366910656,0,0.1650485436893204,0,0.370109745040044,0,False
5451-MHQOF,No,391.2,0,0.01593771709280536,0,0.021970705725699067,0,0.09657074282912376,0,False
4836-WNFNO,No,25.0,0,0.0033201510546977623,0,0.021970705725699067,0,0.07350312543730203,0,False
9225-BZLNZ,No,85.25,0,0.03144333464767377,0,0.021970705725699067,0,0.20078754700976045,0,False
0354-VXMJC,No,960.4,0,0.015839757568469205,0,0.021970705725699067,0,0.07200095136555233,0,False
4422-QVIJA,No,1855.55,0,0.11403199611038389,0,0.1650485436893204,0,0.2926765278186176,0,False
9365-SRSZE,No,3174.75,0,0.4314810643352903,1,0.5551470588235294,0,0.422818529118004,1,False
8332-OSJDW,No,1584.0,0,0.06488083750350351,0,0.021970705725699067,0,0.08201074004603673,0,False
4735-BJKOU,No,644.8,0,0.01010728247954914,0,0.021970705725699067,0,0.08685789415932764,0,False
0274-JKUJR,No,3825.25,0,0.27954164112215096,0,0.11405835543766578,0,0.21359036700727774,0,False
5740-YHGTW,No,195.1,0,0.11745213266566337,0,0.26666666666666666,0,0.2600545293992129,0,False
8917-SZTTJ,No,235.8,0,0.003152206082449829,0,0.021970705725699067,0,0.07074943867347583,0,False
1696-MZVAU,No,833.25,0,0.07848153535802715,0,0.1004566210045662,0,0.2504561533472484,0,False
7359-WWYJV,No,114.45,0,0.03619413876167992,0,0.06711409395973154,0,0.15355121500173946,0,False
4906-ZHGPK,No,1272.6,0,0.05829627708530462,0,0.1004566210045662,0,0.20905325118913104,0,False
3795-GWTRD,No,679.9499999999999,0,0.005511611466349964,0,0.021970705725699067,0,0.11933257910527285,0,False
1298-PHBTI,No,84.8,0,0.04089549615284157,0,0.015384615384615385,0,0.24716758098216854,0,False
6223-DHJGV,No,619.5,0,0.02544596657901839,0,0.021970705725699067,0,0.11326897062522683,0,False
6961-MJKBO,No,511.25,0,0.007050388376533091,0,0.021970705725699067,0,0.08577700686943218,0,False
8158-WPEZG,No,2174.65,0,0.4137436708999479,0,0.2926829268292683,0,0.3124864545645342,0,False
4918-FYJNT,No,1537.65,0,0.18760769759807555,0,0.4540540540540541,0,0.29154184136120315,0,False
0727-BNRLG,No,292.95000000000005,0,0.052531726549708904,0,0.06711409395973154,0,0.2237903679497695,0,False
4854-CIDCF,No,5095.65,1,0.5054829132914563,0,0.45535714285714285,0,0.44171764220255577,1,False
3280-MRDOF,No,2902.2,0,0.07456302812835436,0,0.015384615384615385,0,0.2223286714234723,0,False
6435-SRWBJ,No,5544.25,1,0.5252602118119111,1,0.7912621359223301,0,0.4142561958875773,2,False
9964-WBQDJ,No,24.4,0,0.004953992747351006,0,0.021970705725699067,0,0.08749691245685735,0,False
6303-KFWSL,No,2375.75,0,0.14805530494066219,0,0.1004566210045662,0,0.2768237499981118,0,False
1702-CCFNJ,No,1227.0,0,0.054122725523066094,0,0.1650485436893204,0,0.21604139288792404,0,False
8932-CZHRQ,No,307.0,0,0.021579270073505977,0,0.021970705725699067,0,0.17997464627538062,0,False
0386-CWRGM,No,504.4,0,0.00636015106301451,0,0.021970705725699067,0,0.07367938675208008,0,False
5515-RUGKN,No,3504.0,0,0.328543282555293,0,0.1650485436893204,0,0.36757478375542013,0,False
0404-AHASP,No,19.7,0,0.0023548162637326807,0,0.021970705725699067,0,0.07588564296418204,0,False
7279-NMVJC,No,1094.5,0,0.04772608425419255,0,0.021970705725699067,0,0.09612968457623959,0,False
2081-VEYEH,No,7448.55,1,0.5354508669745038,1,0.6479591836734694,0,0.3807129414098551,2,False
6407-UTSLV,No,5866.0,1,0.5300101263762831,1,0.6479591836734694,0,0.4120821066944137,2,False
9060-HJJRW,No,1184.4,0,0.09600420895691827,0,0.1004566210045662,0,0.23507031995941194,0,False
2587-YNLES,No,1326.6,0,0.03451313484857955,0,0.021970705725699067,0,0.083911496080105,0,False
7398-SKNQZ,No,6548.1,1,0.6386012470334048,1,0.7912621359223301,0,0.43612858718885034,2,False
5935-FCCNB,No,5181.0,1,0.6558257622224405,1,0.5551470588235294,0,0.4597386784272205,2,False
1958-RNRKS,No,2095.8,0,0.20837449959269666,0,0.16666666666666666,0,0.3287394746655378,0,False
5136-RGMZO,No,2913.05,0,0.2664763152855851,0,0.1111111111111111,0,0.28344592453684775,0,False
8345-MVDYC,No,2204.55,0,0.019772075355259648,0,0.021970705725699067,0,0.1579571855063149,0,False
8226-BXGES,No,715.6,0,0.052102694728139484,0,0.021970705725699067,0,0.2094095141069502,0,False
9705-IOVQQ,No,1089.0,0,0.17248559909409256,0,0.24344569288389514,0,0.29274328495593765,0,False
1015-OWJKI,No,1352.55,0,0.18698518069873232,0,0.3706896551724138,0,0.15853021716418556,0,False
2040-XBAVJ,No,114.45,0,0.027352390218181782,0,0.06711409395973154,0,0.14836085872604243,0,False
8887-IPQNC,No,2876.25,0,0.3069298278727659,0,0.38461538461538464,0,0.35522171934854574,0,False
8646-JCOMS,No,543.3,0,0.07765856946292028,0,0.1004566210045662,0,0.22887787420596567,0,False
1222-KJNZD,No,652.8,0,0.04014074684693232,0,0.11405835543766578,0,0.1129521701874791,0,False
0106-GHRQR,No,3998.400000000001,0,0.3020911670730319,0,0.1650485436893204,0,0.3160080644376363,0,False
3768-VHXQO,No,124.25,0,0.0041169232579037025,0,0.021970705725699067,0,0.07266968172381544,0,False
8952-WCVCD,No,3237.9500000000003,0,0.15787415992141712,0,0.24344569288389514,0,0.23081452755242435,0,False
2418-TPEUN,No,316.8,0,0.005322187085937366,0,0.021970705725699067,0,0.08557816335660677,0,False
3963-RYFNS,No,116.45,0,0.044236457858752846,0,0.06711409395973154,0,0.19208796325261074,0,False
8540-ZQGEA,No,360.9,0,0.005080703390172126,0,0.021970705725699067,0,0.07891785118845171,0,False
1320-REHCS,No,2215.0,0,0.3740603010408625,0,0.4540540540540541,0,0.33775753197633357,0,False
4137-JOPHL,No,1973.4,0,0.0697652532056909,0,0.015384615384615385,0,0.24494386829646522,0,False
7801-CEDNV,No,2191.5,0,0.05361566248509863,0,0.021970705725699067,0,0.19749083884064672,0,False
2057-BOYKM,No,96.6,0,0.026864026064187495,0,0.06711409395973154,0,0.1850303191336236,0,False
3658-QQJYD,No,743.0,0,0.03701191309394785,0,0.021970705725699067,0,0.2121529694816157,0,False
1803-BGNBD,No,3258.0,0,0.23872578756118823,0,0.1111111111111111,0,0.3130901564453653,0,False
0134-XWXCE,No,2095.8,0,0.0641928406390072,0,0.1004566210045662,0,0.21844059362760057,0,False
6950-TWMYB,No,1439.1,0,0.033384955787010485,0,0.015384615384615385,0,0.2135567352226923,0,False
5848-FHRFC,No,80.2,0,0.002763299012567371,0,0.021970705725699067,0,0.08479502283827439,0,False
2243-FNMMI,No,1008.8,0,0.0834606221657092,0,0.11405835543766578,0,0.11590812203102356,0,False
2511-MORQY,No,1207.8,0,0.03773851722309985,0,0.1004566210045662,0,0.19985924513774855,0,False
5356-KZCKT,No,342.3,0,0.008855177030170735,0,0.021970705725699067,0,0.09810150457299516,0,False
9470-XCCEM,No,3317.05,0,0.3248597654056907,0,0.29533678756476683,0,0.31981358840007973,0,False
6519-CFDBX,No,3178.0,0,0.3967408795577221,1,0.5932203389830508,0,0.44226898406782417,1,False
3902-MIVLE,No,681.3000000000001,0,0.009754608924735486,0,0.021970705725699067,0,0.13468845461324602,0,False
0409-WTMPL,No,1549.1,0,0.1453908612149563,0,0.24344569288389514,0,0.22930369018793725,0,False
8763-KIAFH,No,924.75,0,0.03886031747908672,0,0.021970705725699067,0,0.10148221710653464,0,False
3669-WHAFY,No,115.15,0,0.047279650612720464,0,0.06711409395973154,0,0.1684927913627997,0,False
3055-VTCGS,No,526.9499999999999,0,0.027586096176793664,0,0.1004566210045662,0,0.23584931663242678,0,False
3144-KMTWZ,No,93.25,0,0.193443711484834,0,0.08108108108108109,0,0.32429047772357905,0,False
2007-QVGAW,No,77.4,0,0.0032041001291442835,0,0.021970705725699067,0,0.08493795001904676,0,False
5207-PLSTK,No,3461.25,0,0.29004608276085775,1,0.5932203389830508,0,0.31464947415082106,1,False
2307-FYNNL,No,763.35,0,0.10955992543181242,0,0.06711409395973154,0,0.2622345561453344,0,False
5605-XNWEN,No,25.0,0,0.005803468837359842,0,0.021970705725699067,0,0.08994499525841457,0,False
2155-AMQRX,No,2415.6,0,0.18434510034504864,0,0.1650485436893204,0,0.28598419739803327,0,False
6181-AXXYF,No,24.75,0,0.002711211148631926,0,0.021970705725699067,0,0.06796581232064672,0,False
5091-HFAZW,No,6380.5,0,0.4879790158240193,1,0.6479591836734694,0,0.39049458935404496,1,False
2519-LBNQL,No,1252.1999999999998,0,0.27084132138215844,0,0.24344569288389514,0,0.32710549690646396,0,False
8623-ULFNQ,No,3038.3,0,0.3618822930884603,0,0.16666666666666666,0,0.33353231192078914,0,False
1568-LJSZU,No,368.8,0,0.014559231493772074,0,0.021970705725699067,0,0.12708566913076197,0,False
7789-HKSBS,No,3156.0,0,0.24515637010374658,0,0.24344569288389514,0,0.2687655999569751,0,False
7416-CKTEP,No,294.0,0,0.006606330851276818,0,0.021970705725699067,0,0.09346921408207293,0,False
2586-CWXVV,No,547.1999999999999,0,0.09515837728368032,0,0.2926829268292683,0,0.29529669697316957,0,False
2348-KCJLT,No,1722.0,0,0.03795845269677183,0,0.021970705725699067,0,0.18432417634639225,0,False
8401-EMUWF,No,2082.0,0,0.1183306620249203,0,0.11405835543766578,0,0.223324157377154,0,False
4193-IBKSW,No,24.75,0,0.0027358225415278475,0,0.021970705725699067,0,0.06826253846186922,0,False
5377-NDTOU,No,91.05,0,0.00936983271455781,0,0.021970705725699067,0,0.1213468519443852,0,False
2474-LCNUE,No,3608.85,0,0.27163861239283243,0,0.1650485436893204,0,0.2726017659997029,0,False
0839-QNXME,No,814.8,0,0.014140015281323984,0,0.021970705725699067,0,0.08642743746065001,0,False
3506-OVLKD,No,969.4,0,0.03114082811253166,0,0.021970705725699067,0,0.09267960126249904,0,False
6650-VJONK,No,3113.35,0,0.3387392120039727,1,0.5932203389830508,0,0.41140142919712325,1,False
2178-PMGCJ,No,3485.0,0,0.45707869139445606,0,0.29533678756476683,0,0.39933831873056447,0,False
7492-TAFJD,No,2505.75,0,0.07499209541536991,0,0.021970705725699067,0,0.18506940625732024,0,False
2773-MADBQ,No,1911.6,0,0.03912781347120001,0,0.021970705725699067,0,0.1555366370415552,0,False
6016-LVTJQ,No,784.6999999999999,0,0.038331056107977234,0,0.11405835543766578,0,0.09496788201822297,0,False
7860-KSUGX,No,64.45,0,0.005735431034570766,0,0.021970705725699067,0,0.14476921936948778,0,False
8966-KZXXA,No,903.6,0,0.01250708474550936,0,0.021970705725699067,0,0.06927907704584431,0,False
5149-QYTTU,No,95.15,0,0.03518003541714162,0,0.0,0,0.17419290459786502,0,False
2070-XYMFH,No,3888.15,0,0.4432430508389209,0,0.29533678756476683,0,0.40125988440960475,0,False
2085-BOJKI,No,5315.75,0,0.3505336698585799,0,0.24344569288389514,0,0.31890917562053994,0,False
0817-HSUSE,No,5360.5,0,0.4212954384115704,0,0.1111111111111111,0,0.3665439369043235,0,False
5442-PPTJY,No,1182.0,0,0.027876129443093076,0,0.021970705725699067,0,0.07615210820600446,0,False
1927-QEWMY,No,20.5,0,0.0023119248437345995,0,0.021970705725699067,0,0.07655714463428889,0,False
1663-MHLHE,No,1363.2,0,0.16267797818598756,0,0.3706896551724138,0,0.15520288063255797,0,False
5663-QBGIS,No,98.35,0,0.06941440086872366,0,0.06711409395973154,0,0.2744834922567704,0,False
4450-MDZFX,No,892.1999999999999,0,0.12896508010639474,0,0.08108108108108109,0,0.3302257020962947,0,False
6701-DHKWQ,No,564.85,0,0.01189037155081786,0,0.015384615384615385,0,0.14057991008460963,0,False
7554-AKDQF,No,3012.9,0,0.2505373858650473,0,0.38461538461538464,0,0.3318440801855017,0,False
0794-YVSGE,No,20.3,0,0.001894363771351221,0,0.021970705725699067,0,0.07091959687075745,0,False
5423-BHIXO,No,2168.0,0,0.22626444256102102,0,0.1111111111111111,0,0.34076045334636246,0,False
6908-VVYHM,No,634.5500000000001,0,0.2767147218351098,0,0.4540540540540541,0,0.37908441949845384,0,False
2959-EEXWB,No,1374.3,0,0.14144063056002704,0,0.11405835543766578,0,0.23819166748912227,0,False
1839-UMACK,No,751.5,0,0.032362830788166264,0,0.021970705725699067,0,0.10985913975729732,0,False
3030-YDNRM,No,4790.4,1,0.719045811084536,1,0.6363636363636364,0,0.48180505658584866,2,False
7321-KKSDU,No,820.0,0,0.011593693070732661,0,0.021970705725699067,0,0.08093679030125533,0,False
3402-XRIUO,No,3177.5,0,0.1548152932898092,0,0.11405835543766578,0,0.20734315711793094,0,False
8286-AFUYI,No,3404.4500000000003,0,0.2702016974670037,0,0.43157894736842106,0,0.3591365696852058,0,False
8356-WUAOJ,No,3195.0,0,0.40980246361006467,1,0.5932203389830508,0,0.42257389483433394,1,False
8058-DMYRU,No,1620.9,0,0.44771577455814143,0,0.4540540540540541,0,0.40861720049517514,0,False
9350-ZXYJC,No,1720.4,0,0.07627985715230527,0,0.021970705725699067,0,0.108296061155705,0,False
8958-JPTRR,No,388.8,0,0.018135409438235862,0,0.021970705725699067,0,0.09605894259341735,0,False
6959-GQEGV,No,2050.65,0,0.16614082185548315,0,0.16666666666666666,0,0.30298923013632867,0,False
3173-WSSUE,No,19.7,0,0.0019040177678303002,0,0.021970705725699067,0,0.07113736921961056,0,False
1265-HVPZB,No,863.2,0,0.02154692267888734,0,0.021970705725699067,0,0.17442323767088005,0,False
4115-UMJFQ,No,107.25,0,0.0282590792160184,0,0.1004566210045662,0,0.23084874355101373,0,False
7369-TRPFD,No,996.4,0,0.04786980971026204,0,0.021970705725699067,0,0.09482700310869432,0,False
1098-KFQEC,No,329.79999999999995,0,0.0038575254433716472,0,0.021970705725699067,0,0.07101569084447759,0,False
7190-XHTWJ,No,656.2,0,0.020524914594247583,0,0.021970705725699067,0,0.09337486581164449,0,False
3537-RYBHH,No,1686.25,0,0.09229625581083704,0,0.11405835543766578,0,0.2325535434285137,0,False
5296-BFCYD,No,522.6,0,0.009344107064946077,0,0.021970705725699067,0,0.08686897581552616,0,False
9359-JANWS,No,412.3,0,0.0051443177319082725,0,0.021970705725699067,0,0.13488153255645646,0,False
3279-DYZQM,No,19.45,0,0.0021364703432013,0,0.021970705725699067,0,0.07320581422485135,0,False
0523-VNGTF,No,1010.0,0,0.14914334786643058,0,0.2926829268292683,0,0.27652111603910057,0,False
9575-IWCAZ,No,1656.6,0,0.10052805724136857,0,0.021970705725699067,0,0.09380245747291839,0,False
7105-MXJLL,No,2792.2000000000003,0,0.11576585789465808,0,0.375,0,0.24242458775908335,0,False
7064-FRRSW,No,2376.0,0,0.32118529013431185,0,0.24344569288389514,0,0.35484249613011615,0,False
7940-UQQUG,No,835.2,0,0.08967894793425757,0,0.24344569288389514,0,0.21100246916284107,0,False
3961-SXAXY,No,3127.55,0,0.3383065913371526,1,0.5932203389830508,0,0.413500194629222,1,False
7010-BRBUU,No,24.1,0,0.00267005130924702,0,0.021970705725699067,0,0.06869946797319872,0,False
3566-HJGPK,No,3234.05,0,0.3472856736636524,1,0.5932203389830508,0,0.40862684506250746,1,False
3062-ICYZQ,No,1969.8,0,0.2347456660135324,0,0.25,0,0.30273073519269433,0,False
9938-PRCVK,No,610.6999999999999,0,0.007284286305467541,0,0.021970705725699067,0,0.07097791258380093,0,False
0973-KYVNF,No,70.65,0,0.007902210682354463,0,0.021970705725699067,0,0.15960788180018162,0,False
5129-HHMZC,No,2507.05,0,0.024618573557728063,0,0.021970705725699067,0,0.14577836826592258,0,False
9637-CDTKZ,No,114.1,0,0.049163124340957494,0,0.06711409395973154,0,0.16740031874813974,0,False
3946-JEWRQ,No,2380.0,0,0.2569505619583168,0,0.24344569288389514,0,0.3216819403085725,0,False
7873-CVMAW,No,88.55,0,0.01079713516065255,0,0.021970705725699067,0,0.133848061706099,0,False
0463-WZZKO,No,1431.75,0,0.21372167324008404,0,0.1111111111111111,0,0.14384522696417704,0,False
4524-QCSSM,No,2053.9,0,0.24557147678751298,0,0.11405835543766578,0,0.26108590507617807,0,False
5832-EXGTT,No,2588.6,0,0.13994986007237856,0,0.11405835543766578,0,0.23590638300186142,0,False
2039-JONDJ,No,2495.25,0,0.04559154873295269,0,0.021970705725699067,0,0.1844316383220907,0,False
7217-JYHOQ,No,3374.4,0,0.09973594028154321,0,0.11405835543766578,0,0.1784212311404928,0,False
6695-FRVEC,No,302.0,0,0.005626785217342374,0,0.021970705725699067,0,0.13554591413553765,0,False
9894-QMIMJ,No,2734.2,0,0.0725108594284364,0,0.1004566210045662,0,0.20928575724553636,0,False
8069-YQQAJ,No,1803.8,0,0.316040321272416,0,0.1650485436893204,0,0.32660707341267986,0,False
1636-NTNCO,No,3464.6000000000004,1,0.502052211689345,0,0.38461538461538464,0,0.3303959646305243,1,False
3466-WAESX,No,3869.6,0,0.31999795287375504,0,0.1111111111111111,0,0.2951959417946704,0,False
9281-PKKZE,No,1142.7,0,0.27540574944631635,0,0.16666666666666666,0,0.35121419655823294,0,False
3638-VBZTA,No,346.0,0,0.013977161316429966,0,0.021970705725699067,0,0.15648408722395252,0,False
7459-IMVYU,No,2378.3,0,0.08343193374044297,0,0.1111111111111111,0,0.21078399838055312,0,False
8563-OYMQY,No,5002.25,0,0.40173904616234923,0,0.4697986577181208,0,0.3403821951011987,0,False
0754-EEBDC,No,1353.1999999999998,0,0.038590241249225915,0,0.021970705725699067,0,0.09163785309004538,0,False
5777-ZPQNC,No,1209.0,0,0.07918608666747068,0,0.021970705725699067,0,0.10810881004905097,0,False
1951-IEYXM,No,90.6,0,0.012443466277244472,0,0.021970705725699067,0,0.12636142628849284,0,False
3318-NMQXL,No,6348.0,1,0.6491988694942672,1,0.6479591836734694,0,0.4814300444958471,2,False
1022-RKXDR,No,770.35,0,0.03462473916158846,0,0.021970705725699067,0,0.11229763082509235,0,False
2361-FJWNO,No,1152.0,0,0.04289811479643838,0,0.1004566210045662,0,0.19656973138139888,0,False
2272-UOINI,No,5102.5,0,0.28330559299161623,0,0.1111111111111111,0,0.2734686275517772,0,False
8232-UTFOZ,No,59.85,0,0.0026415004663175017,0,0.021970705725699067,0,0.08454175769053428,0,False
3750-YHRYO,No,1342.25,0,0.06438820302228422,0,0.021970705725699067,0,0.08778642792654918,0,False
6637-KYRCV,No,2043.5,0,0.40517990877675525,0,0.2926829268292683,0,0.33930442218225015,0,False
5668-MEISB,No,106.1,0,0.01862704329400744,0,0.06711409395973154,0,0.14650909513024796,0,False
0129-QMPDR,No,574.0,0,0.017457957925291423,0,0.021970705725699067,0,0.0968125488227561,0,False
7188-CBBBA,No,668.5,0,0.1663731920935321,0,0.06666666666666667,0,0.32511868273405775,0,False
5356-CSVSQ,No,4457.4,0,0.35074085298425584,0,0.3939393939393939,0,0.3486602461711302,0,False
3221-CJMSG,No,2452.8,0,0.14564095321106474,0,0.1650485436893204,0,0.2849474951626475,0,False
3219-JQRSL,No,89.1,0,0.012324593930605783,0,0.021970705725699067,0,0.13689782760740532,0,False
2801-NISEI,No,2637.6000000000004,0,0.11073338935262747,0,0.16666666666666666,0,0.2562074372092753,0,False
4623-ZKHLY,No,1022.5,0,0.10088479814072583,0,0.11405835543766578,0,0.13144467000684615,0,False
6732-VAILE,No,171.9,0,0.018729365322277806,0,0.015384615384615385,0,0.16258712496507108,0,False
8201-AAXCB,No,2836.4500000000003,0,0.2413608757994851,0,0.16666666666666666,0,0.3050495833251265,0,False
7696-CFTAT,No,693.0,0,0.00888378672399896,0,0.021970705725699067,0,0.07078862267084204,0,False
1845-CSBRZ,No,4267.5,0,0.38166432665532485,0,0.29533678756476683,0,0.34270954453889546,0,False
2123-VSCOT,No,937.3,0,0.02075473654044555,0,0.015384615384615385,0,0.17875506780061734,0,False
2018-QKYGT,No,5754.55,1,0.578061102068579,1,0.888268156424581,0,0.44509554121523676,2,False
2792-VPPET,No,1414.5,0,0.24493751946379796,0,0.1111111111111111,0,0.1685514009579825,0,False
7409-JURKQ,No,2124.2,0,0.16479145346325386,0,0.24344569288389514,0,0.23196277890178352,0,False
3247-MHJKM,No,1434.2,0,0.16116255042100122,0,0.3706896551724138,0,0.15853021716418556,0,False
1964-SVLEA,No,1024.4,0,0.062106368456059415,0,0.021970705725699067,0,0.11473061782192348,0,False
7297-DVYGA,No,416.85,0,0.015623334973540652,0,0.021970705725699067,0,0.11287202493938864,0,False
2239-CGBUZ,No,1270.5,0,0.020711009158399477,0,0.021970705725699067,0,0.15724957875704054,0,False
0854-UYHZD,No,1153.45,0,0.026076649141227703,0,0.021970705725699067,0,0.07675812014821398,0,False
7243-LCGGZ,No,1483.9,0,0.15708921005908505,0,0.3706896551724138,0,0.154620821811985,0,False
8267-KFGYD,No,1494.55,0,0.1765445117489872,0,0.1111111111111111,0,0.15766232756257867,0,False
4890-VMUAV,No,643.5,0,0.02000154692946653,0,0.021970705725699067,0,0.17207300526947963,0,False
9261-WDCAF,No,3770.85,0,0.31347225404658013,0,0.43157894736842106,0,0.35345300482454534,0,False
3764-MNMOI,No,499.2,0,0.007275843677429005,0,0.021970705725699067,0,0.0864392933452026,0,False
7442-YGZFK,No,3535.8,0,0.3863651701608414,1,0.5932203389830508,0,0.4111823506124325,1,False
8229-BUJHX,No,20.5,0,0.0019660692674394855,0,0.021970705725699067,0,0.07042689122187216,0,False
7449-HVPIV,No,1536.8000000000002,0,0.2420803207459365,0,0.26666666666666666,0,0.32996336372430995,0,False
5504-WSIUR,No,180.5,0,0.06308526517193487,0,0.1004566210045662,0,0.24024402971137956,0,False
8466-PZBLH,No,523.0,0,0.03352533491032657,0,0.06711409395973154,0,0.1844542925027436,0,False
8735-IJJEG,No,2911.6000000000004,0,0.18914131748640128,0,0.1650485436893204,0,0.2899163418237753,0,False
0564-MUUQK,No,4966.0,0,0.3628604755981825,0,0.4697986577181208,0,0.29422307939055015,0,False
0701-RFGFI,No,2194.2000000000003,0,0.3223333066703784,0,0.4697986577181208,0,0.35466401477757387,0,False
0019-EFAEP,No,101.3,0,0.04567593684468978,0,0.06711409395973154,0,0.2382001640297739,0,False
5619-PTMIK,No,1380.6,0,0.09752204209315045,0,0.16666666666666666,0,0.28244271574982044,0,False
3737-XBQDD,No,4072.8,0,0.370951341736542,0,0.29533678756476683,0,0.3531044624337992,0,False
5882-CMAZQ,No,2294.75,0,0.2726984403832474,0,0.2926829268292683,0,0.27826506200945156,0,False
5846-QFDFI,No,3455.4,0,0.16957716784075025,0,0.29533678756476683,0,0.2258125176775885,0,False
4445-KWOKW,No,1804.5,0,0.05008872284235433,0,0.021970705725699067,0,0.20216333475888745,0,False
3511-APPBJ,No,4897.55,0,0.24609036267203122,0,0.24344569288389514,0,0.26698216847946754,0,False
7967-HYCDE,No,4524.8,0,0.37462720808414574,0,0.45535714285714285,0,0.4105093369937084,0,False
2430-RRYUW,No,328.79999999999995,0,0.017016947412267214,0,0.021970705725699067,0,0.2076055319533133,0,False
3723-BFBGR,No,2630.4,0,0.18087218795924098,0,0.1650485436893204,0,0.29059401346191344,0,False
5447-WZAFP,No,1905.7,0,0.16845002620284033,0,0.24344569288389514,0,0.2874320151514432,0,False
5110-CHOPY,No,643.2,0,0.033396399296384716,0,0.021970705725699067,0,0.20882200382885546,0,False
4425-OWHWB,No,1006.2,0,0.05624531230182289,0,0.021970705725699067,0,0.11485969199984959,0,False
7892-QVYKW,No,4194.4,0,0.4175650652886442,1,0.5551470588235294,0,0.3684425810624566,1,False
9675-ICXCT,No,80.8,0,0.014515311317937976,0,0.021970705725699067,0,0.15989718838912417,0,False
4703-MQYKT,No,999.6,0,0.023735505665929156,0,0.021970705725699067,0,0.08860612368436778,0,False
5692-ICXLW,No,3718.7,0,0.49312238877799397,1,0.5551470588235294,0,0.4103035786935518,1,False
0602-DDUML,No,1046.25,0,0.012996090163228688,0,0.015384615384615385,0,0.17072842822701229,0,False
2208-MPXIO,No,540.0,0,0.008786085242800385,0,0.021970705725699067,0,0.08573752958565048,0,False
1960-UYCNN,No,5905.5,1,0.5879615624076455,1,0.7912621359223301,0,0.4399617904703739,2,False
3190-FZATL,No,1157.1,0,0.08473238232322412,0,0.11405835543766578,0,0.10505761144091552,0,False
7336-RLLRH,No,3638.25,0,0.09091764951158844,0,0.021970705725699067,0,0.1717607820758909,0,False
7710-JSYOA,No,279.9,0,0.040361280348076574,0,0.015384615384615385,0,0.21270754649005907,0,False
9885-MFVSU,No,1714.95,0,0.0341466015305221,0,0.021970705725699067,0,0.15030091349763045,0,False
0607-MVMGC,No,2126.25,0,0.07001913234614379,0,0.1004566210045662,0,0.19757348728367355,0,False
3365-SAIGS,No,4595.25,1,0.6019195993436613,1,0.5551470588235294,0,0.41320474772404503,2,False
8022-BECSI,No,980.0,0,0.04076668493814841,0,0.021970705725699067,0,0.09474321164475324,0,False
9993-LHIEB,No,339.25,0,0.006231530683867587,0,0.021970705725699067,0,0.1305783795714605,0,False
0266-CLZKZ,No,528.25,0,0.06267102771229208,0,0.06711409395973154,0,0.22247601959223798,0,False
7020-OZKXZ,No,4756.5,0,0.3792017156748709,0,0.45535714285714285,0,0.3857812900002506,0,False
3977-QCRSL,No,1350.05,0,0.13884417779684266,0,0.11405835543766578,0,0.12292023964979525,0,False
0017-DINOC,No,813.6,0,0.014785030819021956,0,0.021970705725699067,0,0.16272811189473077,0,False
7639-OPLNG,No,158.5,0,0.009858907328541375,0,0.021970705725699067,0,0.1298586607335251,0,False
1492-QGCLU,No,1628.3,0,0.09665796899708258,0,0.16666666666666666,0,0.19866916040917534,0,False
7328-OWMOM,No,824.1,0,0.019849231703648884,0,0.021970705725699067,0,0.08290837331528239,0,False
4418-LZMSV,No,3646.2,0,0.11039681446266843,0,0.1650485436893204,0,0.19730215528747125,0,False
5155-AZQPB,No,2195.6,0,0.16497828420946106,0,0.1650485436893204,0,0.27420458826904964,0,False
1087-GRUYI,No,693.5999999999999,0,0.010618584867983378,0,0.021970705725699067,0,0.07662266356608466,0,False
2546-KZAAT,No,1508.0,0,0.054344651867866765,0,0.021970705725699067,0,0.20534651015676492,0,False
0181-RITDD,No,1081.5,0,0.02882255200516849,0,0.06711409395973154,0,0.14997431521744134,0,False
5989-PGKJB,No,4830.0,0,0.48646059828135946,1,0.5551470588235294,0,0.4062097214680023,1,False
8272-ONJLV,No,5742.0,0,0.38326561766026934,0,0.24344569288389514,0,0.3409062777464748,0,False
1488-PBLJN,No,116.85,0,0.03928315683713325,0,0.06711409395973154,0,0.16310091859370335,0,False
0308-GIQJT,No,105.75,0,0.09345072740373574,0,0.0,0,0.2501767608085445,0,False
3778-FOAQW,No,967.2,0,0.03711147849737945,0,0.021970705725699067,0,0.08755741062836067,0,False
4452-ROHMO,No,1117.2,0,0.02947745267049605,0,0.021970705725699067,0,0.08923902185767457,0,False
3090-LETTY,No,4266.5,0,0.1849343742209825,0,0.43157894736842106,0,0.26593773844275026,0,False
5349-AZPEW,No,1678.35,0,0.3069180993204875,0,0.38461538461538464,0,0.31129925791039637,0,False
9720-JJJOR,No,1869.3,0,0.03383537821958333,0,0.021970705725699067,0,0.1668502059149847,0,False
8100-HZZLJ,No,1854.55,0,0.1041545931934133,0,0.1111111111111111,0,0.26034092782951673,0,False
8775-ERLNB,No,5275.3,1,0.7283857466004873,1,0.888268156424581,0,0.46636704373443405,2,False
8309-IEYJD,No,5012.599999999999,1,0.5330144763289567,1,0.888268156424581,0,0.488796416149499,2,False
7398-HPYZQ,No,90.55,0,0.011639162793334615,0,0.021970705725699067,0,0.12536559328864075,0,False
3546-GHEAE,No,1264.25,0,0.04203361827458195,0,0.021970705725699067,0,0.09572714832193328,0,False
7361-YPXFS,No,2835.8,0,0.12500324518887485,0,0.1650485436893204,0,0.23213778528204077,0,False
6557-BZXLQ,No,3900.400000000001,1,0.5336921160740214,1,0.5551470588235294,0,0.43109934241714604,2,False
2550-QHZGP,No,1267.5,0,0.07405951644780985,0,0.021970705725699067,0,0.10090000976505362,0,False
7519-JTWQH,No,331.5,0,0.06793566077319174,0,0.06711409395973154,0,0.2266021977886241,0,False
2538-OIMXF,No,1753.7,0,0.33457002475289727,0,0.43157894736842106,0,0.3611872029429598,0,False
8543-MSDMF,No,5340.6,0,0.39264204650187023,1,0.5932203389830508,0,0.3539920744360922,1,False
1170-SASML,No,256.20000000000005,0,0.14977045229047417,0,0.08108108108108109,0,0.32993960820266294,0,False
4872-JCVCA,No,47.6,0,0.007276904512359194,0,0.021970705725699067,0,0.12972862875536778,0,False
5346-BZCHP,No,58.2,0,0.002279612344243004,0,0.021970705725699067,0,0.07391709130462833,0,False
2038-LLMLM,No,2492.4,0,0.38159723980693305,0,0.4540540540540541,0,0.3693946846306552,0,False
1216-BGTSP,No,2928.15,0,0.26252953891794867,0,0.4697986577181208,0,0.27193313083674503,0,False
4138-NAXED,No,1701.0,0,0.17200841750127208,0,0.29533678756476683,0,0.3238221372354507,0,False
0744-BIKKF,No,86.65,0,0.011072017802295957,0,0.021970705725699067,0,0.13558553969730955,0,False
7483-IQWIB,No,3253.25,0,0.38499700017736577,0,0.4540540540540541,0,0.346073733581795,0,False
5248-KWLAR,No,90.35,0,0.013428725554312482,0,0.021970705725699067,0,0.1333661756461351,0,False
7996-MHXLW,No,150.89999999999998,0,0.006044827144186172,0,0.021970705725699067,0,0.09877239962278947,0,False
7833-PKIHD,No,1604.4,0,0.03592017145935635,0,0.021970705725699067,0,0.16412637894277837,0,False
7061-OVMIM,No,821.1,0,0.022472320053665708,0,0.021970705725699067,0,0.07814489958350129,0,False
5153-RTHKF,No,3243.3,0,0.3936857247824359,1,0.5551470588235294,0,0.41728830280088114,1,False
1852-QSWCD,No,198.4,0,0.0058925015932830335,0,0.021970705725699067,0,0.0848775308762012,0,False
4832-VRBMR,No,722.0500000000001,0,0.1915085746178337,0,0.24344569288389514,0,0.28631510809885286,0,False
9079-LWTFD,No,2518.75,0,0.14859310905419965,0,0.29533678756476683,0,0.23380718187798835,0,False
3392-EHMNK,No,470.5,0,0.02934358444585149,0,0.06711409395973154,0,0.19881377193626001,0,False
5986-WWXDV,No,638.5500000000001,0,0.015057373866985007,0,0.021970705725699067,0,0.08182551753497364,0,False
3061-BCKYI,No,1154.1999999999998,0,0.10339114636984478,0,0.11405835543766578,0,0.11622824081876397,0,False
7901-TBKJX,No,1616.8,0,0.4328196875190874,0,0.4540540540540541,0,0.43363248132267246,0,False
7228-PAQPD,No,3427.8,0,0.10180148751339062,0,0.1004566210045662,0,0.23490791484449683,0,False
7746-QYVCO,No,3127.6,0,0.07963412806227022,0,0.021970705725699067,0,0.20101807517153666,0,False
5804-HYIEZ,No,212.1,0,0.2602784669220498,0,0.25,0,0.2986609463481672,0,False
9919-FZDED,No,84.1,0,0.02479440490200167,0,0.021970705725699067,0,0.17741659927601128,0,False
5934-TSSAU,No,3689.7,0,0.3629010934790925,0,0.29533678756476683,0,0.3347335932433001,0,False
3486-KHMLI,No,1259.7,0,0.08452588163576902,0,0.11405835543766578,0,0.10395022360609031,0,False
6784-XYJAE,No,2008.8,0,0.10662567745920953,0,0.1004566210045662,0,0.2584361890143903,0,False
3933-DQPWX,No,873.4000000000001,0,0.015608945136876481,0,0.015384615384615385,0,0.17071349792272897,0,False
6661-EIPZC,No,708.0,0,0.07688524312788712,0,0.1650485436893204,0,0.23852387172959996,0,False
8957-THMOA,No,443.3,0,0.004645634477848204,0,0.021970705725699067,0,0.07847160277792625,0,False
2251-PYLPB,No,79.55,0,0.007804304943357668,0,0.021970705725699067,0,0.12561084286596852,0,False
5555-RNPGT,No,1537.6,0,0.11628651888067941,0,0.11405835543766578,0,0.10731188361303821,0,False
1057-FOGLZ,No,1061.1,0,0.08800639770384938,0,0.11405835543766578,0,0.1156979927728475,0,False
8087-LGYHQ,No,5925.15,1,0.6133777931777264,1,0.6479591836734694,0,0.462846309773612,2,False
4137-BTIKL,No,6352.5,0,0.44943649928479723,1,0.7912621359223301,0,0.3514937854616578,1,False
2190-BCXEC,No,2523.2,0,0.29114130315177217,0,0.29533678756476683,0,0.31049427330592677,0,False
6227-FBDXH,No,298.5,0,0.12744683121646375,0,0.24344569288389514,0,0.28225397485286086,0,False
2911-WDXMV,No,4349.7,0,0.47829320499196737,0,0.29533678756476683,0,0.3651048768955494,0,False
7206-PQBBZ,No,4282.2,1,0.5422916727806314,0,0.45535714285714285,0,0.44993376456125767,1,False
4547-FZJWE,No,1010.65,0,0.020790679755680858,0,0.021970705725699067,0,0.18182821034549512,0,False
7422-WNBTY,No,3640.65,0,0.4572020785838801,0,0.4540540540540541,0,0.37609575142467316,0,False
0842-IWYCP,No,1168.7,0,0.07186556178649126,0,0.1650485436893204,0,0.3081572931387874,0,False
3521-HTQTV,No,991.8,0,0.017274194690611755,0,0.021970705725699067,0,0.08441392194934347,0,False
3744-ZBHON,No,1393.8,0,0.1880153616025794,0,0.1111111111111111,0,0.14961299710505283,0,False
3373-DIUUN,No,892.5,0,0.012912106401751175,0,0.021970705725699067,0,0.07277672650523677,0,False
8383-SGHJU,No,2316.6,0,0.05842283778853856,0,0.021970705725699067,0,0.20277025805865667,0,False
7607-QKKTJ,No,2565.0,0,0.16922685115125652,0,0.24344569288389514,0,0.2511296682116292,0,False
7707-PYBBH,No,1980.8,0,0.06266943340026933,0,0.11405835543766578,0,0.20321858456219177,0,False
8984-HPEMB,No,118.65,0,0.06941498172629829,0,0.06711409395973154,0,0.22646029811795965,0,False
4139-DETXS,No,64.45,0,0.007909807573366484,0,0.021970705725699067,0,0.11601148689843133,0,False
9779-DPNEJ,No,4007.500000000001,1,0.5519653520071441,1,0.5551470588235294,0,0.39094546776634637,2,False
9805-FILKB,No,525.1999999999999,0,0.015908196186069007,0,0.021970705725699067,0,0.09655392813310092,0,False
5793-YOLJN,No,357.0,0,0.004246494234708576,0,0.021970705725699067,0,0.0735165314595782,0,False
0673-IGUQO,No,1451.95,0,0.16078475027413014,0,0.3706896551724138,0,0.15439740427694887,0,False
4123-FCVCB,No,4551.0,0,0.22659067034879637,0,0.375,0,0.2589279098389573,0,False
8819-IMISP,No,3298.4500000000003,0,0.4028679773810723,1,0.5551470588235294,0,0.4009305160504942,1,False
8311-UEUAB,No,377.5,0,0.03217105454920114,0,0.021970705725699067,0,0.21838914131422787,0,False
5858-EAFCZ,No,3155.9500000000003,0,0.2839837751994103,0,0.43157894736842106,0,0.37980772557956644,0,False
1163-ONYEY,No,2311.05,0,0.10492885486810985,0,0.11405835543766578,0,0.21533715232152104,0,False
5656-MJEFC,No,1444.5,0,0.019129265533504726,0,0.021970705725699067,0,0.12562086837113887,0,False
6082-OQFBA,No,962.85,0,0.032011400441731515,0,0.021970705725699067,0,0.08007327057829838,0,False
8974-OVACP,No,1430.65,0,0.15820781312873536,0,0.3706896551724138,0,0.15842835616530265,0,False
4010-YLMVT,No,1705.6,0,0.23632032695858476,0,0.26666666666666666,0,0.29852121582486285,0,False
1379-FRVEB,No,5187.0,1,0.6407468846265849,1,0.5551470588235294,0,0.39427173387852044,2,False
8612-GXIDD,No,1524.0,0,0.04854452083739496,0,0.021970705725699067,0,0.0874578376120906,0,False
6288-CHQJB,No,1259.1,0,0.008936783775367321,0,0.021970705725699067,0,0.13225227878020848,0,False
8160-HOWOX,No,4345.25,1,0.5667738958846409,1,0.5242718446601942,0,0.4101333508656517,2,False
6648-INWPS,No,1128.4,0,0.10553928093962973,0,0.1111111111111111,0,0.10609186084408868,0,False
4223-BKEOR,No,3307.35,0,0.07243434428879465,0,0.021970705725699067,0,0.18544526990740834,0,False
4079-VTGLK,No,3143.7,0,0.14802285899557036,0,0.015384615384615385,0,0.25313310344634643,0,False
1763-WQFUK,No,3484.5,0,0.26863907044380414,0,0.3939393939393939,0,0.3317070188122886,0,False
1391-UBDAR,No,4446.900000000001,0,0.4308871198792693,0,0.45535714285714285,0,0.40681326277527946,0,False
8894-JVDCV,No,1150.5,0,0.10077745365766422,0,0.24344569288389514,0,0.20121346194016757,0,False
2023-VQFDL,No,1026.0,0,0.11760138151278399,0,0.1111111111111111,0,0.13211608701936406,0,False
1345-GKDZZ,No,1290.3,0,0.11433479979811577,0,0.11405835543766578,0,0.10966620970068856,0,False
2014-MKGMH,No,2628.6,0,0.32302295024210226,0,0.24344569288389514,0,0.3572238721027926,0,False
5628-FCGYG,No,4289.099999999999,1,0.6882270157687367,1,0.5551470588235294,0,0.44235614666702844,2,False
2560-WBWXF,No,96.6,0,0.005659819588334275,0,0.021970705725699067,0,0.09614334829934243,0,False
0248-IPDFW,No,3557.1,0,0.4628989124550095,1,0.5932203389830508,0,0.442951518339034,1,False
7978-DKUQH,No,3506.2,0,0.4044582461506874,1,0.5551470588235294,0,0.39983769937177094,1,False
4335-UPJSI,No,948.0,0,0.0162588256918363,0,0.021970705725699067,0,0.08141381371407805,0,False
1784-EZDKJ,No,2242.8,0,0.22339605287403402,0,0.24344569288389514,0,0.27796883452402477,0,False
9297-FVVDH,No,1267.5,0,0.03225449624881345,0,0.021970705725699067,0,0.16320187827769816,0,False
8007-YYPWD,No,1427.85,0,0.0364247990267733,0,0.021970705725699067,0,0.08750048515435584,0,False
7101-HRBLJ,No,83.7,0,0.0089879287963482,0,0.021970705725699067,0,0.12845939214082855,0,False
6635-CPNUN,No,4250.4,0,0.3274234226040344,0,0.29533678756476683,0,0.3046519558170218,0,False
5453-YBTWV,No,202.2,0,0.019968720868706248,0,0.06711409395973154,0,0.15635446855675275,0,False
5039-LZRQT,No,1191.8,0,0.05709404662413847,0,0.021970705725699067,0,0.09531650103546084,0,False
2931-VUVJN,No,1222.65,0,0.09728885776662273,0,0.06666666666666667,0,0.2296098743003184,0,False
6418-PIQSP,No,810.0,0,0.012486159042075496,0,0.021970705725699067,0,0.14738151941217892,0,False
8220-OCUFY,No,3072.75,0,0.0877153898295221,0,0.021970705725699067,0,0.21654063594749676,0,False
3995-WFCSM,No,4259.5,0,0.3639748982312376,0,0.43157894736842106,0,0.37255992225047935,0,False
1895-QTKDO,No,3120.4500000000003,0,0.3215428400398457,0,0.43157894736842106,0,0.38160506881210465,0,False
2038-OEQZH,No,5851.4,1,0.5185973023523813,1,0.6479591836734694,0,0.4255355800661193,2,False
1178-PZGAB,No,1073.25,0,0.0410916243499907,0,0.021970705725699067,0,0.09375783765039342,0,False
2626-VEEWG,No,97.0,0,0.003350244245706631,0,0.021970705725699067,0,0.08357949154402307,0,False
2878-RMWXY,No,102.65,0,0.05341011410672931,0,0.06711409395973154,0,0.20869327100487695,0,False
1657-DYMBM,No,378.1,0,0.005484756845839747,0,0.021970705725699067,0,0.07746712172606694,0,False
7311-MQJCH,No,1309.85,0,0.11303925025465332,0,0.021970705725699067,0,0.12059660536206117,0,False
7375-WMVMT,No,95.5,0,0.041246739616835205,0,0.06711409395973154,0,0.21538542792842286,0,False
1136-XGEQU,No,1851.3,0,0.06406942013061757,0,0.1004566210045662,0,0.17809677276825542,0,False
2530-FMFXO,No,1651.2,0,0.12445079369934173,0,0.06711409395973154,0,0.2535992774313904,0,False
6844-DZKRF,No,3514.0,0,0.26060865954594137,0,0.3939393939393939,0,0.33651372685822467,0,False
5970-GHJAW,No,518.6999999999999,0,0.005782312884180136,0,0.021970705725699067,0,0.07111112085707774,0,False
8879-XUAHX,No,116.25,0,0.07544250746801105,0,0.06711409395973154,0,0.20327534238664707,0,False
3689-MOZGR,No,1341.6,0,0.22961952959139903,0,0.16666666666666666,0,0.32046988145321076,0,False
4195-PNGZS,No,73.35,0,0.003140016105807037,0,0.021970705725699067,0,0.06826253846186922,0,False
5003-XZWWO,No,84.2,0,0.016111259998056,0,0.015384615384615385,0,0.1529417225038442,0,False
7622-FWGEW,No,1370.4,0,0.021672280134100576,0,0.021970705725699067,0,0.15096467370918182,0,False
6922-NCEDI,No,339.2,0,0.011064798963057001,0,0.021970705725699067,0,0.1044684778174928,0,False
9891-NQDBD,No,1124.2,0,0.04208153641240928,0,0.021970705725699067,0,0.08575198061559414,0,False
6131-IUNXN,No,1070.6,0,0.06974399068869461,0,0.11405835543766578,0,0.09719768621389983,0,False
8548-AWOFC,No,383.1,0,0.07562947447677512,0,0.16666666666666666,0,0.2770870671278412,0,False
9798-DRYDS,No,3407.25,0,0.11363779401410685,0,0.13043478260869565,0,0.20920509611434357,0,False
8532-UEFWH,No,515.0,0,0.006955658801300232,0,0.021970705725699067,0,0.07065722104175705,0,False
6296-DDOOR,No,3084.6000000000004,0,0.1440298938901635,0,0.1004566210045662,0,0.26241699966727,0,False
7951-VRDVK,No,3090.6,0,0.04108964436502495,0,0.021970705725699067,0,0.15281986092135608,0,False
4815-YOSUK,No,104.9,0,0.04949134680221904,0,0.0,0,0.17230609750089423,0,False
0380-NEAVX,No,3794.3,0,0.33130992068784876,0,0.24344569288389514,0,0.33022875105046606,0,False
4365-MSDYN,No,1251.2,0,0.1641860962270267,0,0.11405835543766578,0,0.13507672940498078,0,False
7036-TYDEC,No,312.0,0,0.08169924067056493,0,0.06711409395973154,0,0.26009876479486205,0,False
5802-ADBRC,No,2296.8,0,0.19647359532012706,0,0.24344569288389514,0,0.2672293121160573,0,False
8076-FEZKJ,No,1209.0,0,0.06638968793390437,0,0.021970705725699067,0,0.09965201093060269,0,False
5197-YPYBZ,No,1515.0,0,0.032657930187059196,0,0.021970705725699067,0,0.0728225417166013,0,False
4312-GVYNH,No,99.7,0,0.011846323161884456,0,0.021970705725699067,0,0.14484562618326277,0,False
8495-LJDFO,No,871.6,0,0.20892338146033354,0,0.26666666666666666,0,0.29032862895886113,0,False
0839-JTCUD,No,539.4000000000001,0,0.010412588400395528,0,0.021970705725699067,0,0.11778842642482928,0,False
5494-WOZRZ,No,82.0,0,0.010199086362379695,0,0.021970705725699067,0,0.1356624201018603,0,False
1302-UHBDD,No,4677.400000000001,1,0.6289425235208322,1,0.5551470588235294,0,0.41928693229180763,2,False
2234-EOFPT,No,79.35,0,0.011229745798368657,0,0.021970705725699067,0,0.14913230180778803,0,False
8619-IJNDK,No,64.05,0,0.0029214692347018156,0,0.021970705725699067,0,0.11970079717195264,0,False
8378-LKJAF,No,3439.1000000000004,0,0.4828800730754028,0,0.4697986577181208,0,0.34035438352083014,0,False
1153-GNOLC,No,1524.9,0,0.18231565486936704,0,0.1004566210045662,0,0.28353785096345624,0,False
3298-QEICA,No,1695.4,0,0.03192392697597355,0,0.021970705725699067,0,0.15705153080818193,0,False
0788-DXBFY,No,273.7,0,0.014300764005522989,0,0.021970705725699067,0,0.1073582400457495,0,False
3597-YASZG,No,208.9,0,0.07795034084796884,0,0.06711409395973154,0,0.2422499010926064,0,False
3496-LFSZU,No,4794.0,0,0.4841166062463507,0,0.45535714285714285,0,0.4326709040828273,0,False
5242-UOWHD,No,549.45,0,0.00670333551790175,0,0.021970705725699067,0,0.07278318112755264,0,False
6479-SZPLM,No,700.1999999999999,0,0.009167013047766164,0,0.021970705725699067,0,0.07119586661978962,0,False
8097-VBQTZ,No,1258.2,0,0.05357070162144141,0,0.11405835543766578,0,0.20308408145830537,0,False
4500-HKANN,No,2925.3,0,0.037457197610960585,0,0.015384615384615385,0,0.17007422599915073,0,False
9917-KWRBE,No,2428.85,0,0.0580429708984772,0,0.021970705725699067,0,0.17748306289427163,0,False
3420-ZDBMA,No,4787.150000000001,1,0.5094939286356955,0,0.45535714285714285,0,0.45286888334505043,1,False
2212-LYASK,No,2063.25,0,0.15054446533700733,0,0.1004566210045662,0,0.216260803426204,0,False
1393-IMKZG,No,6805.349999999999,1,0.5877085068014598,1,0.6,0,0.44793468167415534,2,False
8069-RHUXK,No,178.5,0,0.005086767814353904,0,0.021970705725699067,0,0.1449495146975782,0,False
3398-GCPMU,No,89.55,0,0.014251326003257314,0,0.021970705725699067,0,0.13152061399085022,0,False
2908-WGAXL,No,399.2,0,0.007577824780733035,0,0.021970705725699067,0,0.0835591327247613,0,False
3378-AJRAO,No,695.8000000000001,0,0.024486710584511916,0,0.021970705725699067,0,0.08971822072812506,0,False
1013-QCWAM,No,604.8,0,0.35656271371069476,0,0.4540540540540541,0,0.38996760052384766,0,False
6050-FFXES,No,316.04999999999995,0,0.055971528671457604,0,0.06711409395973154,0,0.217109841905156,0,False
0362-RAOQO,No,628.8,0,0.009232764953721972,0,0.021970705725699067,0,0.08602157477310923,0,False
9554-DFKIC,No,2286.9,0,0.1293213249391959,0,0.11405835543766578,0,0.2486656245893058,0,False
5527-ACHSO,No,4300.5,0,0.24053155097904974,0,0.1650485436893204,0,0.2903238886039408,0,False
0829-DDVLK,No,1145.7,0,0.0484030247389464,0,0.021970705725699067,0,0.0944999716045728,0,False
1399-UBQIU,No,4230.349999999999,0,0.427414951701269,1,0.5242718446601942,0,0.3893155418057716,1,False
1813-JLKWR,No,158.4,0,0.005081490268418429,0,0.021970705725699067,0,0.07814489958350129,0,False
0336-PIKEI,No,74.4,0,0.006331218139781441,0,0.021970705725699067,0,0.14080825466036034,0,False
7322-OCWHC,No,93.05,0,0.02911101236873372,0,0.021970705725699067,0,0.1850044173183477,0,False
9537-VHDTA,No,3635.2,0,0.20646591888470325,0,0.43157894736842106,0,0.3156775711578124,0,False
4957-TIALW,No,3739.2,0,0.03721142875830316,0,0.021970705725699067,0,0.14965811706294552,0,False
2054-PJOCK,No,966.6,0,0.0439621833372263,0,0.1004566210045662,0,0.2033902695527198,0,False
9150-HEPMB,No,843.2,0,0.020254064878492344,0,0.021970705725699067,0,0.19331246897922724,0,False
9030-QGZNL,No,1334.4,0,0.04000718345236843,0,0.021970705725699067,0,0.09252512927210307,0,False
3126-WQMGH,No,1199.45,0,0.11537907266627241,0,0.1650485436893204,0,0.3206280675465184,0,False
7176-WRTNX,No,229.9,0,0.04773767536185214,0,0.06711409395973154,0,0.19568854114640086,0,False
5732-IKGQH,No,2089.0,0,0.12531958878152316,0,0.24344569288389514,0,0.22736165102090966,0,False
9239-GZHZE,No,113.65,0,0.04647193308352425,0,0.06711409395973154,0,0.1684927913627997,0,False
7205-BAIAD,No,659.2,0,0.013623640573779005,0,0.021970705725699067,0,0.10111770190387012,0,False
0093-EXYQL,No,2929.6,0,0.45584087630273695,0,0.4540540540540541,0,0.441023489333029,0,False
8064-RAVOH,No,3539.35,0,0.35808905951864006,1,0.5932203389830508,0,0.40646134825850694,1,False
0219-QAERP,No,831.6,0,0.027245082338290993,0,0.021970705725699067,0,0.08650728330032971,0,False
9168-INPSZ,No,2916.2000000000003,0,0.36287515733462067,0,0.4540540540540541,0,0.3341833399081194,0,False
0015-UOCOJ,No,3133.0,0,0.3879447694305798,1,0.5242718446601942,0,0.3688548935747661,1,False
5334-AFQJB,No,25.1,0,0.005546508726513615,0,0.021970705725699067,0,0.10253494521440525,0,False
2754-SDJRD,No,6409.6,1,0.6901228853115204,1,0.7912621359223301,0,0.3865194631685274,2,False
8963-JLGJT,No,3857.1,0,0.16728931783763018,0,0.43157894736842106,0,0.2777495967808893,0,False
1465-LNTLJ,No,4121.6,0,0.3555870820885928,0,0.1650485436893204,0,0.29845719283355526,0,False
2135-DQWAQ,No,5715.099999999999,0,0.49129883615034325,1,0.6479591836734694,0,0.4060061659397383,1,False
4056-QHXHZ,No,107.45,0,0.03115986118420128,0,0.06711409395973154,0,0.17257986445714749,0,False
7401-JIXNM,No,1643.4,0,0.014931827534964016,0,0.021970705725699067,0,0.12004714583146386,0,False
9339-FIIJL,No,85.95,0,0.01624372448304143,0,0.015384615384615385,0,0.15325063292959798,0,False
4706-DGAHW,No,3209.2000000000003,0,0.45805895794631424,1,0.6666666666666666,0,0.4206452990904468,1,False
6670-MFRPK,No,237.6,0,0.04261249731248317,0,0.015384615384615385,0,0.25811637407399357,0,False
6177-PEVRA,No,1332.0,0,0.01111448454873958,0,0.021970705725699067,0,0.179828224572031,0,False
4813-HQMGZ,No,5776.0,1,0.5639783721157898,1,0.7912621359223301,0,0.40543682582352936,2,False
7579-KKLOE,No,91.25,0,0.014569886706374525,0,0.021970705725699067,0,0.1311379231813418,0,False
8402-EIVQS,No,504.5,0,0.08848225646878903,0,0.24344569288389514,0,0.23870746447587618,0,False
4947-DSMXK,No,3712.6,0,0.49068207332057695,0,0.4697986577181208,0,0.3137702720056005,0,False
7245-NIIWQ,No,4819.65,1,0.5559619262419683,0,0.45535714285714285,0,0.4866629838855008,1,False
0002-ORFBO,No,4132.799999999999,0,0.12507154701019163,0,0.13043478260869565,0,0.20826095157539812,0,False
3324-OIRTO,No,104.65,0,0.07166392126596824,0,0.0,0,0.20956689040952414,0,False
5414-OFQCB,No,1356.75,0,0.07522276648856704,0,0.015384615384615385,0,0.26136434779256545,0,False
4967-WPNCF,No,63.7,0,0.014348269797436093,0,0.021970705725699067,0,0.14734648330120959,0,False
8552-OBVRU,No,2508.0,0,0.24689359354801074,0,0.25,0,0.26992987815353975,0,False
8499-BRXTD,No,1085.4,0,0.04815883943016599,0,0.021970705725699067,0,0.09474321164475324,0,False
9154-QDGTH,No,3024.7,0,0.18812819388423882,0,0.24344569288389514,0,0.23603190241981026,0,False
8197-BFWVU,No,93.25,0,0.012601600748733593,0,0.021970705725699067,0,0.12974999668076273,0,False
2577-GVSIL,No,2717.65,0,0.11026395808663608,0,0.1004566210045662,0,0.21213750547816457,0,False
9367-OIUXP,No,1407.6,0,0.14511033774638454,0,0.11405835543766578,0,0.1317059585365695,0,False
6770-UAYGJ,No,580.75,0,0.007619802392077138,0,0.021970705725699067,0,0.0710560053957383,0,False
6463-HHXJR,No,100.5,0,0.02569032894161063,0,0.06711409395973154,0,0.18627933665938903,0,False
7928-VJYAB,No,5526.599999999999,1,0.6146772329125126,1,0.6479591836734694,0,0.3920881806812986,2,False
1187-WILMM,No,804.6,0,0.01641981493187188,0,0.021970705725699067,0,0.12807502836979964,0,False
9776-OJUZI,No,668.15,0,0.2313067667911444,0,0.26666666666666666,0,0.3590104892091498,0,False
1306-RPWXZ,No,470.35,0,0.004903657343541288,0,0.021970705725699067,0,0.07847160277792625,0,False
3097-PYWXL,No,1356.6,0,0.20376286774348956,0,0.1111111111111111,0,0.1424663273885827,0,False
2266-SJNAT,No,109.15,0,0.08089482572047275,0,0.0,0,0.20934487173062957,0,False
0869-PAPRP,No,3942.2,0,0.3948715573343947,0,0.29533678756476683,0,0.36131800919595086,0,False
4238-JSSWH,No,3775.85,0,0.39649403476457384,0,0.4697986577181208,0,0.3608019847582727,0,False
2972-YDYUW,No,1420.5,0,0.13313696695333144,0,0.24344569288389514,0,0.2750126767703639,0,False
1104-FEJAM,No,2833.6000000000004,0,0.20941329102761325,0,0.1111111111111111,0,0.27899232028037824,0,False
2809-ILCYT,No,1259.6,0,0.06667914555704882,0,0.021970705725699067,0,0.10566875241436609,0,False
5499-ECUTN,No,1651.25,0,0.04682607051863504,0,0.021970705725699067,0,0.20314196631872933,0,False
4981-FLTMF,No,978.0,0,0.026043871993814388,0,0.11405835543766578,0,0.16756330529944624,0,False
9121-PHQSR,No,4762.8,1,0.5366448457472394,0,0.29533678756476683,0,0.4019218664385478,1,False
3113-IWHLC,No,3738.6,0,0.2411945681114892,0,0.11405835543766578,0,0.3126401980876408,0,False
4277-BWBML,No,19.95,0,0.0018746588115795039,0,0.021970705725699067,0,0.07091959687075745,0,False
0234-TEVTT,No,1080.0,0,0.03778183729377275,0,0.021970705725699067,0,0.1616358376196034,0,False
4304-TSPVK,No,459.6,0,0.039234199206385816,0,0.06711409395973154,0,0.15829711914814845,0,False
1552-AAGRX,No,4468.8,0,0.2654025746921248,0,0.4697986577181208,0,0.27451069765453523,0,False
2637-FKFSY,No,3180.9,0,0.3307923750081929,1,0.5932203389830508,0,0.3629447451852964,1,False
9796-MVYXX,No,2302.6000000000004,0,0.06215461328702565,0,0.021970705725699067,0,0.192435012378554,0,False
7874-ECPQJ,No,1363.4,0,0.15118280797745642,0,0.11405835543766578,0,0.1345553140792579,0,False
0020-INWCK,No,95.75,0,0.05138298091123263,0,0.06711409395973154,0,0.2393328173447153,0,False
7089-RKVSZ,No,1561.6,0,0.07706816705625447,0,0.021970705725699067,0,0.08633276425145789,0,False
2683-JXWQQ,No,369.6,0,0.03429715234206051,0,0.11405835543766578,0,0.20088421090609337,0,False
9548-ZMVTX,No,90.45,0,0.019492206402433668,0,0.015384615384615385,0,0.1814554963302659,0,False
8739-XNIKG,No,5628.0,1,0.7811028483110704,1,0.7912621359223301,0,0.48455363994913836,2,False
9755-JHNMN,No,1550.2,0,0.008081721711086195,0,0.021970705725699067,0,0.1359296818221215,0,False
3981-QSVQI,No,1260.8,0,0.1615687252856843,0,0.11405835543766578,0,0.14143308457768566,0,False
2789-HQBOU,No,5544.15,1,0.6088726091276782,1,0.6479591836734694,0,0.47856161967086835,2,False
9424-CMPOG,No,1234.8000000000002,0,0.03162936555657669,0,0.021970705725699067,0,0.08110556959020618,0,False
5067-WJEUN,No,271.0,0,0.0071331374323116686,0,0.021970705725699067,0,0.16948610628254557,0,False
3450-WXOAT,No,1175.2,0,0.09653406011781557,0,0.1650485436893204,0,0.3371574910409002,0,False
9251-WNSOD,No,375.5,0,0.02437015956751349,0,0.021970705725699067,0,0.17766450035228798,0,False
6974-DAFLI,No,334.9,0,0.013921606397360396,0,0.021970705725699067,0,0.09942796110976296,0,False
2616-UUTFK,No,2837.25,0,0.16193752405487488,0,0.11405835543766578,0,0.23529359904622338,0,False
7064-JHXCE,No,200.5,0,0.002905767917250481,0,0.021970705725699067,0,0.07074943867347583,0,False
7989-AWGEH,No,901.6,0,0.1332343798700035,0,0.16666666666666666,0,0.26253213385836527,0,False
4373-VVHQL,No,3177.25,0,0.4111366847846854,1,0.5932203389830508,0,0.444093524643793,1,False
4559-UWIHT,No,4793.700000000001,1,0.5190247863524334,1,0.5551470588235294,0,0.4035214658541561,2,False
7268-IGMFD,No,5070.6,0,0.3795397658607368,0,0.29533678756476683,0,0.3210018579873414,0,False
6650-BWFRT,No,117.15,0,0.04781970782139501,0,0.06711409395973154,0,0.1675416345504604,0,False
9570-KYEUA,No,794.0,0,0.03344243612501539,0,0.06711409395973154,0,0.18449044466983108,0,False
6993-YGFJV,No,337.65,0,0.05322509222484184,0,0.06711409395973154,0,0.17534173914586637,0,False
2712-SYWAY,No,1824.7,0,0.302670563916932,0,0.1111111111111111,0,0.18581680766324316,0,False
0730-BGQGF,No,90.3,0,0.008839544668364308,0,0.021970705725699067,0,0.11669404278645956,0,False
5498-IBWPI,No,296.4,0,0.0150203081691977,0,0.1004566210045662,0,0.20995186075243238,0,False
9101-NTIXF,No,1358.0,0,0.15742098897264095,0,0.1111111111111111,0,0.13304432344003356,0,False
0013-SMEOE,No,109.7,0,0.041440621054482284,0,0.06711409395973154,0,0.18399849369681737,0,False
9314-QDMDW,No,3736.25,0,0.2329084933953336,0,0.1004566210045662,0,0.297568093492792,0,False
9308-ANMVE,No,1382.5,0,0.07656079833694213,0,0.1111111111111111,0,0.2655056407768825,0,False
3413-DHLPB,No,1245.0,0,0.2003307864416083,0,0.26666666666666666,0,0.2500193546740322,0,False
7649-PHJVR,No,1189.5,0,0.06756878928493217,0,0.021970705725699067,0,0.09714183005916668,0,False
6114-TCFID,No,1698.5,0,0.044354829406954246,0,0.021970705725699067,0,0.16447321433376472,0,False
3787-TRIAL,No,1328.55,0,0.3832832404271677,1,0.5242718446601942,0,0.3380003997319758,1,False
2573-GYRUU,No,2185.2,0,0.3408151147052402,0,0.4697986577181208,0,0.36650189097000613,0,False
5156-UMKOW,No,2045.85,0,0.2899393745494163,0,0.43157894736842106,0,0.32212839122112,0,False
1247-QBVSH,No,1455.8000000000002,0,0.061538604054324944,0,0.1650485436893204,0,0.24870176458263932,0,False
6734-GMPVK,No,7055.099999999999,1,0.5895723277132521,1,0.7912621359223301,0,0.39968681796148225,2,False
9822-OAOVB,No,3936.95,0,0.4522813754130435,1,0.5932203389830508,0,0.43747258331000594,1,False
6161-ERDGD,No,85.45,0,0.029124838084492736,0,0.021970705725699067,0,0.1612239931280527,0,False
1226-JZNKR,No,1267.2,0,0.0767602099005648,0,0.021970705725699067,0,0.09431832283164887,0,False
7318-EIVKO,No,3792.0,0,0.46399739578826393,1,0.5242718446601942,0,0.4107201824466632,1,False
3771-PZOBW,No,4716.400000000001,0,0.46936503826432396,0,0.29533678756476683,0,0.38330080991604815,0,False
8231-BSWXX,No,79.05,0,0.07663098053475725,0,0.1004566210045662,0,0.3002744649707776,0,False
6486-LHTMA,No,3718.7,0,0.3782782011734701,0,0.1004566210045662,0,0.35404912331970023,0,False
4083-BFNYK,No,3230.0,0,0.14442125684257368,0,0.24344569288389514,0,0.23264731890784968,0,False
7389-KBFIT,No,2117.5,0,0.36695843059895206,1,0.5932203389830508,0,0.3387576525949796,1,False
7176-WIONM,No,2991.0,0,0.44442658379967387,0,0.1650485436893204,0,0.32663384875587653,0,False
5141-ZUVBH,No,5859.0,0,0.233552794569131,1,0.6479591836734694,0,0.2770585818858303,1,False
1089-HDMKP,No,3327.55,0,0.23478867887327434,0,0.1111111111111111,0,0.30173301293046256,0,False
7623-HKYRK,No,1300.2,0,0.1138533512031399,0,0.11405835543766578,0,0.10805399819124561,0,False
0310-SUCIN,No,84.8,0,0.021533209384229833,0,0.021970705725699067,0,0.15180278363815164,0,False
5197-PYEPU,No,2833.5,0,0.12926693536157474,0,0.06666666666666667,0,0.2272999041167247,0,False
6619-RPLQZ,No,562.95,0,0.006445883590244072,0,0.021970705725699067,0,0.07344336072787089,0,False
3275-RHRNE,No,2640.0,0,0.12440186723333259,0,0.1004566210045662,0,0.16559318556542973,0,False
3503-TYDAY,No,2333.05,0,0.26538231436501225,0,0.4540540540540541,0,0.36256906384886856,0,False
6901-GOGZG,No,1019.4,0,0.028831688085812886,0,0.021970705725699067,0,0.18437310714371005,0,False
7021-XSNYE,No,3227.25,0,0.06625395032052009,0,0.021970705725699067,0,0.15370131934380163,0,False
9621-OUPYD,No,949.4,0,0.04737997221790413,0,0.021970705725699067,0,0.10820755984354764,0,False
8982-NHAVY,No,4522.5,0,0.35305569990740965,0,0.24344569288389514,0,0.32420287312726276,0,False
4307-KWMXE,No,2216.5,0,0.2767461129913627,0,0.2926829268292683,0,0.29640577206866525,0,False
0141-YEAYS,No,3890.25,0,0.37629147350954983,0,0.29533678756476683,0,0.36237351522143607,0,False
2450-ZKEED,No,3281.8,0,0.09119659724674195,0,0.1004566210045662,0,0.21709655653278534,0,False
3694-DELSO,No,2621.4,0,0.2739590655439377,0,0.11405835543766578,0,0.264920001592463,0,False
3893-JRNFS,No,159.6,0,0.09354064145611614,0,0.1650485436893204,0,0.31392622886859,0,False
9603-OAIHC,No,4973.55,1,0.6034255193880974,1,0.888268156424581,0,0.4951750812515682,2,False
1133-KXCGE,No,1085.4,0,0.04924145638186394,0,0.021970705725699067,0,0.09515998142972451,0,False
0142-GVYSN,No,933.8,0,0.11768973597265789,0,0.1111111111111111,0,0.1552055510241763,0,False
1049-FYSYG,No,1960.75,0,0.2756016941492552,0,0.1650485436893204,0,0.2982561343642596,0,False
8406-LNMHF,No,1078.35,0,0.06859571290895504,0,0.021970705725699067,0,0.22163272384290283,0,False
1821-BUCWY,No,2337.3,0,0.03838450782475018,0,0.021970705725699067,0,0.20279398692047587,0,False
0023-UYUPN,No,554.4,0,0.02748940686306849,0,0.021970705725699067,0,0.09158057175845158,0,False
8314-DPQHL,No,3200.4,0,0.13589321082036282,0,0.021970705725699067,0,0.19424206214625697,0,False
1465-WCZVT,No,1355.85,0,0.1262936704457769,0,0.1111111111111111,0,0.11327343684197404,0,False
9481-SFCQY,No,3468.4,0,0.28745916200861854,0,0.1650485436893204,0,0.32750851696042405,0,False
6360-SVNWV,No,3015.55,0,0.24556079616057377,0,0.29533678756476683,0,0.34110861655208846,0,False
0567-GGCAC,No,3991.0,0,0.19582370544395714,0,0.1111111111111111,0,0.2895754565704818,0,False
8884-MRNSU,No,1094.5,0,0.038484764660268206,0,0.021970705725699067,0,0.0814942110020444,0,False
2171-UDMFD,No,778.0,0,0.058583982715782114,0,0.11405835543766578,0,0.11142430357686317,0,False
9050-IKDZA,No,5705.0,0,0.49697337272888303,1,0.6479591836734694,0,0.43383915800362194,1,False
9802-CAQUT,No,109.55,0,0.03558045967829068,0,0.06711409395973154,0,0.17672452416784043,0,False
0187-WZNAB,No,3348.0000000000005,0,0.17726226939474415,0,0.29533678756476683,0,0.2791292349507628,0,False
1475-VWVDO,No,4868.5,1,0.6540242942644591,0,0.45535714285714285,0,0.46454178225693243,1,False
1357-MVDOZ,No,3638.65,0,0.2707041065113186,0,0.1650485436893204,0,0.29807055521100945,0,False
7602-MVRMB,No,110.45,0,0.04342537422058548,0,0.06711409395973154,0,0.1856501688581683,0,False
1197-BVMVG,No,5062.6,1,0.6362670515087441,1,0.6363636363636364,0,0.4870126075973088,2,False
5406-KGRMX,No,24.55,0,0.0050769177931373225,0,0.021970705725699067,0,0.09570198873694054,0,False
5968-HYJRZ,No,613.75,0,0.00858792829433685,0,0.021970705725699067,0,0.07103393337052416,0,False
5198-EFNBM,No,1359.75,0,0.20727491658639746,0,0.1004566210045662,0,0.3174351244392954,0,False
7516-GMHUV,No,2311.1,0,0.12795096148625706,0,0.06711409395973154,0,0.24166843769467392,0,False
7140-ADSMJ,No,1308.8,0,0.15712409843002095,0,0.11405835543766578,0,0.13475515584886208,0,False
2230-XTUWL,No,469.2000000000001,0,0.005710256300169888,0,0.021970705725699067,0,0.07384392057292102,0,False
7706-YLMQA,No,39.4,0,0.004726217307663844,0,0.021970705725699067,0,0.09084663068528048,0,False
2585-KTFRE,No,5001.95,0,0.1833757257499865,0,0.1111111111111111,0,0.2503148894431223,0,False
7994-UYIVZ,No,5481.6,1,0.5611404685878144,1,0.7912621359223301,0,0.43045051001521273,2,False
7717-BICXI,No,246.6,0,0.0034594433361650237,0,0.021970705725699067,0,0.07320581422485135,0,False
6559-RAKOZ,No,2252.85,0,0.2716186248372264,0,0.24344569288389514,0,0.2859445049075008,0,False
4716-MRVEN,No,860.0,0,0.029854916356366022,0,0.021970705725699067,0,0.09309897251911804,0,False
2143-LJULT,No,126.25,0,0.005934709342412125,0,0.021970705725699067,0,0.08792622838896227,0,False
3200-MNQTF,No,354.5,0,0.006198632760383785,0,0.021970705725699067,0,0.12693271202676398,0,False
6164-HXUGH,No,1310.1,0,0.12551935363793645,0,0.11405835543766578,0,0.10200297436203767,0,False
5630-IXDXV,No,2658.75,0,0.42089204912862216,0,0.4540540540540541,0,0.386987196177381,0,False
0320-DWVTU,No,1890.5,0,0.03079758193998,0,0.06711409395973154,0,0.17086408069226253,0,False
9135-MGVPY,No,254.1,0,0.013503623393278142,0,0.021970705725699067,0,0.14056034842503026,0,False
1212-GLHMD,No,5937.45,0,0.45764998232696724,1,0.6479591836734694,0,0.3790767379747437,1,False
7878-JGDKK,No,3029.4,0,0.2655809556357747,0,0.38461538461538464,0,0.35332396674572036,0,False
1088-AUUZZ,No,1213.6,0,0.014661314001965074,0,0.021970705725699067,0,0.13942269752164752,0,False
6614-YWYSC,No,275.0,0,0.006406428023000138,0,0.021970705725699067,0,0.07707763845258024,0,False
9588-OZDMQ,No,3150.0,0,0.4021763512893694,1,0.5932203389830508,0,0.4182931858978967,1,False
6476-EPYZR,No,1230.0,0,0.09277799665045545,0,0.11405835543766578,0,0.0969106451540834,0,False
1174-FGIFN,No,3979.8,0,0.3240889358847318,0,0.1004566210045662,0,0.2882964566626681,0,False
6620-HVDUJ,No,2901.6000000000004,0,0.06943500350152833,0,0.11405835543766578,0,0.19300435607700067,0,False
1032-MAELW,No,313.8,0,0.02718274968299637,0,0.021970705725699067,0,0.1683129018060227,0,False
7641-TQFHN,No,3318.15,0,0.10911256031018629,0,0.06711409395973154,0,0.241926149531585,0,False
1552-TKMXS,No,610.5,0,0.0314971417412611,0,0.11405835543766578,0,0.10601939302954813,0,False
8622-ZLFKO,No,5989.5,1,0.7459694146164663,1,0.7912621359223301,0,0.43062220095420317,2,False
6188-UXBBR,No,688.5,0,0.027261250057767174,0,0.021970705725699067,0,0.10880055830770827,0,False
2333-KWEWW,No,1082.7,0,0.02420474871348045,0,0.021970705725699067,0,0.08882080462863243,0,False
5702-SKUOB,No,1332.8000000000002,0,0.14665311597219033,0,0.11405835543766578,0,0.12413281685532312,0,False
1134-YWTYF,No,2421.0,0,0.16654675441969047,0,0.1111111111111111,0,0.2698367359712841,0,False
6061-GWWAV,No,2176.2000000000003,0,0.033239812820052006,0,0.021970705725699067,0,0.16717825119141363,0,False
0679-TDGAK,No,1661.0,0,0.03922186008222984,0,0.021970705725699067,0,0.17213178877460436,0,False
6585-WCEWR,No,20.35,0,0.0027712640481890307,0,0.021970705725699067,0,0.0748322826364344,0,False
9067-YGSCA,No,52.1,0,0.006662848680570427,0,0.021970705725699067,0,0.09243445613042457,0,False
9067-SQTNS,No,576.8000000000001,0,0.012443837824044906,0,0.021970705725699067,0,0.0780395097396332,0,False
1776-SPBWV,No,763.8000000000001,0,0.026927346941042245,0,0.021970705725699067,0,0.09850020471251579,0,False
8735-SDUFN,No,24.3,0,0.0039527516340409465,0,0.021970705725699067,0,0.07801222481000494,0,False
9668-PUGNU,No,24.5,0,0.007821493367581742,0,0.021970705725699067,0,0.09770911217566113,0,False
9405-GPBBG,No,884.0,0,0.08227892649502745,0,0.06711409395973154,0,0.22008193609164425,0,False
1926-QUZNN,No,25.25,0,0.004926831728851343,0,0.021970705725699067,0,0.08813341636848206,0,False
7016-NVRIC,No,3874.3,0,0.16025586669114936,0,0.021970705725699067,0,0.24188936322849824,0,False
5829-NVSQN,No,3368.75,0,0.0789317622927353,0,0.021970705725699067,0,0.17487664094531372,0,False
9565-AXSMR,No,384.0,0,0.004997881810267696,0,0.021970705725699067,0,0.07274241500199936,0,False
8869-LIHMK,No,920.8,0,0.05655264205993992,0,0.06711409395973154,0,0.19253695945445554,0,False
0447-RXSGD,No,4783.200000000001,0,0.4855433209880506,0,0.4697986577181208,0,0.35585156185134637,0,False
4927-WWOOZ,No,6401.5,1,0.7921400636668107,1,0.7912621359223301,0,0.45573380430574295,2,False
5788-YPOEG,No,3220.5,0,0.02108274872643851,0,0.021970705725699067,0,0.12422180507195167,0,False
0661-KBKPA,No,1496.25,0,0.07089055197265003,0,0.375,0,0.2002661243767063,0,False
9081-WWXKP,No,506.25,0,0.005364990748189264,0,0.021970705725699067,0,0.07130658977372722,0,False
0784-ZQJZX,No,19.9,0,0.0018583935870400382,0,0.021970705725699067,0,0.07761711198751974,0,False
3133-PZNSR,No,97.75,0,0.026431340851900405,0,0.06711409395973154,0,0.1665770296701812,0,False
0722-SVSFK,No,6526.0,1,0.5472742401873156,1,0.6479591836734694,0,0.41735740156837414,2,False
3612-YVGSJ,No,24.45,0,0.004908901702212425,0,0.021970705725699067,0,0.08737534831034557,0,False
9825-YCXWZ,No,3134.1,0,0.19627083420499672,0,0.24344569288389514,0,0.2788830498250007,0,False
5397-NSKQG,No,254.5,0,0.013766262739656773,0,0.021970705725699067,0,0.17863078248007225,0,False
8565-HBFNN,No,321.6,0,0.0650358621191953,0,0.24344569288389514,0,0.18857050726102076,0,False
2000-DHJUY,No,184.4,0,0.01954687791436132,0,0.021970705725699067,0,0.14571740559734786,0,False
8670-ERCJH,No,113.4,0,0.034289021244614644,0,0.06711409395973154,0,0.1738632899954937,0,False
7758-UJWYS,No,1540.9,0,0.07488959191037196,0,0.015384615384615385,0,0.20921731230935492,0,False
2050-ONYDQ,No,182.0,0,0.0034920406165634124,0,0.021970705725699067,0,0.06876427553681501,0,False
7055-JCGNI,No,223.9,0,0.04794038745076769,0,0.06711409395973154,0,0.18462629762948135,0,False
0739-UUAJR,No,53.8,0,0.017069529133193536,0,0.021970705725699067,0,0.16440199329043514,0,False
4826-DXMUP,No,2667.7,0,0.08406717476901752,0,0.375,0,0.22229577801991976,0,False
7285-KLOTR,No,4731.0,0,0.21338803865238987,0,0.021970705725699067,0,0.23940797820612605,0,False
0654-PQKDW,No,707.5,0,0.0172327735941322,0,0.021970705725699067,0,0.1556007459755566,0,False
7175-NTIXE,No,3579.05,0,0.15801333579007798,0,0.11405835543766578,0,0.23723208977047072,0,False
7963-SHNDT,No,782.0,0,0.010868735524940984,0,0.021970705725699067,0,0.15270544964501545,0,False
9796-BPKIW,No,4476.8,0,0.47299701291163304,0,0.45535714285714285,0,0.43412448183389274,0,False
0188-GWFLE,No,1403.5,0,0.15606190553716276,0,0.1111111111111111,0,0.13304432344003356,0,False
8129-GMVGI,No,320.8,0,0.004023111793316792,0,0.021970705725699067,0,0.07484392057292101,0,False
2882-DDZPG,No,1167.0,0,0.10326519431045075,0,0.11405835543766578,0,0.12085143606784002,0,False
3547-LQRIK,No,672.5,0,0.02650109468472266,0,0.021970705725699067,0,0.1014659632238022,0,False
9137-NOQKA,No,1344.0,0,0.21997151359256287,0,0.1111111111111111,0,0.15783607707390448,0,False
5843-TTHGI,No,2700.0,0,0.2273825810760521,0,0.1650485436893204,0,0.34014715290480035,0,False
1849-RJYIG,No,3840.0,0,0.3217742463885332,1,0.5242718446601942,0,0.3505288004205082,1,False
8868-GAGIO,No,2282.85,0,0.22566843106500759,0,0.29533678756476683,0,0.30871021432115986,0,False
4061-UKJWL,No,3136.05,0,0.2691073948888768,0,0.43157894736842106,0,0.3604154362784559,0,False
5380-XPJNZ,No,681.7,0,0.020424221273812063,0,0.021970705725699067,0,0.09349205331164448,0,False
8263-QMNTJ,No,115.55,0,0.07126834062676546,0,0.06711409395973154,0,0.20691975140868427,0,False
3230-JCNZS,No,99.0,0,0.03642774277347278,0,0.06711409395973154,0,0.201519254526863,0,False
0277-ORXQS,No,303.29999999999995,0,0.015927692995929058,0,0.015384615384615385,0,0.1790157031556011,0,False
7996-BPXHY,No,1475.0,0,0.04780778146731184,0,0.021970705725699067,0,0.0903051921315941,0,False
3227-WLKLI,No,640.85,0,0.010859442314144237,0,0.021970705725699067,0,0.11897256008399747,0,False
2266-FUBDZ,No,1102.95,0,0.025095838383800768,0,0.021970705725699067,0,0.07590800219767886,0,False
8237-ULIXL,No,24.85,0,0.003341572454358682,0,0.021970705725699067,0,0.07350312543730203,0,False
8216-AZUUZ,No,3012.0,0,0.12662487373818207,0,0.06711409395973154,0,0.24305974285363977,0,False
9153-BTBVV,No,25.0,0,0.00350988724467844,0,0.021970705725699067,0,0.07320098706273101,0,False
5186-PEIZU,No,712.25,0,0.041967121966823215,0,0.11405835543766578,0,0.11601856626643416,0,False
1074-AMIOH,No,2056.75,0,0.21906003274676716,0,0.26666666666666666,0,0.23995955366188804,0,False
4361-FEBGN,No,483.6,0,0.006626645643282215,0,0.021970705725699067,0,0.08567106119525927,0,False
7748-UMTRK,No,4254.599999999999,1,0.5778319307920987,1,0.5551470588235294,0,0.3700422310182593,2,False
0380-ZCSBI,No,1240.0,0,0.11041699194801322,0,0.11405835543766578,0,0.11640616487504761,0,False
7145-FEJWU,No,6318.0,1,0.5728908596845517,1,0.7912621359223301,0,0.37480850037526203,2,False
6463-MVYRY,No,1047.75,0,0.01115463725511355,0,0.021970705725699067,0,0.17466971451836272,0,False
3969-JQABI,No,913.5,0,0.056632665513685405,0,0.11405835543766578,0,0.22970523323722955,0,False
9624-EGDEQ,No,693.0,0,0.011600871291131102,0,0.021970705725699067,0,0.08609521077116528,0,False
1051-EQPZR,No,548.8000000000001,0,0.02498506359426788,0,0.11405835543766578,0,0.09507306154300338,0,False
5849-ASHZJ,No,902.25,0,0.024313892490615774,0,0.021970705725699067,0,0.08209111937307093,0,False
5780-INQIK,No,3161.6,0,0.2300464854642536,1,0.5242718446601942,0,0.33031468968067534,1,False
4526-ZJJTM,No,4154.8,0,0.39436027914503313,0,0.4697986577181208,0,0.3166444430056051,0,False
8384-FZBJK,No,1509.0,0,0.3275856876482117,0,0.4540540540540541,0,0.35369410798096806,0,False
3750-RNQKR,No,1167.0,0,0.10938351777844384,0,0.11405835543766578,0,0.11778574803168182,0,False
0962-CQPWQ,No,203.0,0,0.002925561487962719,0,0.021970705725699067,0,0.07105108331550823,0,False
3096-YXENJ,No,753.5500000000001,0,0.07936033048106299,0,0.06711409395973154,0,0.21139899844663368,0,False
1265-BCFEO,No,80.45,0,0.02528172880764757,0,0.015384615384615385,0,0.18993230423080504,0,False
5837-LXSDN,No,3001.35,0,0.11077243187572161,0,0.1004566210045662,0,0.2300042334917649,0,False
5945-AZYHT,No,109.6,0,0.15583152133869274,0,0.0,0,0.272178733670521,0,False
8325-QRPZR,No,4884.75,1,0.5211354001752259,0,0.45535714285714285,0,0.45859700481225196,1,False
6384-VMJHP,No,73.0,0,0.007409696293746149,0,0.021970705725699067,0,0.15033923367893945,0,False
2262-SLNVK,No,4977.099999999999,0,0.4956770805571927,1,0.888268156424581,0,0.4715195075402181,1,False
7730-CLDSV,No,98.65,0,0.03855746052318395,0,0.06711409395973154,0,0.19959897375981547,0,False
1135-HIORI,No,891.6,0,0.15494504750253374,0,0.24344569288389514,0,0.2432590373427038,0,False
0164-APGRB,No,114.9,0,0.07451201587904402,0,0.06711409395973154,0,0.22684918700684858,0,False
6481-ESCNL,No,4323.65,1,0.5015644519341904,0,0.4697986577181208,0,0.3586205841992011,1,False
1790-NESIO,No,1203.6,0,0.04451936796316743,0,0.021970705725699067,0,0.10556590406992739,0,False
1550-EENBN,No,4278.349999999999,0,0.36652296869495354,0,0.25,0,0.3302679605938472,0,False
8198-RKSZG,No,4666.1,0,0.20105263300731263,0,0.1650485436893204,0,0.22588344629802798,0,False
9297-EONCV,No,91.35,0,0.01593159883820551,0,0.021970705725699067,0,0.15069846466665238,0,False
1069-QJOEE,No,935.3,0,0.04005255925510749,0,0.021970705725699067,0,0.08534283298865863,0,False
7799-DSEWS,No,3690.9,0,0.20985514027534383,0,0.16666666666666666,0,0.27068341803794493,0,False
8766-PAFNE,No,79.1,0,0.016179041844487523,0,0.015384615384615385,0,0.16940467688528396,0,False
5315-CKEQK,No,2244.0,0,0.16242651850545323,0,0.1004566210045662,0,0.2849923992996357,0,False
3130-ICDUP,No,5638.5,0,0.3363916911292249,1,0.7912621359223301,0,0.32659752112346824,1,False
0820-FNRNX,No,3668.5,0,0.1751483970352938,0,0.1650485436893204,0,0.2273135024083761,0,False
0880-FVFWF,No,1382.4,0,0.20541149734869607,0,0.25,0,0.3478265387036587,0,False
4611-ANLQC,No,600.5999999999999,0,0.03939440093491719,0,0.021970705725699067,0,0.20387304597727798,0,False
4213-HKBJO,No,1002.3,0,0.017080162872436102,0,0.021970705725699067,0,0.08542203198846554,0,False
2792-LSHWX,No,5921.400000000001,0,0.3213591698868828,1,0.6,0,0.3124423907880675,1,False
0014-BMAQU,No,761.85,0,0.033719054130758354,0,0.021970705725699067,0,0.20101407590715964,0,False
9018-PCIOK,No,1100.75,0,0.02802349980601669,0,0.015384615384615385,0,0.2205919204840235,0,False
4837-QUSFT,No,701.0500000000001,0,0.07239866740026392,0,0.06666666666666667,0,0.20447816865272325,0,False
9953-ZMKSM,No,227.25,0,0.0053009551653095,0,0.021970705725699067,0,0.08465035563215852,0,False
0907-HQNTS,No,226.0,0,0.05707692452901017,0,0.06711409395973154,0,0.1770118668480251,0,False
7665-NKLAV,No,1463.4,0,0.017439822112220362,0,0.021970705725699067,0,0.1290593775794361,0,False
4391-LNRXK,No,4747.5,0,0.31380919796501366,0,0.4697986577181208,0,0.29604655768396215,0,False
8250-ZNGGW,No,4013.3,0,0.13389825383916873,0,0.11405835543766578,0,0.23821427376619908,0,False
8562-GHPPI,No,1405.8,0,0.14798851684075834,0,0.3706896551724138,0,0.14712707102757863,0,False
5893-PYOLZ,No,1308.8,0,0.025872785418596573,0,0.015384615384615385,0,0.18575671628893567,0,False
4986-MXSFP,No,1400.0,0,0.20014138179941354,0,0.1111111111111111,0,0.14945599387670744,0,False
6131-FOYAS,No,2205.2000000000003,0,0.17722929589749353,0,0.16666666666666666,0,0.30258104152785753,0,False
3027-YNWZU,No,200.0,0,0.004645643038317162,0,0.021970705725699067,0,0.07350312543730203,0,False
5609-IMCGG,No,4807.95,0,0.4584860107965249,0,0.29533678756476683,0,0.33568903339647427,0,False
4727-MCYZG,No,3944.05,0,0.32401645853359956,0,0.43157894736842106,0,0.3725388123706564,0,False
9481-WHGWY,No,150.7,0,0.007105629208168851,0,0.021970705725699067,0,0.14460021142499044,0,False
4328-VUFWD,No,1956.9,0,0.06619394429197598,0,0.1004566210045662,0,0.23747435963271865,0,False
3301-LSLWQ,No,2842.3,0,0.2471051588280061,0,0.16666666666666666,0,0.31814114778215474,0,False
7473-ZBDSN,No,1090.4,0,0.02510697269373218,0,0.021970705725699067,0,0.07695521380609487,0,False
3166-PNEOF,No,950.95,0,0.016010646301857955,0,0.021970705725699067,0,0.15216377451860932,0,False
5639-NTUPK,No,3073.9,0,0.15816121111347387,0,0.11405835543766578,0,0.28300855833911426,0,False
8780-YRMTT,No,284.4,0,0.009311300539873538,0,0.021970705725699067,0,0.15047757319473185,0,False
5140-FOMCQ,No,1418.95,0,0.16185557141122558,0,0.24344569288389514,0,0.22874469649031576,0,False
6242-SGYTS,No,949.5,0,0.08652835273657035,0,0.06666666666666667,0,0.22248985146036954,0,False
8166-ORCHU,No,3648.45,0,0.20977673244978778,0,0.021970705725699067,0,0.2475899392378383,0,False
8414-OOEEL,No,477.0,0,0.014788462069471174,0,0.015384615384615385,0,0.17432763576887672,0,False
8454-AATJP,No,115.05,0,0.03340919577206753,0,0.06711409395973154,0,0.16897566329648334,0,False
4531-AUZNK,No,1998.15,0,0.09807146168566468,0,0.06666666666666667,0,0.2197206610810861,0,False
4191-XOVOM,No,948.6,0,0.23128914488964714,0,0.4540540540540541,0,0.31455792509932906,0,False
2150-OEGBV,No,904.5,0,0.03212308803497291,0,0.021970705725699067,0,0.09231904315678588,0,False
1855-CFULU,No,1363.4,0,0.18388972771420867,0,0.11405835543766578,0,0.14253085166070692,0,False
4878-BUNFV,No,621.0,0,0.007546487475524811,0,0.021970705725699067,0,0.07277672650523677,0,False
1872-EBWSC,No,875.0500000000001,0,0.029820038926589826,0,0.021970705725699067,0,0.09309897251911804,0,False
7026-YMSBE,No,827.4,0,0.029478751785355146,0,0.021970705725699067,0,0.09268220273414675,0,False
6997-UVGOX,No,85.45,0,0.006465031658144886,0,0.021970705725699067,0,0.11791479061878876,0,False
9674-EHPPG,No,1050.4,0,0.015148761233317211,0,0.021970705725699067,0,0.13768615173779428,0,False
5440-VHLUL,No,315.6,0,0.13574921596325948,0,0.24344569288389514,0,0.2573303400013172,0,False
5781-BKHOP,No,100.65,0,0.032341352672032975,0,0.06711409395973154,0,0.1982395291526199,0,False
5213-TWWJU,No,4004.0,0,0.3825352324623452,1,0.5551470588235294,0,0.32695965912314123,1,False
8628-MFKAX,No,116.75,0,0.052623766152528846,0,0.06711409395973154,0,0.1770118668480251,0,False
7629-WIXZF,No,3841.5,0,0.25377921229021416,0,0.021970705725699067,0,0.2913049975840466,0,False
5445-GLVOT,No,2490.0,0,0.196239037713635,0,0.16666666666666666,0,0.32962420320776753,0,False
3976-HXHCE,No,19.3,0,0.002376953654136281,0,0.021970705725699067,0,0.0850826243489542,0,False
2466-NEJOJ,No,1257.6,0,0.10023550791912803,0,0.11405835543766578,0,0.09702493429792143,0,False
0254-KCJGT,No,1628.0,0,0.040259519328456464,0,0.021970705725699067,0,0.16004340552279595,0,False
5472-CVMDX,No,155.6,0,0.006676609840592005,0,0.021970705725699067,0,0.15556082047621328,0,False
6461-SZMCV,No,87.95,0,0.011666006321179482,0,0.021970705725699067,0,0.12556495632416578,0,False
8150-QUDFX,No,1389.5,0,0.15676461151631763,0,0.1111111111111111,0,0.13146611767692604,0,False
9508-ILZDG,No,3661.3,0,0.496315215907185,0,0.4540540540540541,0,0.35047565250228524,0,False
2346-DJQTB,No,893.55,0,0.1898872389443864,1,0.5242718446601942,0,0.3479479002262112,1,False
1697-LYYYX,No,210.1,0,0.005585043525441622,0,0.021970705725699067,0,0.07822621126446404,0,False
1942-OQFRW,No,3124.0,0,0.4252735254034088,0,0.43157894736842106,0,0.41303438155214095,0,False
9640-ZSLDC,No,1151.4,0,0.033482299244976345,0,0.1004566210045662,0,0.20795718969256619,0,False
4231-LZUYM,No,25.65,0,0.0034037132147715105,0,0.021970705725699067,0,0.07317520818211341,0,False
6128-AQBMT,No,1672.45,0,0.39008578552583095,0,0.2926829268292683,0,0.32398147388206455,0,False
3594-BDSOA,No,979.2,0,0.03405543994011659,0,0.021970705725699067,0,0.0876200870444284,0,False
5133-VRSAB,No,1878.4,0,0.2554391313847182,0,0.11405835543766578,0,0.29009311478182737,0,False
5996-DAOQL,No,1451.95,0,0.20907175283911827,0,0.3706896551724138,0,0.1710881867002344,0,False
6838-YAUVY,No,1711.8,0,0.08096522721335488,0,0.06711409395973154,0,0.25131449817691126,0,False
0484-JPBRU,No,782.75,0,0.06360303217966595,0,0.11405835543766578,0,0.13716233377097928,0,False
7883-ROJOC,No,2379.7,0,0.17714595251974455,0,0.1650485436893204,0,0.30467178686704194,0,False
0244-LGNFY,No,92.65,0,0.00890553228466831,0,0.021970705725699067,0,0.11879881052257697,0,False
7274-CGTOD,No,437.0,0,0.010195965442489886,0,0.021970705725699067,0,0.14459758723534816,0,False
4295-YURET,No,1161.6,0,0.018299837116361708,0,0.021970705725699067,0,0.15938158524645402,0,False
4635-EJYPD,No,758.0,0,0.011895420203321856,0,0.021970705725699067,0,0.07355319352388207,0,False
1866-ZSLJM,No,1045.5,0,0.07280516137069168,0,0.11405835543766578,0,0.11228027215920452,0,False
4636-TVXVG,No,199.5,0,0.005621051387987378,0,0.021970705725699067,0,0.0780395097396332,0,False
4236-UJPWO,No,1715.0,0,0.43355574064016267,0,0.43157894736842106,0,0.399805616632897,0,False
9392-XBGTD,No,927.0,0,0.014325959877095822,0,0.021970705725699067,0,0.08058087331334805,0,False
6402-SSEJG,No,2869.35,0,0.1549225302259902,0,0.021970705725699067,0,0.2127138141971876,0,False
1169-SAOCL,No,2452.9500000000003,0,0.17934700308853924,0,0.24344569288389514,0,0.26041871199177086,0,False
1110-KYLGQ,No,974.25,0,0.18748584473930477,0,0.26666666666666666,0,0.26501027619232026,0,False
9929-PLVPA,No,1387.1999999999998,0,0.11060060483260152,0,0.11405835543766578,0,0.1155801001686494,0,False
3518-PZXZQ,No,3926.3,0,0.39098515818898716,1,0.5932203389830508,0,0.3862412516520549,1,False
2371-JUNGC,No,1235.25,0,0.11441450585350081,0,0.11405835543766578,0,0.11818662032531689,0,False
7693-QPEFS,No,1459.0,0,0.262712127505111,0,0.08108108108108109,0,0.41106743214237,0,False
0924-BJCRC,No,1073.4,0,0.2577884980885583,0,0.4540540540540541,0,0.370646504611921,0,False
5074-FBGHB,No,837.2,0,0.14814138346669237,0,0.24344569288389514,0,0.2651578721674847,0,False
2351-BKRZW,No,2180.8,0,0.023651009583436147,0,0.021970705725699067,0,0.1600918890862782,0,False
4455-BFSPD,No,1112.65,0,0.11929297526550048,0,0.24344569288389514,0,0.24908594734568648,0,False
3948-KXDUF,No,412.5,0,0.0064383806447125035,0,0.021970705725699067,0,0.1366862038283368,0,False
2323-ARSVR,No,555.25,0,0.05904565579407369,0,0.06711409395973154,0,0.20752454873066956,0,False
0815-MFZGM,No,2970.0,0,0.10793436415000278,0,0.06711409395973154,0,0.2251340531270026,0,False
5480-XTFFL,No,861.0,0,0.012022771797363404,0,0.021970705725699067,0,0.07344336072787089,0,False
8295-FHIVV,No,1261.0,0,0.1761346116310693,0,0.11405835543766578,0,0.14054697844572184,0,False
9086-YJYXS,No,2933.6,0,0.10824803054818662,0,0.1004566210045662,0,0.2161927590990883,0,False
1179-INLAT,No,1342.05,0,0.117357088544542,0,0.021970705725699067,0,0.12620145596520227,0,False
7909-FIOIY,No,1317.0500000000002,0,0.26659807621920245,0,0.1650485436893204,0,0.3014049231772133,0,False
6351-SCJKT,No,2853.15,0,0.2212119929258575,0,0.3939393939393939,0,0.2531971012822052,0,False
5468-BPMMO,No,509.6,0,0.04169290641724484,0,0.1111111111111111,0,0.12130381164177473,0,False
0197-PNKNK,No,253.35,0,0.039616148784331985,0,0.021970705725699067,0,0.20789555888671515,0,False
2439-QKJUL,No,1356.75,0,0.14128921654378934,0,0.11405835543766578,0,0.1231275669234477,0,False
1194-SPVSP,No,1395.15,0,0.1757774852584112,0,0.3706896551724138,0,0.15192256880625576,0,False
9534-NSXEM,No,949.9,0,0.046809363939885766,0,0.021970705725699067,0,0.112554035507087,0,False
8929-KSWIH,No,4667.099999999999,0,0.12253598329201552,0,0.06711409395973154,0,0.2355163261008464,0,False
2250-IVBWA,No,648.4,0,0.08612834551096128,0,0.25,0,0.28358081207899405,0,False
1810-MVMAI,No,2839.2,0,0.08888703777674316,0,0.1111111111111111,0,0.179787866533597,0,False
9506-UXUSK,No,4138.85,0,0.4930573321965709,0,0.45535714285714285,0,0.46391548966798946,0,False
1229-RCALF,No,920.0,0,0.13828370199412499,0,0.24344569288389514,0,0.22671982974841753,0,False
3572-UOLYZ,No,2204.8,0,0.18408659696501048,0,0.29533678756476683,0,0.30213572388762777,0,False
1429-UYJSV,No,1182.0,0,0.05982795310882889,0,0.021970705725699067,0,0.09632353456089929,0,False
6366-XIVKZ,No,3725.85,0,0.24185048639216541,0,0.11405835543766578,0,0.2481874808971001,0,False
3470-OBUET,No,370.0,0,0.006685923407655927,0,0.021970705725699067,0,0.130464848309332,0,False
2770-NSVDG,No,1396.8000000000002,0,0.32110395705006145,1,0.5242718446601942,0,0.3222277657455801,1,False
9375-MHRRS,No,3303.3,0,0.19621306982755382,0,0.38461538461538464,0,0.3054308242216376,0,False
4860-YZGZM,No,1240.0,0,0.15293480406601623,0,0.1111111111111111,0,0.1382395725431123,0,False
6599-GZWCM,No,4404.35,0,0.26588418504363787,0,0.13043478260869565,0,0.3231453555710303,0,False
5533-NHFRF,No,2886.0,0,0.44252858076806956,0,0.2926829268292683,0,0.3249239793456408,0,False
7037-MTYVW,No,2903.6000000000004,0,0.04005699006146522,0,0.021970705725699067,0,0.1464319686033537,0,False
4760-THGOT,No,2728.9,0,0.3987173560435858,0,0.25,0,0.32956071745367455,0,False
4016-BJKTZ,No,5118.3,0,0.21539495264268288,0,0.06711409395973154,0,0.23919351748038284,0,False
6584-VQMYT,No,2529.0,0,0.03933742048149994,0,0.021970705725699067,0,0.17215187117992956,0,False
9838-BFCQT,No,26.1,0,0.0029180484078230222,0,0.021970705725699067,0,0.07073039177346435,0,False
2790-XUYMV,No,85.45,0,0.045302820574531326,0,0.021970705725699067,0,0.23121751306249025,0,False
0581-MDMPW,No,4269.6,1,0.5537226966908485,0,0.29533678756476683,0,0.3820041952521473,1,False
1023-BQXZE,No,1115.25,0,0.028141994834927887,0,0.021970705725699067,0,0.20575770390840678,0,False
9163-GHAYE,No,2784.4500000000003,0,0.26206601301093374,0,0.1111111111111111,0,0.332198656855345,0,False
3904-UKFRE,No,5446.799999999999,1,0.5289905357472295,1,0.7912621359223301,0,0.42889634231899537,2,False
5353-WILCI,No,2466.2,0,0.1111939500493893,0,0.1111111111111111,0,0.27007577191736876,0,False
0058-EVZWM,No,1526.6,0,0.25630165039468705,0,0.26666666666666666,0,0.3335920139300979,0,False
7009-PCARS,No,324.70000000000005,0,0.007412016996110983,0,0.021970705725699067,0,0.08184859913023601,0,False
0519-DRGTI,No,1058.2,0,0.06743974046225687,0,0.11405835543766578,0,0.0973559842578603,0,False
1017-FBQMM,No,1060.5,0,0.114948922911205,0,0.24344569288389514,0,0.21998454290247263,0,False
1985-MBRYP,No,569.8499999999999,0,0.011717308555730709,0,0.021970705725699067,0,0.10147361889177739,0,False
9372-TXXPS,No,718.2,0,0.0054496933403150784,0,0.021970705725699067,0,0.13572690360851106,0,False
3259-QMXUN,No,1205.4,0,0.04685363360269527,0,0.021970705725699067,0,0.2047582889886911,0,False
1015-JPFYW,No,1264.25,0,0.06038417249602383,0,0.021970705725699067,0,0.09253336637829236,0,False
6645-MXQJT,No,6797.0,0,0.45712453757062793,1,0.6479591836734694,0,0.35470540547549834,1,False
4360-QRAVE,No,1282.75,0,0.18075700344317366,0,0.2926829268292683,0,0.3160139485074526,0,False
8433-WPJTV,No,727.3000000000001,0,0.1515367931478846,0,0.24344569288389514,0,0.2430192484120321,0,False
5804-JMYIO,No,651.75,0,0.008476627822777943,0,0.021970705725699067,0,0.07384392057292102,0,False
6484-LATFU,No,98.2,0,0.0042962797004897245,0,0.021970705725699067,0,0.0843522259053064,0,False
7599-NTMDP,No,487.0,0,0.007889306489351367,0,0.021970705725699067,0,0.13052261324435707,0,False
0536-ACXIP,No,109.55,0,0.10128270747580628,0,0.06711409395973154,0,0.2508085037781162,0,False
0936-NQLJU,No,640.15,0,0.008949372541891605,0,0.021970705725699067,0,0.0776782132703119,0,False
1575-KRZZE,No,3753.6,0,0.25846908558017895,0,0.1111111111111111,0,0.316818215602145,0,False
3251-YMVWZ,No,456.95,0,0.014664269319385937,0,0.021970705725699067,0,0.09141835366793544,0,False
4884-LEVMQ,No,674.85,0,0.014672231645761662,0,0.021970705725699067,0,0.09133769217003845,0,False
8857-CUPFQ,No,173.25,0,0.0038618615659148777,0,0.021970705725699067,0,0.07744580204449864,0,False
7610-TVOPG,No,1501.95,0,0.2097371799931502,0,0.1111111111111111,0,0.15545007324919155,0,False
3638-DIMPH,No,2584.2,0,0.16164438789625774,0,0.1004566210045662,0,0.28589174504650416,0,False
1845-ZLLIG,No,3560.65,0,0.3173994035505582,1,0.5932203389830508,0,0.3780126882964804,1,False
8559-WNQZS,No,1451.95,0,0.052650111688637195,0,0.021970705725699067,0,0.11825504018668177,0,False
1699-UOTXU,No,736.8,0,0.011227965485501201,0,0.021970705725699067,0,0.1866051846546492,0,False
0635-WKOLD,No,2264.0,0,0.055801523831298355,0,0.1004566210045662,0,0.1874507425607172,0,False
5993-JSUWV,No,366.9,0,0.008700924101261654,0,0.021970705725699067,0,0.17306155749389782,0,False
4518-FZBSX,No,607.5,0,0.01429509555423354,0,0.021970705725699067,0,0.07978508616401218,0,False
5387-ASZNZ,No,383.1,0,0.01870148635758846,0,0.021970705725699067,0,0.17684430107796256,0,False
6988-CJEYV,No,2270.1,0,0.3534086122451089,0,0.4540540540540541,0,0.37508280694572654,0,False
3097-FQTVJ,No,620.0,0,0.009574447607000557,0,0.021970705725699067,0,0.08685789415932764,0,False
5465-BUBFA,No,598.3000000000001,0,0.007278950455667099,0,0.021970705725699067,0,0.07129353928927663,0,False
7299-GNVPL,No,4135.6,0,0.13554653665455407,0,0.29533678756476683,0,0.20444490113933658,0,False
9743-DQKQW,No,1731.9,0,0.4290477077602676,0,0.43157894736842106,0,0.40400755744734035,0,False
1215-VFYVK,No,3281.0,0,0.25561906676252283,0,0.11405835543766578,0,0.2498961771232678,0,False
9371-BITHB,No,397.0,0,0.004844733033096934,0,0.021970705725699067,0,0.07367931151942307,0,False
9093-FPDLG,No,5746.2,0,0.4429614494760884,1,0.6479591836734694,0,0.37285179478687647,1,False
0541-FITGH,No,4350.5,0,0.3031234237396027,1,0.5932203389830508,0,0.31389549726039706,1,False
6985-HAYWX,No,3647.8,0,0.29364702421908506,0,0.29533678756476683,0,0.32089605541142774,0,False
7508-KBIMB,No,2700.0,0,0.06464492362480745,0,0.021970705725699067,0,0.18646127099022902,0,False
6838-HVLXG,No,1218.0,0,0.11941904806483829,0,0.11405835543766578,0,0.11778574803168182,0,False
2277-DJJDL,No,1188.0,0,0.4440827984095369,0,0.4540540540540541,0,0.36867206239107353,0,False
1897-OKVMW,No,724.8,0,0.017177310935667097,0,0.021970705725699067,0,0.13237355622155703,0,False
5485-ITNPC,No,515.4000000000001,0,0.01357598302635571,0,0.021970705725699067,0,0.13880431141063354,0,False
0233-FTHAV,No,950.4,0,0.11648600240139828,0,0.1004566210045662,0,0.31375845532809693,0,False
4644-PIZRT,No,3869.25,0,0.13116916515339938,0,0.021970705725699067,0,0.21172662070036072,0,False
8922-NPKBJ,No,580.5,0,0.007742038536047233,0,0.021970705725699067,0,0.07355319352388207,0,False
2740-TVLFN,No,3560.65,0,0.4678826280711752,1,0.5932203389830508,0,0.4450461753341635,1,False
7771-CFQRQ,No,1595.0,0,0.014236728442581767,0,0.015384615384615385,0,0.1638498634089455,0,False
9512-PHSMG,No,1274.1,0,0.15824663019504598,0,0.11405835543766578,0,0.1315908495587058,0,False
6963-EZQEE,No,177.1,0,0.019850866431886823,0,0.021970705725699067,0,0.14176221155041532,0,False
2452-KDRRH,No,507.0,0,0.3673492839746706,0,0.26666666666666666,0,0.38535006631730845,0,False
4146-SVFUD,No,3166.6,0,0.28367841101545294,0,0.43157894736842106,0,0.3795297358790133,0,False
1564-HJUVY,No,4335.0,0,0.2657467352530744,0,0.38461538461538464,0,0.2859739332849801,0,False
3617-XLSGQ,No,655.5,0,0.04138058724839078,0,0.06711409395973154,0,0.1782863144862227,0,False
7517-LDMPS,No,5076.0,1,0.5161717995868016,1,0.6479591836734694,0,0.4223321069634791,2,False
7244-KXYZN,No,981.6,0,0.0336338400501458,0,0.021970705725699067,0,0.09220155055303189,0,False
5226-NOZFC,No,3944.5,1,0.5336480150457849,1,0.5551470588235294,0,0.40353429215629383,2,False
1400-WIVLL,No,1619.25,0,0.10359281762950344,0,0.06711409395973154,0,0.24639574628792882,0,False
8148-NLEGT,No,688.5,0,0.014494526817172402,0,0.021970705725699067,0,0.0737414773055797,0,False
8347-GDTMP,No,155.6,0,0.0032639595486310233,0,0.021970705725699067,0,0.07655714463428889,0,False
6746-WAUWT,No,1044.1,0,0.05933460593700998,0,0.021970705725699067,0,0.11440371586887388,0,False
0428-IKYCP,No,4350.0,0,0.40228336490240213,0,0.29533678756476683,0,0.3644451184611702,0,False
2187-PKZAY,No,4797.0,1,0.5968780528264647,1,0.6479591836734694,0,0.4269649118294226,2,False
4003-OCTMP,No,2624.0,0,0.08534939135028555,0,0.021970705725699067,0,0.20967801835590316,0,False
6652-YFFJO,No,3958.900000000001,0,0.4296593312773957,1,0.5242718446601942,0,0.3931706168311977,1,False
7225-IILWY,No,103.0,0,0.003438759627183819,0,0.021970705725699067,0,0.07052186096777716,0,False
5248-RPYWW,No,90.15,0,0.015262099922300135,0,0.021970705725699067,0,0.13271757586543104,0,False
7923-IYJWY,No,580.5,0,0.06119850920613264,0,0.06711409395973154,0,0.19424011101039032,0,False
3170-GWYKC,No,1259.4,0,0.15374285769484403,0,0.26666666666666666,0,0.2786118776838888,0,False
9830-ECLEN,No,700.0,0,0.025873574393729143,0,0.021970705725699067,0,0.15546092447811913,0,False
2668-TZSPS,No,1451.95,0,0.18412812822843455,0,0.3706896551724138,0,0.15439740427694887,0,False
7446-SFAOA,No,694.75,0,0.028887495153052438,0,0.021970705725699067,0,0.1086076547136886,0,False
9522-ZSINC,No,1177.05,0,0.10614890045030238,0,0.021970705725699067,0,0.12840488054150073,0,False
8234-GSZYK,No,767.05,0,0.011559791151876027,0,0.021970705725699067,0,0.08446546834109604,0,False
6505-OZNPG,No,4184.4,0,0.12756622961837225,0,0.021970705725699067,0,0.18296187057880867,0,False
6164-HAQTX,No,53.95,0,0.007426194723622268,0,0.021970705725699067,0,0.132527209626156,0,False
7765-LWVVH,No,95.1,0,0.050602507851111665,0,0.06711409395973154,0,0.25636846484172915,0,False
1658-TJVOA,No,4890.599999999999,1,0.6046705472300732,0,0.45535714285714285,0,0.4300321661819234,1,False
0953-LGOVU,No,2130.0,0,0.18371919565383157,0,0.1650485436893204,0,0.21520459140773215,0,False
4692-NNQRU,No,4039.2,0,0.19192651669173125,0,0.1004566210045662,0,0.2678765387400667,0,False
7742-MYPGI,No,3220.8,0,0.21720137066945938,0,0.38461538461538464,0,0.2920324643215106,0,False
9619-GSATL,No,1608.0500000000002,0,0.03937825354589018,0,0.1004566210045662,0,0.2189572120436834,0,False
5622-UEJFI,No,939.8,0,0.018320428977816716,0,0.021970705725699067,0,0.08537189032445143,0,False
0674-DGMAQ,No,3740.0,0,0.49137149023570603,1,0.5551470588235294,0,0.3879280177654733,1,False
6203-HBZPA,No,1278.0,0,0.020372076350907875,0,0.021970705725699067,0,0.13558303644324116,0,False
0484-FFVBJ,No,2594.0,0,0.15691586704852775,0,0.1004566210045662,0,0.2785491802768626,0,False
0301-FIDRB,No,63.8,0,0.011970649533328642,0,0.021970705725699067,0,0.12420914267702976,0,False
4139-JPIAM,No,933.45,0,0.0805840514561103,0,0.11405835543766578,0,0.22547938555378902,0,False
2181-TIDSV,No,79.8,0,0.0032666303568440443,0,0.021970705725699067,0,0.08269377235672566,0,False
2761-XECQW,No,2774.4,0,0.4447493685219658,0,0.1650485436893204,0,0.3379905896999839,0,False
1936-CZAKF,No,1141.95,0,0.04517567388838207,0,0.015384615384615385,0,0.21371182463075727,0,False
9453-PATOS,No,85.1,0,0.008333946882050264,0,0.021970705725699067,0,0.12997788550697129,0,False
4402-FTBXC,No,1616.4,0,0.153403581374517,0,0.26666666666666666,0,0.3040959658389563,0,False
2931-XIQBR,No,2267.1,0,0.09839089667045497,0,0.24344569288389514,0,0.21899606011768216,0,False
0106-UGRDO,No,348.0,0,0.08092041170304948,0,0.06711409395973154,0,0.20682793316634732,0,False
5542-TBBWB,No,4962.900000000001,1,0.7081416002686366,1,0.888268156424581,1,0.5012573870154775,3,True
1930-QPBVZ,No,380.4,0,0.01579960617819318,0,0.06711409395973154,0,0.15586855912173114,0,False
2606-PKWJB,No,1288.0,0,0.026245364979681027,0,0.021970705725699067,0,0.14554919988919388,0,False
5322-ZSMZY,No,1055.75,0,0.016605712323492942,0,0.021970705725699067,0,0.07078961735282764,0,False
8059-UDZFY,No,4108.65,1,0.5112754315667938,0,0.4697986577181208,0,0.3245659765402984,1,False
7740-BTPUX,No,1931.2,0,0.15336504103102502,0,0.06711409395973154,0,0.2577671735518292,0,False
5220-AGAAX,No,96.0,0,0.004740136295535433,0,0.021970705725699067,0,0.08180391335386368,0,False
0208-BPQEJ,No,1164.0,0,0.08607088248912999,0,0.11405835543766578,0,0.09807228144889574,0,False
9435-JMLSX,No,86.1,0,0.011662874660666315,0,0.021970705725699067,0,0.13721053503738773,0,False
3352-ALMCK,No,3284.8,0,0.4083006985969926,0,0.4697986577181208,0,0.35708089021006273,0,False
5312-IRCFR,No,742.8,0,0.14836341900521385,0,0.1004566210045662,0,0.2952071424705865,0,False
5294-IMHHT,No,1857.25,0,0.09554826904105788,0,0.24344569288389514,0,0.2224952918028257,0,False
6176-YJWAS,No,97.95,0,0.045325164401229044,0,0.06711409395973154,0,0.20863061907736108,0,False
5310-NOOVA,No,518.6999999999999,0,0.010885005948348446,0,0.021970705725699067,0,0.09708769880097179,0,False
4526-EXKKN,No,787.2,0,0.02032126387916572,0,0.021970705725699067,0,0.10187805726647907,0,False
5311-IHLEI,No,3057.0,0,0.23266146614087085,0,0.11405835543766578,0,0.23134564133942956,0,False
3987-KQDDU,No,4762.799999999999,0,0.36309728107446243,0,0.45535714285714285,0,0.3861014515593803,0,False
3404-JNXAX,No,1695.75,0,0.2166207486019375,0,0.4540540540540541,0,0.33546101643032344,0,False
5131-PONJI,No,2079.2000000000003,0,0.19950047225446063,0,0.29533678756476683,0,0.2933019747724213,0,False
3489-VSFRD,No,964.0,0,0.01860469096512789,0,0.021970705725699067,0,0.18191836380795604,0,False
3345-JHUEO,No,1373.6,0,0.23748217761165386,0,0.1111111111111111,0,0.16515410005412548,0,False
5815-HGGHV,No,3335.8,0,0.09301612555049246,0,0.021970705725699067,0,0.18967490611282048,0,False
5260-UMPWX,No,931.5,0,0.06745113596453298,0,0.11405835543766578,0,0.11136577352221994,0,False
5649-RXQTV,No,2079.0,0,0.34596519616702853,0,0.4540540540540541,0,0.3780729280603134,0,False
2674-MIAHT,No,5460.4,1,0.5092649995662958,1,0.7912621359223301,0,0.40340068089928344,2,False
2576-HXMPA,No,1388.05,0,0.14834588898734008,0,0.3706896551724138,0,0.1463863302868379,0,False
7587-AOVVU,No,4533.75,0,0.24393523024983169,1,0.5551470588235294,0,0.2315615555153925,1,False
6898-MDLZW,No,3225.0,0,0.22947439375542672,0,0.1650485436893204,0,0.27611543711258535,0,False
4707-YNOQA,No,972.8,0,0.03497767185692103,0,0.021970705725699067,0,0.09849470829439666,0,False
9357-UJRUN,No,2800.8,0,0.12199394695656524,0,0.021970705725699067,0,0.20896581854942425,0,False
8648-PFRMP,No,2688.3,1,0.5360986428408191,1,0.5242718446601942,0,0.40205732681310474,2,False
7663-CUXZB,No,1478.75,0,0.07048185348353467,0,0.06711409395973154,0,0.18886248701275998,0,False
0258-NOKBL,No,6237.6,1,0.6171846044843254,1,0.6479591836734694,0,0.39660555682085485,2,False
1163-VIPRI,No,765.1,0,0.05376363881974849,0,0.06711409395973154,0,0.18963335292722686,0,False
9348-ROUAI,No,1173.9,0,0.012323389348570118,0,0.021970705725699067,0,0.11905303230429128,0,False
9443-JUBUO,No,65.25,0,0.011150208056392325,0,0.021970705725699067,0,0.12186179803685272,0,False
3043-TYBNO,No,4184.849999999999,0,0.24902492534639495,0,0.1111111111111111,0,0.30140112126943114,0,False
4830-FAXFM,No,1277.3000000000002,0,0.12773411501909893,0,0.11405835543766578,0,0.12039841280347886,0,False
5906-BFOZT,No,1384.5,0,0.21075116227023016,0,0.3706896551724138,0,0.17503515513155293,0,False
2960-NKRSO,No,4125.6,0,0.3947304827329687,1,0.5551470588235294,0,0.32876891222955207,1,False
8996-ZROXE,No,802.5,0,0.04488392835800565,0,0.1004566210045662,0,0.259269883675475,0,False
5598-IKHQQ,No,25.45,0,0.003241778425817488,0,0.021970705725699067,0,0.0832774402752285,0,False
0397-ZXWQF,No,102.5,0,0.0029900619273396864,0,0.021970705725699067,0,0.08481961992352298,0,False
5266-PFRQK,No,417.0,0,0.012252845852572072,0,0.021970705725699067,0,0.09810096613255576,0,False
4674-HGNUA,No,89.9,0,0.00926370127348405,0,0.021970705725699067,0,0.11669404278645956,0,False
6765-MBQNU,No,1196.0,0,0.045811106532631124,0,0.021970705725699067,0,0.08653620003034751,0,False
9786-IJYDL,No,4188.400000000001,0,0.11403611911848971,0,0.06711409395973154,0,0.200479450557782,0,False
1303-SRDOK,No,1173.85,0,0.04643747122521356,0,0.015384615384615385,0,0.27998668152119255,0,False
3769-MHZNV,No,783.9000000000001,0,0.01101678656320494,0,0.021970705725699067,0,0.07384392057292102,0,False
6295-OSINB,No,109.65,0,0.09063290931643776,0,0.06711409395973154,0,0.24988162656627963,0,False
3308-MHOOC,No,1363.2,0,0.17952037467330068,0,0.3706896551724138,0,0.16310411463563426,0,False
2207-QPJED,No,3150.0,0,0.2869441376159275,0,0.4540540540540541,0,0.3300049626752649,0,False
4177-JPDFU,No,2040.0,0,0.21591046130832633,0,0.1650485436893204,0,0.25273715695037213,0,False
2239-CFOUJ,No,1448.4,0,0.0824822395534341,0,0.021970705725699067,0,0.11687992971821892,0,False
8046-DNVTL,No,386.0,0,0.01005200606247319,0,0.021970705725699067,0,0.13979470205963077,0,False
2209-XADXF,No,1792.75,0,0.3644663452960587,0,0.43157894736842106,0,0.3699071412298293,0,False
6620-JDYNW,No,3272.4,0,0.2136583584678175,0,0.11405835543766578,0,0.2814948572527145,0,False
4770-UEZOX,No,5232.5,1,0.5348673349680823,0,0.45535714285714285,0,0.4428554559721428,1,False
1038-RQOST,No,1091.8000000000002,0,0.0762506096911591,0,0.11405835543766578,0,0.09645468498246361,0,False
4568-TTZRT,No,1285.1999999999998,0,0.12282637921662408,0,0.11405835543766578,0,0.12103238776139648,0,False
9513-DXHDA,No,3676.5,0,0.08799309872190599,0,0.021970705725699067,0,0.19299117961191264,0,False
0516-QREYC,No,974.4,0,0.10706085867960288,0,0.11405835543766578,0,0.1476173836667299,0,False
8084-OIVBS,No,1220.0,0,0.06169241777506584,0,0.021970705725699067,0,0.09756740647712059,0,False
8896-BQTTI,No,1775.0,0,0.253912134701512,0,0.1111111111111111,0,0.1710477547447462,0,False
3865-QBWSJ,No,2735.3,0,0.24911425842441973,0,0.29533678756476683,0,0.3271152210228504,0,False
3352-RICWQ,No,1244.25,0,0.030892529844963046,0,0.021970705725699067,0,0.07884641459906136,0,False
2160-GPFXD,No,1181.7,0,0.011032046325427158,0,0.021970705725699067,0,0.1356838898603619,0,False
2065-MMKGR,No,3053.0,0,0.18462082072328165,0,0.1004566210045662,0,0.29227652965402884,0,False
5857-TYBCJ,No,2497.6,0,0.4482201341742344,0,0.4540540540540541,0,0.41724034412021993,0,False
1498-NHTLT,No,1127.75,0,0.02009009788048425,0,0.021970705725699067,0,0.14822790569112018,0,False
1402-PTHGN,No,3321.0,0,0.053078201373630784,0,0.021970705725699067,0,0.16474261074473248,0,False
4176-RELJR,No,125.5,0,0.004738145728918526,0,0.021970705725699067,0,0.08783533800732479,0,False
5199-FPUSP,No,1327.9499999999998,0,0.036245352855615844,0,0.021970705725699067,0,0.16430391974635858,0,False
6377-KSLXC,No,1336.65,0,0.14165426592805108,0,0.11405835543766578,0,0.12457760156268419,0,False
1796-JANOW,No,1396.5,0,0.15334886069547884,0,0.1111111111111111,0,0.13173146852819018,0,False
0238-WHBIQ,No,89.7,0,0.00858414614283286,0,0.021970705725699067,0,0.11669404278645956,0,False
8735-NBLWT,No,1285.1999999999998,0,0.11143224611094214,0,0.11405835543766578,0,0.10919710234448443,0,False
6651-RLGGM,No,131.5,0,0.0035822938209835184,0,0.021970705725699067,0,0.07073039177346435,0,False
1614-JBEBI,No,1324.8,0,0.16423800118379564,0,0.11405835543766578,0,0.13970258455744905,0,False
5696-EXCYS,No,1069.75,0,0.02544601166630278,0,0.021970705725699067,0,0.08916205527769408,0,False
5795-KTGUD,No,443.2,0,0.06973265742789587,0,0.06711409395973154,0,0.21393942280792072,0,False
7924-GJZFI,No,3257.1,0,0.4432596138532082,1,0.5551470588235294,0,0.42447720929124505,1,False
4702-HDRKD,No,246.75,0,0.02569963574424386,0,0.021970705725699067,0,0.1702346677370111,0,False
8512-WIWYV,No,814.0,0,0.02478470141559182,0,0.021970705725699067,0,0.09154405787558868,0,False
5897-ZYEKH,No,528.0,0,0.1805349668635156,0,0.24344569288389514,0,0.2910323772024323,0,False
5456-ITGIC,No,64.45,0,0.01688801620419492,0,0.021970705725699067,0,0.1362698767193568,0,False
1406-PUQVY,No,3542.9,0,0.33443781872729683,1,0.5932203389830508,0,0.3893194129481533,1,False
9114-AAFQH,No,1575.6,0,0.08395573715412175,0,0.1004566210045662,0,0.2530627366656506,0,False
8715-KKTFG,No,1136.3,0,0.16107014438126188,0,0.24344569288389514,0,0.2537899725792708,0,False
1728-BQDMA,No,3111.5,0,0.32950371124865696,0,0.43157894736842106,0,0.4087790213948415,0,False
5117-ZSMHQ,No,89.9,0,0.008990388800474312,0,0.021970705725699067,0,0.11793276996323375,0,False
5151-HQRDG,No,1926.75,0,0.13375109074181177,0,0.11405835543766578,0,0.2611922915107927,0,False
0960-HUWBM,No,728.6999999999999,0,0.07081660934828496,0,0.06711409395973154,0,0.22487148636280976,0,False
6465-GSRCL,No,533.0,0,0.10281641033204071,0,0.24344569288389514,0,0.23011353023194325,0,False
0263-FJTQO,No,1551.0,0,0.01976277785172982,0,0.021970705725699067,0,0.15477331751663168,0,False
7319-ZNRTR,No,921.2,0,0.03952605158506373,0,0.021970705725699067,0,0.08479101226036732,0,False
7503-EPSZW,No,192.4,0,0.005853702198035396,0,0.021970705725699067,0,0.08691638052586774,0,False
7089-XXAYG,No,1790.7,0,0.19024344619621092,0,0.1004566210045662,0,0.2531922859778436,0,False
8070-AAWZP,No,1644.0,0,0.18745654350151744,0,0.1650485436893204,0,0.25125888823632275,0,False
1666-JXLKU,No,3501.75,1,0.5131936494186325,0,0.4540540540540541,0,0.42857419197393637,1,False
7855-DIWPO,No,3501.15,1,0.5478622802269562,1,0.5551470588235294,0,0.43769891558223784,2,False
5133-POWUA,No,3251.8,0,0.43025187294759665,1,0.5932203389830508,0,0.41237684506250744,1,False
5652-MSDEY,No,4696.5,1,0.5022835464627049,1,0.6363636363636364,0,0.4390966482937372,2,False
1810-BOHSY,No,2024.4,0,0.1296937307526183,0,0.24344569288389514,0,0.24064715913132687,0,False
1784-BXEFA,No,1274.1,0,0.17576549908804012,0,0.11405835543766578,0,0.14005850154535632,0,False
7351-MHQVU,No,3362.7000000000003,0,0.20598344094264218,0,0.11405835543766578,0,0.227898365544298,0,False
9224-VTYID,No,2262.5,0,0.029162063070390855,0,0.021970705725699067,0,0.13430634398353825,0,False
9500-IWPXQ,No,873.4000000000001,0,0.03357714053389553,0,0.021970705725699067,0,0.16695650268383005,0,False
5762-TJXGK,No,1175.0,0,0.03843167739415157,0,0.021970705725699067,0,0.18897499172833446,0,False
4504-YOULA,No,2199.65,0,0.09695788278939532,0,0.11405835543766578,0,0.2212033661684778,0,False
5569-IDSEY,No,105.7,0,0.14979996743211,0,0.0,0,0.2750845197748445,0,False
7284-ZZLOH,No,1439.1,0,0.014681468140039572,0,0.021970705725699067,0,0.16035422982516995,0,False
1777-JYQPJ,No,1701.0,0,0.3754596176552325,0,0.43157894736842106,0,0.37074183861754356,0,False
3401-URHDA,No,1257.9,0,0.02189517516040363,0,0.021970705725699067,0,0.17299760770550981,0,False
1599-EAHXY,No,287.4,0,0.00855945204590262,0,0.021970705725699067,0,0.07724192677615,0,False
8631-XVRZL,No,1269.4499999999998,0,0.09343140142346737,0,0.021970705725699067,0,0.11778326255726057,0,False
3853-LYGAM,No,5260.75,0,0.4258621204193002,0,0.4697986577181208,0,0.3372225313755897,0,False
5751-USDBL,No,2106.0,0,0.017654427844344123,0,0.021970705725699067,0,0.13339135875533933,0,False
5680-LQOGP,No,329.8,0,0.012163836636590267,0,0.021970705725699067,0,0.15070327517183427,0,False
8189-DUKMV,No,1394.0,0,0.07729760021060841,0,0.021970705725699067,0,0.09936653773795796,0,False
9931-DCEZH,No,2393.6,0,0.0516762255571374,0,0.1004566210045662,0,0.20052738207929685,0,False
1898-JSNDC,No,1933.8,0,0.07585663289527071,0,0.1004566210045662,0,0.2496486334979126,0,False
0315-LVCRK,No,5172.8,0,0.47691558136651596,1,0.6479591836734694,0,0.4080519306308753,1,False
3911-RSNHI,No,61.4,0,0.020709995320921576,0,0.015384615384615385,0,0.16445731088583174,0,False
2410-CIYFZ,No,1428.0,0,0.13020806532351584,0,0.1111111111111111,0,0.12097583800998109,0,False
5505-OVWQW,No,1108.25,0,0.05100636365035734,0,0.021970705725699067,0,0.09548010021746495,0,False
7271-AJDTL,No,1605.65,0,0.2491601147583029,0,0.26666666666666666,0,0.3253362183002087,0,False
1867-TJHTS,No,1117.2,0,0.154262630932997,0,0.08108108108108109,0,0.3473247032864588,0,False
6860-YRJZP,No,4665.15,1,0.610591039314124,1,0.6363636363636364,0,0.48497369141167374,2,False
4429-WYGFR,No,2260.9,0,0.10445131994198253,0,0.1650485436893204,0,0.2661912883820343,0,False
2817-LVCPP,No,426.8,0,0.005981621156845454,0,0.021970705725699067,0,0.08630838984160238,0,False
5038-ETMLM,No,113.65,0,0.048107985907428256,0,0.06711409395973154,0,0.17401010771025782,0,False
5056-FIMPT,No,3074.0,0,0.09374002471062882,0,0.24344569288389514,0,0.19630480488577146,0,False
4521-WFJAI,No,415.2,0,0.00975643712712915,0,0.021970705725699067,0,0.09661756941872485,0,False
6569-KTMDU,No,1356.1,0,0.15978034972228378,0,0.3706896551724138,0,0.15842835616530265,0,False
8809-XKHMD,No,100.55,0,0.035846536916244655,0,0.06711409395973154,0,0.1870891893495707,0,False
0396-YCHWO,No,3434.4,1,0.5269772496000193,0,0.4540540540540541,0,0.4224787191434676,1,False
0867-LDTTC,No,5035.05,0,0.26007362931811173,0,0.1650485436893204,0,0.28048229705868666,0,False
9391-DXGGG,No,2496.2000000000003,0,0.13101563108513978,0,0.1004566210045662,0,0.2573546913046629,0,False
9844-FELAJ,No,215.8,0,0.16956159635697185,0,0.24344569288389514,0,0.2451413122462219,0,False
2122-SZZZD,No,546.0,0,0.014715393537727387,0,0.021970705725699067,0,0.09182141516574709,0,False
3148-AOIQT,No,74.85,0,0.005401871601173716,0,0.021970705725699067,0,0.08752516104442798,0,False
8395-ETZKQ,No,78.0,0,0.004875816871957614,0,0.021970705725699067,0,0.07746290891935287,0,False
6692-YQHXC,No,3917.2,0,0.39279428440379605,0,0.29533678756476683,0,0.4043003829313495,0,False
3889-VWBID,No,331.4,0,0.007169882074255918,0,0.021970705725699067,0,0.13007023540244922,0,False
5222-JCXZT,No,1292.0,0,0.14768462598947635,0,0.11405835543766578,0,0.13190792262203765,0,False
9754-CLVZW,No,1787.1,0,0.07809717215703091,0,0.11405835543766578,0,0.1709130280568318,0,False
2739-CCZMB,No,1363.45,0,0.10914493319392697,0,0.11405835543766578,0,0.10493505393763691,0,False
7080-TNUWP,No,190.0,0,0.11389028266303272,0,0.06666666666666667,0,0.27496180607790244,0,False
0496-AHOOK,No,3571.2000000000003,0,0.07088902063790906,0,0.021970705725699067,0,0.16793365276689773,0,False
8336-TAVKX,No,78.45,0,0.008957290964585153,0,0.021970705725699067,0,0.1398867805230199,0,False
2468-SJFLM,No,5275.3,0,0.4372275259490739,0,0.0,0,0.4069166709544752,0,False
3181-VTHOE,No,102.1,0,0.029846376992319755,0,0.1004566210045662,0,0.17945132912101347,0,False
7168-HDQHG,No,691.1999999999999,0,0.03344081955075544,0,0.11405835543766578,0,0.09343220715499616,0,False
4567-AKPIA,No,3382.1,0,0.1789415572351355,0,0.24344569288389514,0,0.21410608727506486,0,False
7901-HXJVA,No,4434.1,0,0.40586712484956156,1,0.5551470588235294,0,0.4061483232243296,1,False
5924-IFQTT,No,4295.2,0,0.289878038396851,0,0.1111111111111111,0,0.26186764963764303,0,False
7968-QUXNS,No,1250.7,0,0.13797391410598006,0,0.11405835543766578,0,0.12197982577570654,0,False
8903-WMRNW,No,5799.75,0,0.42429826616235405,1,0.5551470588235294,0,0.33794343740276767,1,False
2452-SNHFZ,No,1886.25,0,0.11676327419853078,0,0.29533678756476683,0,0.30396357905229754,0,False
3629-WEAAM,No,4102.4,0,0.21446853924070602,0,0.1650485436893204,0,0.28073935523016297,0,False
6029-CSMJE,No,1410.75,0,0.32249557136673784,0,0.1650485436893204,0,0.3476316476805132,0,False
7993-NQLJE,No,4280.7,0,0.23814811289500284,0,0.29533678756476683,0,0.29455553671843965,0,False
9909-DFRJA,No,4409.099999999999,0,0.168660381854967,0,0.24344569288389514,0,0.23311039707268832,0,False
9099-FTUHS,No,2665.6,0,0.1851079891966852,0,0.16666666666666666,0,0.3002625216707472,0,False
0581-BXBUB,No,4947.0,1,0.5988568147763862,0,0.45535714285714285,0,0.41619632668994266,1,False
4962-CHQPW,No,853.5500000000001,0,0.024814084250177806,0,0.021970705725699067,0,0.08495515293097058,0,False
9467-ROOLM,No,895.35,0,0.0670858940454366,0,0.11405835543766578,0,0.11487800780657201,0,False
5150-ITWWB,No,6544.65,1,0.7332777971608064,1,0.7912621359223301,0,0.4883544536329183,2,False
2253-KPMNB,No,138.75,0,0.0042605307793411856,0,0.021970705725699067,0,0.1159128040629229,0,False
1345-ZUKID,No,1122.3000000000002,0,0.05704290677729817,0,0.021970705725699067,0,0.09510289428063178,0,False
6429-SHBCB,No,3688.8,0,0.3831075093698704,0,0.1650485436893204,0,0.32570220189036314,0,False
9281-OFDMF,No,2993.1,0,0.3688916037347299,0,0.4540540540540541,0,0.3813881951510087,0,False
2603-HVKCG,No,4157.400000000001,0,0.4547433492749274,0,0.4540540540540541,0,0.37973913498613243,0,False
1834-WULEG,No,972.0,0,0.030376078009538066,0,0.021970705725699067,0,0.07973590033608384,0,False
9097-ZUBYC,No,2830.4,0,0.17487509200087442,0,0.1650485436893204,0,0.26177972012971834,0,False
5148-ORICT,No,594.8,0,0.010799184755920696,0,0.021970705725699067,0,0.14010775743392814,0,False
4893-GYUJU,No,425.7000000000001,0,0.017705926998288987,0,0.021970705725699067,0,0.11326897062522683,0,False
4578-PHJYZ,No,1375.0,0,0.04576217307938927,0,0.1004566210045662,0,0.19360432624262988,0,False
7272-QDCKA,No,4408.8,0,0.32621842641829796,0,0.24344569288389514,0,0.32131513080143237,0,False
8908-SLFCJ,No,1063.35,0,0.0292445065808939,0,0.021970705725699067,0,0.10276664117607849,0,False
9766-HGEDE,No,1064.25,0,0.04973705944179955,0,0.021970705725699067,0,0.08999535722763667,0,False
6968-MHOMU,No,630.0,0,0.09523439566496571,0,0.1004566210045662,0,0.26587361778864205,0,False
5044-XDPYX,No,535.5,0,0.00881950295153475,0,0.021970705725699067,0,0.0751646316765,0,False
1814-WFGVS,No,48.9,0,0.006726423446496646,0,0.021970705725699067,0,0.12786507299354047,0,False
3721-WKIIL,No,882.0000000000001,0,0.02528137089302999,0,0.021970705725699067,0,0.1025240476266412,0,False
6734-CKRSM,No,1380.0,0,0.14839662280949042,0,0.1111111111111111,0,0.13283699616638112,0,False
1265-ZFOSD,No,650.4,0,0.015005518541211134,0,0.021970705725699067,0,0.14021226741000442,0,False
6568-POCUI,No,2570.4,0,0.1098726393675921,0,0.06711409395973154,0,0.24579255526281701,0,False
5197-LQXXH,No,83.3,0,0.022476621683104978,0,0.015384615384615385,0,0.17098396584308845,0,False
3457-PQBYH,No,284.2,0,0.0033513265920355677,0,0.021970705725699067,0,0.07113736921961056,0,False
7682-AZNDK,No,3414.3,0,0.34138172066606,0,0.4540540540540541,0,0.3382822534328456,0,False
5384-ZTTWP,No,1128.6,0,0.08123541771389817,0,0.11405835543766578,0,0.09765112020633696,0,False
3745-HRPHI,No,327.9,0,0.016268119524240347,0,0.015384615384615385,0,0.15401161108753364,0,False
7636-OWBPG,No,1761.0,0,0.3458668901918813,0,0.1650485436893204,0,0.32624979133173215,0,False
1231-YNDEK,No,268.1,0,0.006245043440268271,0,0.021970705725699067,0,0.10078728105847448,0,False
1407-DIGZV,No,1317.9,0,0.03962358275956059,0,0.021970705725699067,0,0.09259987392650848,0,False
0570-BFQHT,No,5074.65,0,0.3990414562824103,1,0.6479591836734694,0,0.3875618236252544,1,False
4393-OBCRR,No,1397.25,0,0.08389765184556384,0,0.021970705725699067,0,0.10876644941683405,0,False
8564-LDKFL,No,3392.0,0,0.26746902789914656,0,0.24344569288389514,0,0.27828539150402753,0,False
3696-DFHHB,No,102.0,0,0.003992731567060146,0,0.021970705725699067,0,0.08297951453693374,0,False
4717-GHADL,No,1751.1999999999998,0,0.04716104237758661,0,0.015384615384615385,0,0.20666278651105097,0,False
5501-TVMGM,No,3922.75,1,0.5734807974562555,1,0.5932203389830508,0,0.4382383335475052,2,False
5879-HMFFH,No,88.05,0,0.011448851199934771,0,0.021970705725699067,0,0.12452130011679882,0,False
6772-WFQRD,No,652.8,0,0.020580382627909843,0,0.021970705725699067,0,0.10117729386045976,0,False
3810-DVDQQ,No,117.6,0,0.03775089379789859,0,0.06711409395973154,0,0.16383776069896652,0,False
6972-SNKKW,No,1320.0,0,0.1338264409051754,0,0.11405835543766578,0,0.12145522942574888,0,False
3694-GLTJM,No,1316.55,0,0.19707912924377638,0,0.11405835543766578,0,0.14437847158906295,0,False
8550-XSXUQ,No,1693.1999999999998,0,0.08124258596761139,0,0.1004566210045662,0,0.23414886922163866,0,False
9055-MOJJJ,No,526.4,0,0.01172079228250158,0,0.021970705725699067,0,0.15462015161137863,0,False
4359-INNWN,No,1102.75,0,0.04657028626864449,0,0.021970705725699067,0,0.09469049205066944,0,False
0585-EGDDA,No,2560.0,0,0.2933329463189792,0,0.4540540540540541,0,0.3649084547894026,0,False
4032-RMHCI,No,1097.4,0,0.03566259567732409,0,0.021970705725699067,0,0.15892412749145246,0,False
0549-CYCQN,No,1671.6,0,0.14942267379128274,0,0.1004566210045662,0,0.3127881020634543,0,False
3481-JHUZH,No,2487.75,0,0.3533670829673497,0,0.4540540540540541,0,0.38506798917722196,0,False
3594-IVHJZ,No,1431.5,0,0.23382855286308513,0,0.1111111111111111,0,0.14945599387670744,0,False
6869-FGJJC,No,318.4,0,0.04546798426226461,0,0.1004566210045662,0,0.2524838587303959,0,False
3896-ZVNET,No,1185.6,0,0.021956458929147934,0,0.021970705725699067,0,0.07143911491081953,0,False
8205-VSLRB,No,154.6,0,0.009215481778160018,0,0.021970705725699067,0,0.13516612713648565,0,False
5960-MVTUK,No,2052.75,0,0.4298531105160657,0,0.3939393939393939,0,0.37300831854170324,0,False
6817-WTYHE,No,3143.0,0,0.26617112614771465,0,0.43157894736842106,0,0.36125208606748155,0,False
3082-VQXNH,No,2056.2000000000003,0,0.32272774515865693,0,0.43157894736842106,0,0.31900697572854736,0,False
4931-TRZWN,No,4245.05,0,0.33294040074995407,0,0.16666666666666666,0,0.34221118554462143,0,False
0750-EKNGL,No,1348.75,0,0.13115237908046473,0,0.11405835543766578,0,0.12162390878779927,0,False
7669-LCRSD,No,3378.0,0,0.33473460814137496,0,0.1650485436893204,0,0.31391987385515646,0,False
3567-PQTSO,No,1999.75,0,0.284732694169883,0,0.24344569288389514,0,0.29454069392991394,0,False
8043-PNYSD,No,175.95000000000002,0,0.0030508688845245833,0,0.021970705725699067,0,0.07320581422485135,0,False
9938-EKRGF,No,4813.650000000001,0,0.143819942478183,0,0.11405835543766578,0,0.19913368305278945,0,False
2703-AMTUL,No,1931.4,0,0.02957891222998866,0,0.021970705725699067,0,0.16766143514674187,0,False
0928-JMXNP,No,2033.2,1,0.5205605016164674,1,0.5242718446601942,0,0.3995321988842535,2,False
8173-RXAYP,No,945.6,0,0.016468357918831986,0,0.021970705725699067,0,0.07384392057292102,0,False
4825-XJGDM,No,480.7000000000001,0,0.0134165313308116,0,0.021970705725699067,0,0.14827314270828698,0,False
5402-HTOTQ,No,3096.8,0,0.3189066164388811,0,0.1111111111111111,0,0.3363073552750749,0,False
6734-JDTTV,No,138.95000000000002,0,0.003651984012487127,0,0.021970705725699067,0,0.08333491017624091,0,False
7850-THJMU,No,903.9,0,0.013592665318133516,0,0.021970705725699067,0,0.07158379716592435,0,False
3890-RTCMS,No,2769.2000000000003,0,0.1958704742374652,0,0.1650485436893204,0,0.3022164427202292,0,False
3717-FDJFU,No,1370.15,0,0.03740827803402154,0,0.021970705725699067,0,0.0903482184028222,0,False
3665-JATSN,No,2104.1000000000004,0,0.3854163012570531,0,0.2926829268292683,0,0.36090109343242177,0,False
7966-YOTQW,No,3379.0,0,0.25275992615676435,0,0.11405835543766578,0,0.31133081914431093,0,False
8853-TZDGH,No,111.6,0,0.06496784249572371,0,0.06711409395973154,0,0.22584070158677924,0,False
4324-BZCKL,No,3444.1,0,0.21662869504133542,0,0.1650485436893204,0,0.2929742748926548,0,False
6924-TDGMT,No,1253.55,0,0.08766053492522233,0,0.021970705725699067,0,0.11034065561807577,0,False
1536-YHDOE,No,3415.5,0,0.08451192949175522,0,0.021970705725699067,0,0.18125185455396306,0,False
8123-QBNAZ,No,3762.0,0,0.3146232012568391,0,0.4697986577181208,0,0.27906287777927635,0,False
3629-ZNKXA,No,5599.0,1,0.5635336080657601,1,0.5551470588235294,0,0.395927223838698,2,False
4827-LTQRJ,No,663.5999999999999,0,0.08482367366494331,0,0.24344569288389514,0,0.18262366582945197,0,False
7711-YIJWC,No,933.9,0,0.016883739575573948,0,0.021970705725699067,0,0.13073622632324186,0,False
5482-VXSXJ,No,4660.0,0,0.4537596616414892,0,0.4697986577181208,0,0.36019112651416096,0,False
7365-BVCJH,No,1732.4,1,0.521331406834051,1,0.5932203389830508,0,0.44240540340819456,2,False
9620-ENEJV,No,4656.3,0,0.3788150897349633,0,0.45535714285714285,0,0.40654229114443063,0,False
2378-YIZKA,No,340.0,0,0.009467650079099955,0,0.021970705725699067,0,0.12769748590305488,0,False
0689-DSXGL,No,1716.0,0,0.0825759447141688,0,0.08108108108108109,0,0.22713111455003065,0,False
6818-DJXAA,No,5648.2,0,0.4319459430080351,1,0.6479591836734694,0,0.3867940637892959,1,False
0464-WJTKO,No,20.1,0,0.0018695744386915895,0,0.021970705725699067,0,0.07073212554372027,0,False
8902-ZEOVF,No,501.25,0,0.011543482594961308,0,0.021970705725699067,0,0.08036108821293009,0,False
6778-EICRF,No,3590.4,0,0.10933606693662737,0,0.021970705725699067,0,0.1904933380390985,0,False
2662-NNTDK,No,173.6,0,0.008388538264624133,0,0.021970705725699067,0,0.0903675323755166,0,False
4132-KALRO,No,6857.799999999999,1,0.5641288901641301,1,0.7912621359223301,0,0.389515194925678,2,False
2874-YXVVA,No,3993.8,0,0.3704536878862373,0,0.4540540540540541,0,0.3271408503291291,0,False
1245-HARPS,No,1183.1999999999998,0,0.030927404275237443,0,0.021970705725699067,0,0.08011364823543725,0,False
4323-ELYYB,No,1180.0,0,0.04784156553393682,0,0.021970705725699067,0,0.08428735056244166,0,False
4293-ETKAP,No,555.8000000000001,0,0.02138383946806278,0,0.015384615384615385,0,0.18176943010704033,0,False
6064-PUPMC,No,2802.8,0,0.03500741644086572,0,0.021970705725699067,0,0.15228074408853,0,False
6504-VBLFL,No,996.2,0,0.013505776101573354,0,0.021970705725699067,0,0.17851533158059296,0,False
6322-PJJDJ,No,2180.4,0,0.15378397177882744,0,0.06711409395973154,0,0.3069632101981244,0,False
0330-BGYZE,No,1230.0,0,0.1436518516250226,0,0.24344569288389514,0,0.2569169814337621,0,False
1085-LDWAM,No,61.05,0,0.005737465839529175,0,0.021970705725699067,0,0.09684953773098033,0,False
7586-ZATGZ,No,2716.8,0,0.4336898275726728,0,0.4540540540540541,0,0.4481287820864339,0,False
7197-VOJMM,No,346.0,0,0.009004963812767955,0,0.021970705725699067,0,0.14642261539768275,0,False
1843-TLSGD,No,1230.15,0,0.025675572489101867,0,0.021970705725699067,0,0.07576527466482559,0,False
9626-VFRGG,No,2743.5,0,0.2851618298133307,0,0.29533678756476683,0,0.3359399505027242,0,False
7075-BNDVQ,No,2380.0,0,0.27160971153892277,0,0.11405835543766578,0,0.28861393183480033,0,False
9143-CANJF,No,2647.2,0,0.09800296742448442,0,0.16666666666666666,0,0.22529324558687397,0,False
7284-BUYEC,No,3413.65,0,0.4585811800211454,0,0.38461538461538464,0,0.3398919005155303,0,False
2041-JIJCI,No,4288.0,1,0.5687968591492348,0,0.1111111111111111,0,0.37905577157906295,1,False
4900-MSOMT,No,80.2,0,0.005968283513703879,0,0.021970705725699067,0,0.11888056196347938,0,False
2229-VWQJH,No,2366.4,0,0.18448118374300057,0,0.1650485436893204,0,0.3306529956910723,0,False
9194-GFVOI,No,2530.5,0,0.02989160169606462,0,0.021970705725699067,0,0.13891395857259375,0,False
1336-EZFZY,No,1363.4,0,0.14344010374750651,0,0.11405835543766578,0,0.1317005953483852,0,False
4282-MSACW,No,468.8,0,0.09146915522395675,0,0.24344569288389514,0,0.19921875346672235,0,False
1403-LKLIK,No,783.9000000000001,0,0.020173917268890278,0,0.021970705725699067,0,0.08093017768305241,0,False
0136-IFMYD,No,329.85,0,0.11555633770675322,0,0.06711409395973154,0,0.25380439990899245,0,False
5144-TVGLP,No,3221.5,1,0.5856803529393391,0,0.4540540540540541,0,0.4222564976019717,1,False
9643-AVVWI,No,5520.0,1,0.5091703473022793,1,0.6479591836734694,0,0.3624234854555363,2,False
0253-ZTEOB,No,1911.6,0,0.037831794078142134,0,0.015384615384615385,0,0.17910222556933225,0,False
2706-QZIHY,No,1436.4,0,0.03960681226120803,0,0.021970705725699067,0,0.0777360852942295,0,False
6061-PQHMK,No,935.3,0,0.032376327732580076,0,0.021970705725699067,0,0.09249244431357152,0,False
6137-MFAJN,No,1075.1999999999998,0,0.1437173842810707,0,0.2926829268292683,0,0.28186178410370055,0,False
9122-UMROB,No,1441.3,0,0.1844326168090762,0,0.3706896551724138,0,0.15439740427694887,0,False
4232-JGKIY,No,1363.2,0,0.20504395817859408,0,0.3706896551724138,0,0.16799470036084155,0,False
2402-TAIRZ,No,2801.75,0,0.14886593102525217,0,0.1004566210045662,0,0.29219449772113365,0,False
9659-ZTWSM,No,644.0999999999999,0,0.1472058290492981,0,0.24344569288389514,0,0.24073136646197585,0,False
9139-TWBAS,No,2201.1,0,0.08967471888481646,0,0.021970705725699067,0,0.17440106039804007,0,False
6685-GBWJZ,No,637.1999999999999,0,0.013315985798298284,0,0.021970705725699067,0,0.15389082280059196,0,False
2195-VVRJF,No,3191.4,0,0.2688847568178601,0,0.11405835543766578,0,0.27991594636655254,0,False
3913-RDSJZ,No,204.4,0,0.005165031563033202,0,0.021970705725699067,0,0.0748610900794402,0,False
4203-QGNZA,No,891.0,0,0.04770011779497485,0,0.11405835543766578,0,0.10404889764232811,0,False
5043-TRZWM,No,5364.05,0,0.48628697332914084,1,0.888268156424581,0,0.44817196503014967,1,False
9494-BDNNC,No,571.8,0,0.12903515353956121,0,0.24344569288389514,0,0.29674992044782433,0,False
1640-PLFMP,No,4987.75,1,0.5690003634668049,1,0.888268156424581,0,0.4993861036545114,2,False
5366-OBVMR,No,2716.2,0,0.183923294328697,0,0.1650485436893204,0,0.2752653399494771,0,False
7644-OMVMY,No,1429.2,0,0.05808326445694736,0,0.021970705725699067,0,0.08623475102401977,0,False
4573-JKNAE,No,1161.0,0,0.02552611032984841,0,0.021970705725699067,0,0.08407165037660988,0,False
9817-APLHW,No,1500.0,0,0.17975444267166835,0,0.1111111111111111,0,0.1342390343982007,0,False
8380-MQINP,No,345.1,0,0.004179535445238864,0,0.021970705725699067,0,0.07484392057292101,0,False
0840-DFEZH,No,4897.75,1,0.5881818982734281,1,0.6363636363636364,0,0.4778886172111983,2,False
8690-ZVLCL,No,352.0,0,0.01000193491138478,0,0.021970705725699067,0,0.11777580016220301,0,False
1125-SNVCK,No,1007.4,0,0.07667920828588731,0,0.1650485436893204,0,0.32513989350291617,0,False
0384-LPITE,No,1985.6,0,0.0721550077573079,0,0.021970705725699067,0,0.1795564474699723,0,False
4616-EWBNJ,No,1125.6,0,0.04760040407260033,0,0.021970705725699067,0,0.09612968457623959,0,False
1335-HQMKX,No,101.35,0,0.1926548796049588,0,0.0,0,0.3169012433635647,0,False
2545-EBUPK,No,5883.5,1,0.8218352857958277,1,0.7912621359223301,0,0.49260998290288577,2,False
6923-AQONU,No,1024.1,0,0.01713955039953621,0,0.021970705725699067,0,0.07277672650523677,0,False
2172-EJXVF,No,105.9,0,0.21433336263546254,0,0.0,0,0.3347551654288642,0,False
4536-PLEQY,No,5103.0,0,0.4402304310104492,1,0.6479591836734694,0,0.3707593953785221,1,False
7029-IJEJK,No,793.8000000000001,0,0.027587185395227875,0,0.021970705725699067,0,0.1663354940800376,0,False
8871-JLMHM,No,360.8,0,0.026629967729782666,0,0.015384615384615385,0,0.19080047445944998,0,False
5447-VYTKW,No,2405.25,0,0.07735712211826169,0,0.11405835543766578,0,0.21760602636698512,0,False
3623-FQBOX,No,1017.45,0,0.11954975161349184,0,0.11405835543766578,0,0.13550876732287687,0,False
8659-HDIYE,No,597.2,0,0.05661019144266014,0,0.1650485436893204,0,0.23481748375245112,0,False
3474-BAFSJ,No,862.5,0,0.035738559972967356,0,0.015384615384615385,0,0.16689877144240117,0,False
3865-ZFZIB,No,1041.4499999999998,0,0.025896946585327953,0,0.021970705725699067,0,0.08858499182304655,0,False
1855-AGAWH,No,3845.8,0,0.35369504256032636,0,0.24344569288389514,0,0.3427647792676262,0,False
7109-CQYUZ,No,1785.0,0,0.030710606939192333,0,0.021970705725699067,0,0.15748597055026392,0,False
1370-GGAWX,No,2447.9,0,0.30169342136582294,0,0.24344569288389514,0,0.32767582852571037,0,False
4680-KUTAJ,No,3391.6,0,0.33556690493277164,1,0.5242718446601942,0,0.34789472758887885,1,False
5307-UVGNB,No,925.3,0,0.07544389717043662,0,0.11405835543766578,0,0.19838253673243927,0,False
2883-ILGWO,No,1573.5,0,0.273384953185961,0,0.26666666666666666,0,0.3064188568560182,0,False
3642-BYHDO,No,19.9,0,0.0019436712915316399,0,0.021970705725699067,0,0.07105108331550823,0,False
9629-NHXFW,No,1377.4,0,0.20712642071110882,0,0.3706896551724138,0,0.160271168837541,0,False
2696-RZVZW,No,100.2,0,0.003964996102994147,0,0.021970705725699067,0,0.07293458238606708,0,False
5766-FTRTS,No,84.45,0,0.008421664093178143,0,0.021970705725699067,0,0.1298673739615805,0,False
0396-HUJBP,No,1351.0,0,0.1544550358384498,0,0.1111111111111111,0,0.13283699616638112,0,False
8879-ZKJOF,No,2475.35,0,0.05787496896653714,0,0.021970705725699067,0,0.18662056959376108,0,False
6285-FTQBF,No,25.55,0,0.002686304590789223,0,0.021970705725699067,0,0.0686824405301619,0,False
1474-JUWSM,No,957.6,0,0.05044847866458991,0,0.021970705725699067,0,0.21024895960332002,0,False
3530-CRZSB,No,1342.25,0,0.12897076909995855,0,0.11405835543766578,0,0.12141658151414683,0,False
8498-XXGWA,No,386.05,0,0.04053399520342592,0,0.11405835543766578,0,0.23953917368713185,0,False
9617-INGJY,No,5012.599999999999,1,0.508474123319909,1,0.888268156424581,0,0.4673400057154028,2,False
0621-TSSMU,No,319.2,0,0.00897234682082887,0,0.021970705725699067,0,0.08705333984595581,0,False
7234-KMNRQ,No,1292.0,0,0.14756733263529007,0,0.11405835543766578,0,0.13304432344003356,0,False
7636-PEPNS,No,617.4,0,0.029643974676220167,0,0.13043478260869565,0,0.2545954827671347,0,False
4683-WYDOU,No,1076.0,0,0.09732865266367394,0,0.06711409395973154,0,0.23611908953529948,0,False
9052-DHNKM,No,2831.3,0,0.09476305377452007,0,0.021970705725699067,0,0.22275577850322004,0,False
6794-HKIAJ,No,907.0,0,0.09939867613196955,0,0.08108108108108109,0,0.2611147310224465,0,False
5578-NKCXI,No,1389.5,0,0.06549843978946138,0,0.24344569288389514,0,0.20123877642922416,0,False
1642-HMARX,No,366.8,0,0.027007422422627544,0,0.021970705725699067,0,0.16148104307242928,0,False
3096-WPXBT,No,1107.7,0,0.08845722885048485,0,0.24344569288389514,0,0.2081528184812335,0,False
8434-PNQZX,No,2353.5,0,0.059690407613598756,0,0.015384615384615385,0,0.20707418937737007,0,False
5950-AAAGJ,No,4552.2,0,0.4227716713882221,0,0.29533678756476683,0,0.37899248188811,0,False
4299-OPXEJ,No,312.8,0,0.006764972246918422,0,0.021970705725699067,0,0.10147361889177739,0,False
9618-LFJRU,No,1390.6,0,0.13292725388860832,0,0.11405835543766578,0,0.1240890079351212,0,False
6693-DJWTY,No,2057.2000000000003,0,0.02680349438334533,0,0.021970705725699067,0,0.17271341886580152,0,False
0744-GKNGE,No,694.4,0,0.08475957182721708,0,0.08108108108108109,0,0.2568917602582555,0,False
6447-EGDIV,No,858.9499999999999,0,0.027345041922740936,0,0.021970705725699067,0,0.09678074378783494,0,False
1167-OYZJF,No,100.25,0,0.004844794463972089,0,0.021970705725699067,0,0.09226417116532146,0,False
4806-DXQCE,No,227.3,0,0.07819478524711405,0,0.06711409395973154,0,0.21034803857945084,0,False
4854-SSLTN,No,4165.0,0,0.03763638673488224,0,0.021970705725699067,0,0.18464393288136957,0,False
5294-DMSFH,No,3775.4,0,0.37535661182350694,0,0.4697986577181208,0,0.35537988189362757,0,False
4837-PZTIC,No,1047.5,0,0.014711025922441778,0,0.021970705725699067,0,0.15808811688832336,0,False
0603-OLQDC,No,4191.0,0,0.2513072804621687,0,0.11405835543766578,0,0.2778557304320168,0,False
3272-VUHPV,No,3603.2,0,0.1290682575981764,0,0.1650485436893204,0,0.22826187933157843,0,False
4176-FXYBO,No,1971.9,0,0.27103196182496614,0,0.25,0,0.296674834596592,0,False
1063-DHQJF,No,276.45000000000005,0,0.033113718256543814,0,0.015384615384615385,0,0.2116367789025411,0,False
8663-UPDGF,No,3197.0,0,0.184921284878535,0,0.11405835543766578,0,0.2600813563403432,0,False
6719-FGEDO,No,97.0,0,0.024409934170828054,0,0.06711409395973154,0,0.17555378128875376,0,False
1837-YQUCE,No,116.7,0,0.01738192857497042,0,0.021970705725699067,0,0.1687435738919913,0,False
0369-ZGOVK,No,3097.6000000000004,0,0.17334985336436343,0,0.1004566210045662,0,0.3030022249373711,0,False
9919-KNPOO,No,4809.3,1,0.6078851843179144,1,0.5551470588235294,0,0.4311552715079772,2,False
7872-BAAZR,No,371.45,0,0.008075818381154346,0,0.021970705725699067,0,0.07774232309396828,0,False
9391-LMANN,No,1823.05,0,0.0787518150686231,0,0.24344569288389514,0,0.22002615479184562,0,False
8174-TBVCF,No,189.6,0,0.01713890057215541,0,0.06711409395973154,0,0.13575196975551232,0,False
1698-XFZCI,No,1185.25,0,0.18348940579393744,0,0.24344569288389514,0,0.28459075860781424,0,False
1877-HKBQX,No,3330.6,0,0.09388152272789994,0,0.021970705725699067,0,0.21222988208798038,0,False
4450-DLLMH,No,4991.0,0,0.4819424347885362,0,0.45535714285714285,0,0.44020998097728586,0,False
0428-AXXLJ,No,916.5,0,0.04804882663927142,0,0.021970705725699067,0,0.11271448266530641,0,False
2746-DIJLO,No,1745.3,0,0.07806428209049471,0,0.1004566210045662,0,0.2529459344378978,0,False
3508-VLHCZ,No,90.55,0,0.012393701754253774,0,0.021970705725699067,0,0.12680065717167766,0,False
4086-ATNFV,No,2310.4,0,0.04431116609136547,0,0.021970705725699067,0,0.17216447684049146,0,False
0468-YRPXN,No,4248.4,0,0.34650127450987916,0,0.4697986577181208,0,0.3150033657023376,0,False
5996-NRVXR,No,3140.8,0,0.11489265289274432,0,0.06666666666666667,0,0.19619401037564238,0,False
3739-YBWAB,No,1272.6,0,0.06037857137379498,0,0.021970705725699067,0,0.1837905979708864,0,False
7047-FWEYA,No,2681.9,0,0.24577315050660112,0,0.24344569288389514,0,0.28037664774558935,0,False
2000-MPKCA,No,1508.5,0,0.19430014665127174,0,0.24344569288389514,0,0.2871002072920355,0,False
9762-YAQAA,No,2686.2000000000003,0,0.1341303486571607,0,0.1004566210045662,0,0.27777326520820006,0,False
5473-KHBPS,No,1914.0,0,0.15667055653856338,0,0.06666666666666667,0,0.2524735819306825,0,False
0100-DUVFC,No,209.6,0,0.22424321515032158,0,0.24344569288389514,0,0.32095040557036236,0,False
5397-TUPSH,No,496.65,0,0.08679600926136824,0,0.1004566210045662,0,0.32485875253971147,0,False
8950-MTZNV,No,3191.4500000000003,0,0.34859603699683456,1,0.5932203389830508,0,0.40900022168588407,1,False
0326-VDYXE,No,195.3,0,0.2184103894298806,0,0.24344569288389514,0,0.34288997931140747,0,False
6773-LQTVT,No,1532.95,0,0.23454146020294914,0,0.1650485436893204,0,0.2731621637720465,0,False
0436-TWFFZ,No,426.25,0,0.021331344306225162,0,0.021970705725699067,0,0.1780649026938923,0,False
8566-YPRGL,No,1384.5,0,0.2071217271390302,0,0.3706896551724138,0,0.17475876086753778,0,False
6609-MXJHJ,No,1054.2,0,0.024604034198885617,0,0.021970705725699067,0,0.08899706220319643,0,False
2669-OIDSD,No,2401.2,0,0.25356970604364487,0,0.4697986577181208,0,0.2975053792136876,0,False
8400-WZICQ,No,946.9,0,0.04056714281050662,0,0.1111111111111111,0,0.23612922358308672,0,False
9576-SYUHJ,No,3190.25,0,0.46794309145177104,0,0.25,0,0.3962227947362157,0,False
0410-IPFTY,No,3437.85,0,0.40967112677584033,0,0.4697986577181208,0,0.33721657431504953,0,False
2831-EBWRN,No,3121.2,0,0.38650423398989125,1,0.5242718446601942,0,0.4198524789621203,1,False
9430-NKQLY,No,25.1,0,0.003866107912873571,0,0.021970705725699067,0,0.08339885094623961,0,False
0247-SLUJI,No,1398.7,0,0.13789108070987022,0,0.3706896551724138,0,0.1434578334155677,0,False
9402-ORRAH,No,5215.5,1,0.6062307541687231,1,0.5551470588235294,0,0.4589172957987938,2,False
6483-OATDN,No,3283.2,0,0.21577154020198513,0,0.11405835543766578,0,0.27182736872233126,0,False
1293-HHSHJ,No,780.7,0,0.02296325286246188,0,0.021970705725699067,0,0.09564776566985982,0,False
4840-ORQXB,No,1676.0,0,0.41735673622436265,0,0.4540540540540541,0,0.3685555577937899,0,False
3982-DQLUS,No,600.25,0,0.16134034743095851,0,0.25,0,0.3094595234296147,0,False
8610-ZIKJJ,No,1421.0,0,0.07225804800542925,0,0.021970705725699067,0,0.10411334865501626,0,False
3756-VNWDH,No,705.25,0,0.24538715990479623,0,0.24344569288389514,0,0.3196767855952923,0,False
7801-KICAO,No,4004.1,1,0.5165628332157498,1,0.5551470588235294,0,0.4447345376467649,2,False
7673-LPRNY,No,3848.95,0,0.21512447300847498,0,0.021970705725699067,0,0.25862510421842727,0,False
6060-QBMGV,No,39.7,0,0.0025924524822389734,0,0.021970705725699067,0,0.0756707444401968,0,False
7339-POGZN,No,3447.6000000000004,0,0.36755609530154343,1,0.5242718446601942,0,0.3958170159187655,1,False
2828-SLQPF,No,2385.0,0,0.26029665901842974,0,0.1650485436893204,0,0.3523082553834121,0,False
4465-VDKIQ,No,4201.2,0,0.34933696287255156,1,0.5551470588235294,0,0.36185834941427913,1,False
2921-XWDJH,No,2837.3,0,0.33935259104647564,0,0.25,0,0.3695738693915439,0,False
2558-BUOZZ,No,2370.0,0,0.10747816166360767,0,0.06666666666666667,0,0.2341786013688451,0,False
9257-AZMTZ,No,402.0,0,0.00452385265899319,0,0.021970705725699067,0,0.07097791258380093,0,False
0003-MKNFE,No,3773.7,0,0.3257795904394338,0,0.1650485436893204,0,0.34465813783156013,0,False
0975-UYDTX,No,4144.599999999999,0,0.1002078588903433,0,0.021970705725699067,0,0.1601496594458352,0,False
4682-BLBUC,No,1986.6,0,0.07439667005100538,0,0.1004566210045662,0,0.21552202334180856,0,False
0975-VOOVL,No,2014.8,0,0.3325177736496335,0,0.43157894736842106,0,0.3268186981899948,0,False
5968-VXZLG,No,3262.0,0,0.32556579136689434,1,0.5932203389830508,0,0.40746369139954647,1,False
5201-FRKKS,No,3492.1,0,0.2131687966142521,0,0.29533678756476683,0,0.31737358948075367,0,False
9799-CAYJJ,No,4851.0,1,0.5982427169196133,0,0.45535714285714285,0,0.47057498969009937,1,False
5443-SCMKX,No,1320.2,0,0.20255434517707718,0,0.24344569288389514,0,0.3191904509919221,0,False
8295-KMENE,No,993.85,0,0.015690431845206396,0,0.021970705725699067,0,0.1473584961680367,0,False
6738-ISCBM,No,1512.0,0,0.13891559725326147,0,0.021970705725699067,0,0.2397772292119659,0,False
9821-BESNZ,No,625.5,0,0.1712390066215671,0,0.24344569288389514,0,0.2953236948020759,0,False
3678-MNGZX,No,79.8,0,0.0022910263660888127,0,0.021970705725699067,0,0.07091959687075745,0,False
1335-NTIUC,No,1571.85,1,0.5641056454245722,1,0.5242718446601942,0,0.4146531834122041,2,False
2916-BQZLN,No,4491.75,0,0.42878719824853,1,0.5551470588235294,0,0.38034585927028564,1,False
4558-CGYCZ,No,1343.0,0,0.14658832415762094,0,0.11405835543766578,0,0.13085642047611493,0,False
2368-GAKKQ,No,227.3,0,0.05172711358972852,0,0.06711409395973154,0,0.19208796325261074,0,False
8710-YGLWG,No,3187.9,0,0.34870524242305384,1,0.5932203389830508,0,0.41048581942148177,1,False
3199-XGZCY,No,4816.0,1,0.712893214570625,1,0.6363636363636364,0,0.4810275750275755,2,False
3785-KTYSH,No,467.4,0,0.008151025054871927,0,0.021970705725699067,0,0.0848732411908765,0,False
6814-ZPWFQ,No,525.0,0,0.018287754036438335,0,0.021970705725699067,0,0.09234366696998343,0,False
4063-EIKNQ,No,1277.95,0,0.09103157098090654,0,0.11405835543766578,0,0.09662282934318345,0,False
6993-YCOBK,No,1327.1999999999998,0,0.08785752520117525,0,0.06711409395973154,0,0.20882031858803796,0,False
5206-HPJKM,No,3052.5,0,0.15166681579507485,0,0.11405835543766578,0,0.2634903125533284,0,False
8393-JMVMB,No,1380.95,0,0.16229848997080523,0,0.3706896551724138,0,0.15853021716418556,0,False
5019-GQVCR,No,2460.65,0,0.44531335494989377,0,0.4540540540540541,0,0.45700265764335013,0,False
6036-TTFYU,No,1097.6,0,0.09594706787309686,0,0.11405835543766578,0,0.1093745351951854,0,False
2550-AEVRU,No,801.75,0,0.01852169225055952,0,0.021970705725699067,0,0.19555344623756085,0,False
0969-RGKCU,No,693.0,0,0.016037066895986593,0,0.021970705725699067,0,0.07808817022303266,0,False
0378-CJKPV,No,112.1,0,0.03266334736544276,0,0.06711409395973154,0,0.1552490512742402,0,False
2880-FPNAE,No,5194.0,1,0.5946369445362465,0,0.45535714285714285,0,0.45953114158518643,1,False
1703-MGIAB,No,3795.0,0,0.2664431263652166,0,0.1650485436893204,0,0.2909323760307603,0,False
4311-QTTAI,No,1083.6,0,0.04669953744685506,0,0.021970705725699067,0,0.09469049205066944,0,False
4318-RAJVY,No,1227.6,0,0.08867162615880082,0,0.021970705725699067,0,0.11747852069399857,0,False
3612-YUNGG,No,873.6,0,0.06245881470553783,0,0.06711409395973154,0,0.19211764881053817,0,False
2254-DLXRI,No,5619.650000000001,1,0.6607888906240864,1,0.888268156424581,0,0.42673835590521214,2,False
5062-CJJKH,No,2521.55,0,0.06547483797153637,0,0.13043478260869565,0,0.19150897968567196,0,False
9028-LIHRP,No,100.2,0,0.014022801496815137,0,0.06711409395973154,0,0.14301471667014193,0,False
1053-MXTTK,No,108.65,0,0.027141224895456673,0,0.06711409395973154,0,0.1632253442493331,0,False
1530-ZTDOZ,No,934.95,0,0.09275886379917102,0,0.11405835543766578,0,0.24918454607430804,0,False
1301-LOPVR,No,2380.05,0,0.06811530545525457,0,0.021970705725699067,0,0.13689856214212312,0,False
0853-TWRVK,No,105.6,0,0.02457944202568844,0,0.06711409395973154,0,0.15831237775411433,0,False
6212-ATMLK,No,2105.4,0,0.43153497306198796,0,0.4540540540540541,0,0.4440957225629829,0,False
8200-LGKSR,No,83.2,0,0.019714476559674947,0,0.021970705725699067,0,0.16372697867724462,0,False
1568-BEKZM,No,180.1,0,0.013838555699478686,0,0.021970705725699067,0,0.1353335669880099,0,False
0670-ANMUU,No,97.65,0,0.04527052083838828,0,0.0,0,0.21362393907156568,0,False
6897-RWMUB,No,748.55,0,0.0063443103941194495,0,0.021970705725699067,0,0.12478599527367498,0,False
6999-CHVCF,No,408.4,0,0.05236713144592959,0,0.06711409395973154,0,0.22611975945607546,0,False
6134-KWTBV,No,234.0,0,0.005229344041246741,0,0.021970705725699067,0,0.08290067914947265,0,False
1077-HUUJM,No,4618.25,1,0.5986247078013139,0,0.45535714285714285,0,0.4526129324083086,1,False
0895-LNKRC,No,1283.7,0,0.06395718952897116,0,0.021970705725699067,0,0.08778642792654918,0,False
2045-BMBTJ,No,2318.55,0,0.22585102841670623,0,0.11405835543766578,0,0.24565638582404084,0,False
8417-GSODA,No,4056.8,0,0.25446920059862504,0,0.1004566210045662,0,0.2831505318868645,0,False
5171-EPLKN,No,893.2500000000001,0,0.0162422670771663,0,0.021970705725699067,0,0.08568234538895775,0,False
4452-QIIEB,No,2853.5,0,0.24571753268594398,0,0.38461538461538464,0,0.3498433384645794,0,False
6741-EGCBI,No,3801.0,0,0.3630311523146179,0,0.4697986577181208,0,0.3403611713478156,0,False
7820-ZYGNY,No,814.0500000000001,0,0.09781914296486587,0,0.1004566210045662,0,0.2746807272837909,0,False
9677-AVKED,No,1607.4,0,0.07895239951450433,0,0.1004566210045662,0,0.21199279060431858,0,False
2227-JRSJX,No,5056.650000000001,0,0.4518351344411243,0,0.4697986577181208,0,0.30042809987517466,0,False
9847-HNVGP,No,1097.25,0,0.04959796248707245,0,0.021970705725699067,0,0.09506333043249367,0,False
6696-YDAYZ,No,1148.0,0,0.023107455443205464,0,0.021970705725699067,0,0.07548745216694085,0,False
8980-WQFWL,No,2297.7000000000003,0,0.22121619226847977,0,0.16666666666666666,0,0.3509316562879809,0,False
1730-ZMAME,No,3180.0,0,0.4523157908360073,1,0.5551470588235294,0,0.4405444354937138,1,False
6506-EYCNH,No,860.2,0,0.06451709299961311,0,0.11405835543766578,0,0.11459321410918272,0,False
4634-JLRJT,No,1444.85,0,0.20563297467523817,0,0.3706896551724138,0,0.1761831238518248,0,False
9501-UKKNL,No,672.1,0,0.1565392146552633,0,0.16666666666666666,0,0.30309987843732317,0,False
2560-QTSBS,No,23.3,0,0.007209956922727326,0,0.021970705725699067,0,0.09569454822394931,0,False
4795-WRNVT,No,2083.2,0,0.076036231050289,0,0.11405835543766578,0,0.22948853728726232,0,False
6080-TCMYC,No,2598.4,0,0.41435275786430525,0,0.4540540540540541,0,0.386059906082033,0,False
7860-UXCRM,No,670.5,0,0.005666645939855458,0,0.021970705725699067,0,0.11795716629662083,0,False
6357-JJPQT,No,5554.5,1,0.6008283887492737,1,0.6479591836734694,0,0.4904776380996966,2,False
2292-XQWSV,No,1929.6,0,0.06881753890128137,0,0.375,0,0.15404096556924138,0,False
9552-TGUZV,No,4800.0,0,0.3859013339787982,0,0.45535714285714285,0,0.36442439360894013,0,False
5913-INRQV,No,3425.7000000000003,0,0.11551778388481927,0,0.021970705725699067,0,0.22731981090522407,0,False
9643-YBLUR,No,4350.15,0,0.34714487438356534,0,0.1650485436893204,0,0.32547447254583434,0,False
8734-FNWVH,No,2447.7000000000003,0,0.16163795626043895,0,0.1650485436893204,0,0.26819674829893997,0,False
9447-YPTBX,No,436.7000000000001,0,0.016541666327730846,0,0.021970705725699067,0,0.1086076547136886,0,False
9026-LHEVG,No,2567.25,0,0.39085222087558746,0,0.2926829268292683,0,0.35048914296584066,0,False
7011-CVEUC,No,4497.900000000001,0,0.37323808998971636,0,0.4697986577181208,0,0.3185186874663169,0,False
6185-TASNN,No,3287.3,0,0.3651292572018249,1,0.6666666666666666,0,0.4206452990904468,1,False
7925-PNRGI,No,2195.1,0,0.052922194165451415,0,0.11405835543766578,0,0.15955677045186628,0,False
1552-CZCLL,No,340.0,0,0.014442084542036519,0,0.11405835543766578,0,0.09043014786763434,0,False
3038-PQIUY,No,2249.1000000000004,0,0.10575521084364312,0,0.11405835543766578,0,0.23588721088949177,0,False
9313-CDOGY,No,666.4000000000001,0,0.046959626052387654,0,0.1111111111111111,0,0.10275711810020084,0,False
8148-BPLZQ,No,1892.4,0,0.17530875092215045,0,0.1111111111111111,0,0.33419607844486054,0,False
2623-DRYAM,No,203.5,0,0.2133578994672906,0,0.24344569288389514,0,0.34354582346725165,0,False
9987-LUTYD,No,3253.85,0,0.06374487498586427,0,0.021970705725699067,0,0.1920853727272689,0,False
4488-KQFDT,No,1143.45,0,0.2355209401708712,0,0.24344569288389514,0,0.3291482724100368,0,False
5693-PIPCS,No,3089.15,0,0.1020960744372153,0,0.06711409395973154,0,0.23844909931977396,0,False
0491-KAPQG,No,3758.7,1,0.5022305845935711,1,0.5551470588235294,0,0.44519653428493555,2,False
1925-LFCZZ,No,850.8499999999999,0,0.1096666744888749,0,0.1004566210045662,0,0.26597270596203054,0,False
8039-EQPIM,No,180.75,0,0.012577494086877979,0,0.021970705725699067,0,0.13889146294422589,0,False
8707-RMEZH,No,261.9,0,0.04969587380469124,0,0.021970705725699067,0,0.22669761335717703,0,False
3209-ZPKFI,No,1356.25,0,0.09758875023534043,0,0.1111111111111111,0,0.28596082132391504,0,False
6479-VDGRK,No,85.3,0,0.006139191798277048,0,0.021970705725699067,0,0.11806970261832272,0,False
9373-WSLOY,No,1950.0,0,0.26011660561993627,0,0.2926829268292683,0,0.2638803424891536,0,False
3569-JFODW,No,90.95,0,0.008740525287576208,0,0.021970705725699067,0,0.11793022414190339,0,False
9819-FBNSV,No,2528.75,0,0.3509236680633057,0,0.29533678756476683,0,0.39325098892810606,0,False
9544-PYPSJ,No,961.0,0,0.24974959228919985,0,0.08108108108108109,0,0.3096455788118339,0,False
1591-XWLGB,No,19.85,0,0.002383734698352697,0,0.021970705725699067,0,0.07655714463428889,0,False
0396-UKGAI,No,2709.7,0,0.11358391977864372,0,0.1650485436893204,0,0.2340389693567292,0,False
3243-ZHOHY,No,1125.6,0,0.05039827800428323,0,0.021970705725699067,0,0.09548010021746495,0,False
5186-EJEGL,No,4378.5,0,0.24116725123294255,0,0.11405835543766578,0,0.25709324493580077,0,False
7527-QNRUS,No,1383.25,0,0.04229151148756943,0,0.021970705725699067,0,0.0900119073731354,0,False
2203-GHNWN,No,3823.2,1,0.5156409555607718,0,0.29533678756476683,0,0.37002310537368827,1,False
3878-AVSOQ,No,5058.75,1,0.595768077810172,1,0.888268156424581,1,0.5045077981157371,3,True
3258-SYSWS,No,113.8,0,0.03700778792723899,0,0.06711409395973154,0,0.18996319063070977,0,False
5296-PSYVW,No,24.55,0,0.00497366827885436,0,0.021970705725699067,0,0.08188158070594209,0,False
6319-QSUSR,No,1201.7,0,0.08603850241590186,0,0.11405835543766578,0,0.1032090304007547,0,False
0512-FLFDW,No,1206.0,0,0.21671249269823256,0,0.24344569288389514,0,0.30936967553556527,0,False
0487-CRLZF,No,1712.35,0,0.03621931011023565,0,0.015384615384615385,0,0.20722084471314747,0,False
2107-FBPTK,No,4372.2,1,0.5513783855970017,0,0.4540540540540541,0,0.4002236497625383,1,False
9451-WLYRI,No,361.95,0,0.009942827543866753,0,0.021970705725699067,0,0.08782334987089946,0,False
8219-VYBVI,No,825.0,0,0.011979247777605093,0,0.021970705725699067,0,0.08031087985404259,0,False
1991-VOPLL,No,1200.15,0,0.12160716290125893,0,0.11405835543766578,0,0.12082506048774404,0,False
9738-QLWTP,No,2702.7000000000003,0,0.12179097114624753,0,0.1004566210045662,0,0.26648049649425454,0,False
1016-DJTSV,No,4460.8,1,0.6898049418349075,0,0.45535714285714285,0,0.4795098719260036,1,False
9419-IPPBE,No,1893.15,0,0.2105730920260211,0,0.1004566210045662,0,0.3193349759479627,0,False
0174-QRVVY,No,25.35,0,0.0028230437525572005,0,0.021970705725699067,0,0.0686824405301619,0,False
5699-BNCAS,No,24.65,0,0.006355897156133337,0,0.021970705725699067,0,0.10393233877788574,0,False
2900-PHPLN,No,39.1,0,0.004278696489957086,0,0.021970705725699067,0,0.09231946260815745,0,False
8106-GWQOK,No,2040.0,0,0.04651183037315345,0,0.021970705725699067,0,0.15034345897510912,0,False
8751-EDEKA,No,3955.6,0,0.26967809810089044,0,0.4697986577181208,0,0.3011799723276509,0,False
6878-GGDWG,No,776.0,0,0.04895745975849133,0,0.11405835543766578,0,0.1089736878246103,0,False
4039-PIMHX,No,1145.4,0,0.021017214720040155,0,0.015384615384615385,0,0.23370807951880326,0,False
8450-LUGUK,No,843.5,0,0.01713577014666201,0,0.021970705725699067,0,0.08554806259940552,0,False
3604-WLABM,No,3363.5,0,0.2542269811638586,1,0.5242718446601942,0,0.30986924895215284,1,False
0795-GMVQO,No,549.5,0,0.08901892733841187,0,0.24344569288389514,0,0.21230703540380155,0,False
2259-OUUSZ,No,2307.5,0,0.19927889151352096,0,0.1004566210045662,0,0.2515175040007475,0,False
1142-IHLOO,No,1838.55,0,0.13872948208001737,0,0.1004566210045662,0,0.3025209379691198,0,False
4633-MKHYU,No,5569.200000000001,1,0.5536579099464553,1,0.6479591836734694,0,0.44639082405055147,2,False
6257-RJOHI,No,3454.4,0,0.316525415656304,0,0.38461538461538464,0,0.33014356537130174,0,False
1545-JFUML,No,99.0,0,0.07103581494075378,0,0.06711409395973154,0,0.25609733299139015,0,False
7826-VVKWT,No,4634.4,0,0.2532954687827293,0,0.06711409395973154,0,0.3053671300879564,0,False
1353-GHZOS,No,2987.5,0,0.11078054882570083,0,0.021970705725699067,0,0.21549444157291284,0,False
2587-EKXTS,No,3122.0,0,0.46458366852858907,0,0.25,0,0.33319840750930313,0,False
5442-BXVND,No,945.75,0,0.053714323779481515,0,0.11405835543766578,0,0.0925587408851059,0,False
9753-OYLBX,No,1455.5,0,0.1576853145903598,0,0.3706896551724138,0,0.1531586422780068,0,False
2364-UFROM,No,2956.8,0,0.055474614914175144,0,0.021970705725699067,0,0.18463957543955545,0,False
6656-JWRQX,No,2169.05,0,0.30802920943561124,0,0.3939393939393939,0,0.33135151120359446,0,False
6473-ULUHT,No,4754.400000000001,0,0.23186362531847973,0,0.1111111111111111,0,0.201135218596308,0,False
7688-AWMDX,No,54.5,0,0.004145433774935565,0,0.021970705725699067,0,0.14970205858035696,0,False
2842-BCQGE,No,2185.15,0,0.2787040625164366,0,0.29533678756476683,0,0.3928621000853206,0,False
7244-QWYHG,No,977.9,0,0.0464994605391012,0,0.021970705725699067,0,0.16901370923402254,0,False
5312-UXESG,No,3039.55,0,0.3388293458023402,0,0.4697986577181208,0,0.3586205841992011,0,False
2150-WLKUW,No,2044.8,0,0.07561578284604237,0,0.1004566210045662,0,0.21868875370937457,0,False
7159-FVYPK,No,4771.35,0,0.34012337041593793,1,0.5932203389830508,0,0.30555304340688844,1,False
7032-LMBHI,No,2262.75,0,0.06728968279346434,0,0.021970705725699067,0,0.20914654616784528,0,False
6088-BXMRG,No,3954.0,0,0.4680888786861501,0,0.4540540540540541,0,0.3568584999975533,0,False
4821-SJHJV,No,3584.0,0,0.2955226682008573,1,0.5551470588235294,0,0.32292210772213115,1,False
7346-MEDWM,No,1082.25,0,0.2440217818320401,0,0.4540540540540541,0,0.3894747584191757,0,False
1137-DGOWI,No,2950.5,0,0.05701768435992987,0,0.1004566210045662,0,0.17211694451401635,0,False
3812-LRZIR,No,1102.5,0,0.027851320279859447,0,0.021970705725699067,0,0.07353084083998648,0,False
9483-GCPWE,No,1266.3000000000002,0,0.05850005769499058,0,0.021970705725699067,0,0.09214238402208823,0,False
4227-OJHAL,No,292.0,0,0.025743940140450026,0,0.021970705725699067,0,0.1750340808169619,0,False
9220-CXRSC,No,184.2,0,0.00471643033036835,0,0.021970705725699067,0,0.1430066714295586,0,False
4993-JCRGJ,No,3877.8,0,0.41806567247015924,0,0.29533678756476683,0,0.32616640133009633,0,False
9537-JALFH,No,59.7,0,0.0021813025362851196,0,0.021970705725699067,0,0.07091959687075745,0,False
6698-OXETB,No,1244.4,0,0.036368706420356806,0,0.021970705725699067,0,0.09100474209878122,0,False
2103-ZRXFN,No,3603.25,0,0.33251272740405685,0,0.43157894736842106,0,0.37895090384603747,0,False
3724-BSCVH,No,1267.9,0,0.05444436347426535,0,0.021970705725699067,0,0.08557756001094816,0,False
4877-TSOFF,No,1287.75,0,0.02886704473320621,0,0.021970705725699067,0,0.1521191002409481,0,False
9209-NWPGU,No,1831.2000000000005,0,0.04146614077203797,0,0.021970705725699067,0,0.20383955653819996,0,False
7306-YDSOI,No,179.25,0,0.006454680337861682,0,0.021970705725699067,0,0.15230606828613444,0,False
5288-AHOUP,No,4788.5,1,0.5908825632365728,1,0.6479591836734694,0,0.4681107168479437,2,False
0655-YDGFJ,No,2104.85,0,0.12339003179264772,0,0.1650485436893204,0,0.2895718911262523,0,False
8468-EHYJA,No,1494.75,0,0.3215301512351373,0,0.25,0,0.3706597945254738,0,False
6823-SIDFQ,No,803.0,0,0.030461683442748695,0,0.021970705725699067,0,0.09188117855696719,0,False
1097-FSPVW,No,1636.5,0,0.061125445366810305,0,0.11405835543766578,0,0.23939958576686976,0,False
8328-SKJNO,No,1991.85,0,0.047037062386233265,0,0.021970705725699067,0,0.1448440673525625,0,False
7010-ZMVBF,No,1104.3,0,0.07719411044157566,0,0.11405835543766578,0,0.09730986955727533,0,False
5201-CBWYG,No,248.0,0,0.007854821590003629,0,0.021970705725699067,0,0.07717359558384192,0,False
6352-GIGGQ,No,444.0,0,0.03376334423005699,0,0.021970705725699067,0,0.1630023686591963,0,False
3635-QQRQD,No,200.5,0,0.005128806373455696,0,0.021970705725699067,0,0.09936027633653913,0,False
2897-DOVND,No,4886.0,1,0.5685573473637354,0,0.45535714285714285,0,0.48727426764082715,1,False
3082-YVEKW,No,3780.35,0,0.04524492893412754,0,0.021970705725699067,0,0.14661160234984746,0,False
0191-EQUUH,No,1647.35,0,0.02681010235157379,0,0.021970705725699067,0,0.16162464183148015,0,False
7134-HBPBS,No,108.1,0,0.07403961001084441,0,0.06711409395973154,0,0.2406861550821506,0,False
3489-HHPFY,No,5883.5,1,0.6683095772614616,1,0.7912621359223301,0,0.46946605452380075,2,False
2926-JEJJC,No,1292.8,0,0.09724867332057886,0,0.021970705725699067,0,0.11845632037474241,0,False
4950-BDEUX,No,1820.4,0,0.28473400725122017,0,0.16666666666666666,0,0.32136495139916194,0,False
5789-LDFXO,No,1180.8000000000002,0,0.06727540824620322,0,0.021970705725699067,0,0.10368194379726545,0,False
0508-OOLTO,No,5015.5,1,0.5164817090960223,0,0.45535714285714285,0,0.4405117792518451,1,False
2984-TBYKU,No,104.9,0,0.02830780381949546,0,0.06711409395973154,0,0.15709447906211904,0,False
9822-WMWVG,No,3301.5,0,0.3181625908395356,0,0.25,0,0.2853395457073261,0,False
9040-KZVWO,No,3473.0,0,0.1693349703802967,0,0.1004566210045662,0,0.27224388720931075,0,False
1548-ARAGG,No,3978.0,0,0.24838800292480856,0,0.38461538461538464,0,0.2701840290051496,0,False
6339-RZCBJ,No,1893.6,0,0.023061183760491724,0,0.015384615384615385,0,0.16743427794536192,0,False
4415-WNGVR,No,4752.0,0,0.19424166996648745,0,0.021970705725699067,0,0.2236223763437203,0,False
2522-AHJXR,No,1313.4,0,0.24272066327353364,0,0.26666666666666666,0,0.25807110744047046,0,False
0412-UCCNP,No,1006.4,0,0.015762054739094294,0,0.021970705725699067,0,0.19219006561172833,0,False
1816-FLZDK,No,2069.65,0,0.38932419416397845,0,0.3939393939393939,0,0.3269377274689386,0,False
7096-UCLNH,No,1423.55,0,0.16138943417553844,0,0.3706896551724138,0,0.15853021716418556,0,False
4615-PIVVU,No,1995.0,0,0.02244946250267157,0,0.015384615384615385,0,0.18558111850619363,0,False
8885-QSQBX,No,3518.05,0,0.20351619743859714,0,0.43157894736842106,0,0.3196525925759481,0,False
8617-ENBDS,No,5078.4,0,0.4730460931991936,0,0.45535714285714285,0,0.42139875581651864,0,False
9385-NXKDA,No,82.65,0,0.02105928574369931,0,0.021970705725699067,0,0.17280763741534233,0,False
0430-IHCDJ,No,2793.0,0,0.4563945339016076,1,0.5242718446601942,0,0.3998142343160357,1,False
6674-KVJHG,No,1537.2,0,0.10495219203680833,0,0.021970705725699067,0,0.11550105318397545,0,False
1814-DKOLC,No,1705.15,0,0.1724974324139488,0,0.11405835543766578,0,0.12419411303272637,0,False
9351-HXDMR,No,110.9,0,0.05811378570966361,0,0.06711409395973154,0,0.18666581388012563,0,False
3537-HPKQT,No,1321.75,0,0.20150627180777106,0,0.08108108108108109,0,0.3416240798423108,0,False
2129-ALKBS,No,838.4,0,0.0815982395338207,0,0.1111111111111111,0,0.12619550247000091,0,False
5821-MMEIL,No,298.5,0,0.004541121018274226,0,0.021970705725699067,0,0.07764912044351016,0,False
1309-XGFSN,No,1617.0,0,0.12238647815182789,0,0.1004566210045662,0,0.2509031633837085,0,False
6968-URWQU,No,1634.15,0,0.09030668528603135,0,0.13043478260869565,0,0.26815308568652885,0,False
4742-TXUEX,No,482.5,0,0.005629032166753333,0,0.021970705725699067,0,0.07129353928927663,0,False
9631-XEYKE,No,3477.6,0,0.30724356980410883,0,0.43157894736842106,0,0.3652441723977515,0,False
1335-MXCSE,No,939.25,0,0.01260320751256522,0,0.015384615384615385,0,0.17226116739367384,0,False
8873-TMKGR,No,821.3000000000001,0,0.0314551774325153,0,0.021970705725699067,0,0.09278712605940907,0,False
8800-JOOCF,No,5043.0,1,0.5586028408082709,1,0.7912621359223301,0,0.4416502547558256,2,False
1469-LBJQJ,No,631.2,0,0.33138019503525057,0,0.4540540540540541,0,0.365849958300465,0,False
0064-YIJGF,No,3408.75,0,0.33794724557642547,0,0.29533678756476683,0,0.3634120326801037,0,False
2386-OWURY,No,1334.2,0,0.3378226402727593,0,0.4540540540540541,0,0.37767562045102615,0,False
0310-VQXAM,No,1250.5500000000002,0,0.12347274581528543,0,0.11405835543766578,0,0.12103238776139648,0,False
3453-RTHJQ,No,4560.599999999999,1,0.5432898731474147,0,0.45535714285714285,0,0.47121256267817635,1,False
6278-FEPBZ,No,1275.75,0,0.1206225854194204,0,0.11405835543766578,0,0.12056063741082096,0,False
4280-DLSHD,No,3504.0,0,0.27020217347942127,0,0.1650485436893204,0,0.31417273867844125,0,False
1508-DFXCU,No,4887.0,1,0.5448019351268086,1,0.6479591836734694,0,0.46697535267933404,2,False
7868-BGSZA,No,2325.8,0,0.13996926042509977,0,0.021970705725699067,0,0.24060557834616156,0,False
2800-QQUSO,No,3009.0,1,0.5260238351465084,0,0.4540540540540541,0,0.38540681063913207,1,False
7973-DZRKH,No,545.7,0,0.023562905077236705,0,0.021970705725699067,0,0.1929561515178118,0,False
7698-YFGEZ,No,1420.0,0,0.16146509597094716,0,0.3706896551724138,0,0.15853021716418556,0,False
9773-PEQBZ,No,4950.7,0,0.46743653110071903,1,0.7912621359223301,0,0.41176597913202995,1,False
0650-BWOZN,No,3971.7,0,0.4560565835405679,1,0.5551470588235294,0,0.4132838091661759,1,False
7785-RDVIG,No,1331.7,0,0.12663481541559557,0,0.1111111111111111,0,0.11461272255625975,0,False
9602-WCXPI,No,443.3,0,0.011332318614967262,0,0.021970705725699067,0,0.09176553937043465,0,False
2903-YYTBW,No,3163.05,0,0.303208866533584,0,0.43157894736842106,0,0.3816277573900544,0,False
3620-MWJNE,No,3811.5,0,0.21050558262887933,0,0.3939393939393939,0,0.2932962837800628,0,False
8573-JGCZW,No,1080.75,0,0.06994650440592984,0,0.021970705725699067,0,0.11706129158348796,0,False
6837-HAEVO,No,315.0,0,0.10875083590803916,0,0.06711409395973154,0,0.273921393942668,0,False
6701-YVNQG,No,88.7,0,0.015854707515425854,0,0.021970705725699067,0,0.13445768234055075,0,False
4304-XUMGI,No,1653.3000000000002,0,0.02888069823628376,0,0.021970705725699067,0,0.16915614559405917,0,False
9504-YAZWB,No,384.75,0,0.005651176499459074,0,0.021970705725699067,0,0.08785789415932763,0,False
8819-ZBYNA,No,1527.4,0,0.06907896468905683,0,0.06711409395973154,0,0.18557336543053513,0,False
6174-NRBTZ,No,799.5,0,0.05385414548409206,0,0.021970705725699067,0,0.2217065686217688,0,False
9481-IEBZY,No,112.9,0,0.1647123237662164,0,0.26666666666666666,0,0.2223473794962818,0,False
6137-NICCO,No,6207.3,1,0.6195161720914198,1,0.7912621359223301,0,0.3502967725519749,2,False
9065-ZCPQX,No,78.85,0,0.008013088669247534,0,0.021970705725699067,0,0.12593557459478602,0,False
6402-EJMWF,No,3760.4,0,0.4650460456029019,0,0.38461538461538464,0,0.3827680051846206,0,False
3620-EHIMZ,No,387.0,0,0.004841247357474719,0,0.021970705725699067,0,0.07415954727839673,0,False
3213-VVOLG,No,1825.2,0,0.07461863627622234,0,0.021970705725699067,0,0.08295182056775112,0,False
6870-ECSHE,No,1431.5,0,0.08666714659256218,0,0.021970705725699067,0,0.11073522937848315,0,False
8747-UDCOI,No,135.45000000000002,0,0.0032470667814716823,0,0.021970705725699067,0,0.07689032982224657,0,False
4626-OZDTJ,No,1651.65,0,0.07182810507221545,0,0.1004566210045662,0,0.2010603355716501,0,False
9169-BSVIN,No,4485.0,0,0.3319662191170404,0,0.1650485436893204,0,0.3279493049233336,0,False
8194-PEEBY,No,955.2,0,0.03030177622021499,0,0.021970705725699067,0,0.08054105975284483,0,False
6872-HXFNF,No,466.8,0,0.02114936910129762,0,0.1004566210045662,0,0.18187631179489547,0,False
7714-YXSMB,No,4623.0,0,0.49229922402408666,0,0.4697986577181208,0,0.38970353973167393,0,False
8387-UGUSU,No,1142.85,0,0.0811566368430296,0,0.11405835543766578,0,0.09765112020633696,0,False
1080-BWSYE,No,205.2,0,0.005615650871788225,0,0.021970705725699067,0,0.07807517279683648,0,False
1194-HVAIF,No,4275.0,0,0.41277457629345804,0,0.4697986577181208,0,0.36035894673188296,0,False
1767-TGTKO,No,2908.8,0,0.3154262082255118,1,0.5242718446601942,0,0.36394645058639624,1,False
8439-LTUGF,No,1240.0,0,0.1476361624067794,0,0.11405835543766578,0,0.13703572411301512,0,False
8805-JNRAZ,No,3444.0,0,0.2965172590405815,0,0.43157894736842106,0,0.33845103242928604,0,False
6418-HNFED,No,1748.25,0,0.021168452366475753,0,0.021970705725699067,0,0.1385558155625192,0,False
0206-OYVOC,No,500.5,0,0.009005186003285114,0,0.021970705725699067,0,0.08942034217846238,0,False
7291-CDTMJ,No,1395.15,0,0.20111432517643713,0,0.3706896551724138,0,0.1701887021187602,0,False
7128-GGCNO,No,1892.8,0,0.2106727219334111,0,0.29533678756476683,0,0.37325737022556404,0,False
0237-YFUTL,No,2412.3,0,0.220173702793882,0,0.4697986577181208,0,0.2332285313405154,0,False
7691-KGKGP,No,1235.0,0,0.04061281710235742,0,0.1650485436893204,0,0.19801047746696937,0,False
6710-HSJRD,No,1255.1,0,0.38027045424582295,0,0.4540540540540541,0,0.3056671811222356,0,False
3675-EQOZA,No,1383.55,0,0.14966942973156327,0,0.11405835543766578,0,0.13121944019044035,0,False
0840-DCNZE,No,2173.75,0,0.04396348930216653,0,0.021970705725699067,0,0.1673097297377129,0,False
1732-FEKLD,No,1705.5,0,0.15971679986869364,0,0.06666666666666667,0,0.28990337967102675,0,False
9862-KJTYK,No,1343.5500000000002,0,0.25524935189858655,0,0.1650485436893204,0,0.32112045084723057,0,False
0479-HMSWA,No,4850.7,0,0.155409872522132,0,0.06711409395973154,0,0.23900807643574068,0,False
5854-KSRBJ,No,50.8,0,0.0031987116653104594,0,0.021970705725699067,0,0.07073039177346435,0,False
0365-BZUWY,No,5640.25,1,0.6050212982890213,1,0.5551470588235294,0,0.38694520474803495,2,False
5701-SVCWR,No,1704.0,0,0.16686482386956442,0,0.1111111111111111,0,0.14256284481772094,0,False
3129-AAQOU,No,1356.8000000000002,0,0.026869689689682254,0,0.021970705725699067,0,0.07369865439163602,0,False
4922-CVPDX,No,3381.0,0,0.08575143498383599,0,0.015384615384615385,0,0.21679998841988138,0,False
1357-BIJKI,No,2161.5,0,0.35166139630212795,0,0.24344569288389514,0,0.3369363266043688,0,False
1099-BTKWT,No,217.6,0,0.06509518691227426,0,0.021970705725699067,0,0.2312681721821524,0,False
2018-PZKMU,No,6495.299999999999,0,0.42076265762357773,1,0.6479591836734694,0,0.32815340284286854,1,False
7340-KEFQE,No,718.2,0,0.009836462427547168,0,0.021970705725699067,0,0.14499447393314188,0,False
4570-QHXHL,No,2756.25,0,0.4336726351714317,1,0.5242718446601942,0,0.40969498539558585,1,False
7392-YYPYJ,No,5032.5,1,0.5806716775083556,1,0.5551470588235294,0,0.4031188745111535,2,False
2223-GDSHL,No,116.05,0,0.04112377792993745,0,0.06711409395973154,0,0.163212715149915,0,False
9470-RTWDV,No,3772.0,0,0.1297115148177457,0,0.1004566210045662,0,0.20011028866404879,0,False
2176-OSJUV,No,65.15,0,0.005513872013836747,0,0.021970705725699067,0,0.13561631791874687,0,False
9348-YVOMK,No,3046.4,0,0.31063095832416865,0,0.38461538461538464,0,0.38741871658491045,0,False
8104-OSKWT,No,4788.0,0,0.4736711282415728,1,0.7912621359223301,0,0.4111105605286622,1,False
4521-YEEHE,No,4797.9,1,0.5025823268347227,1,0.5551470588235294,0,0.3736498564090895,2,False
4090-KPJIP,No,5171.55,1,0.7471365560457486,1,0.6363636363636364,0,0.48727846518082196,2,False
3786-WOVKF,No,106.85,0,0.1200059540860461,0,0.0,0,0.2506269756269177,0,False
2592-HODOV,No,1138.7,0,0.05416408564958167,0,0.021970705725699067,0,0.09485307907407022,0,False
7995-ZHHNZ,No,1683.0,0,0.04174174188263651,0,0.021970705725699067,0,0.19740420083076418,0,False
3824-RHKVR,No,1083.5,0,0.08391832372060164,0,0.11405835543766578,0,0.11401365082905093,0,False
5816-SCGFC,No,3334.5,0,0.29858622319753775,0,0.1650485436893204,0,0.35178847287075343,0,False
5989-AXPUC,No,474.4,0,0.039461626964921656,0,0.06711409395973154,0,0.15987135489384463,0,False
4979-HPRFL,No,386.4,0,0.0055191149715748565,0,0.021970705725699067,0,0.06803697455209477,0,False
8590-OHDIW,No,690.2,0,0.016732574975145645,0,0.021970705725699067,0,0.08115153184971909,0,False
8015-IHCGW,No,115.5,0,0.05979861485275407,0,0.06711409395973154,0,0.1893737109326829,0,False
2332-TODQS,No,601.2,0,0.016989996761520826,0,0.021970705725699067,0,0.09137848348827324,0,False
9278-VZKCD,No,2182.0,0,0.4485164856280195,0,0.25,0,0.32000738360233333,0,False
8008-OTEZX,No,727.05,0,0.01895139447740242,0,0.021970705725699067,0,0.08115153184971909,0,False
2773-OVBPK,No,556.5,0,0.07765618289615506,0,0.06711409395973154,0,0.211473929889132,0,False
5999-LCXAO,No,2122.9,0,0.2999123699575844,0,0.43157894736842106,0,0.3205430700426409,0,False
5206-XZZQI,No,1531.4,0,0.14079708893837084,0,0.08108108108108109,0,0.2953864725115292,0,False
4803-LBYPN,No,790.4,0,0.038612833077963864,0,0.11405835543766578,0,0.09415934183599668,0,False
2139-FQHLM,No,4767.35,0,0.3654426640508981,0,0.29533678756476683,0,0.3055645277608343,0,False
8261-GWDBQ,No,1392.6,0,0.07182234532124886,0,0.06711409395973154,0,0.18314875677194933,0,False
1093-YSWCA,No,1192.55,0,0.03250453776138465,0,0.021970705725699067,0,0.08946687580952933,0,False
3882-IYOIJ,No,1383.0,0,0.034714775196537886,0,0.06711409395973154,0,0.14399755873421738,0,False
8749-TZYEC,No,24.8,0,0.0034316022518148205,0,0.021970705725699067,0,0.07293458238606708,0,False
1755-FZQEC,No,656.6999999999999,0,0.020061215563906536,0,0.021970705725699067,0,0.09307528352667321,0,False
3115-JPJDD,No,1056.25,0,0.06285946296926091,0,0.021970705725699067,0,0.24221831387116702,0,False
5600-KTXFM,No,4896.5,0,0.38816968698856796,0,0.45535714285714285,0,0.37587690306151755,0,False
6339-TBELP,No,86.4,0,0.037404667311930276,0,0.015384615384615385,0,0.24221306766925355,0,False
7964-YESJC,No,3182.4,0,0.12431430505798798,0,0.11405835543766578,0,0.2111901799126737,0,False
6173-GOLSU,No,473.25,0,0.3533305526760195,0,0.26666666666666666,0,0.38353294314616315,0,False
9938-ZREHM,No,2523.5,0,0.06397111502592152,0,0.375,0,0.19209470979657584,0,False
7950-XWOVN,No,2116.7000000000003,0,0.2715476830881392,0,0.1650485436893204,0,0.29018875754162277,0,False
4647-MUZON,No,5181.3,1,0.5947771066819549,0,0.4697986577181208,0,0.3625126403938303,1,False
9702-AIUJO,No,985.6,0,0.03814235727519078,0,0.1004566210045662,0,0.25019941515061783,0,False
8849-PRIQJ,No,547.0,0,0.11616894462085395,0,0.24344569288389514,0,0.22446771068455618,0,False
8851-RAGOV,No,3339.35,0,0.12407633559426454,0,0.11405835543766578,0,0.1963038272537376,0,False
5396-IZEPB,No,1241.1,0,0.11481576666338253,0,0.11405835543766578,0,0.11664298793116658,0,False
1729-VLAZJ,No,2495.5,0,0.08372009414858289,0,0.021970705725699067,0,0.16568907946055,0,False
8285-ABVLB,No,39.7,0,0.002476036411244515,0,0.021970705725699067,0,0.07655714463428889,0,False
0701-TJSEF,No,4299.75,0,0.23126087709612062,0,0.11405835543766578,0,0.26372913363303047,0,False
5712-VBOXD,No,1370.1999999999998,0,0.17557902102506803,0,0.11405835543766578,0,0.14148870825375504,0,False
6629-LADHQ,No,3566.5,0,0.2056612490506878,0,0.43157894736842106,0,0.3092713078245764,0,False
1559-DTODC,No,1332.9499999999998,0,0.3620610753402197,0,0.1650485436893204,0,0.34779272921608323,0,False
4797-MIWUM,No,1316.25,0,0.14205992651271673,0,0.11405835543766578,0,0.11619407513339183,0,False
8720-RQSBJ,No,3124.0,0,0.37022224118997527,1,0.6666666666666666,0,0.4206452990904468,1,False
4537-CIBHB,No,1275.75,0,0.057955276245405876,0,0.021970705725699067,0,0.08708110090610335,0,False
4324-AHJKS,No,3738.6,0,0.17327439661446617,0,0.11405835543766578,0,0.2794129309821909,0,False
4355-CVPVS,No,1422.4,0,0.10517926285717838,0,0.1004566210045662,0,0.27398038652841605,0,False
4495-LHSSK,No,3113.1,0,0.13632347360423483,0,0.11405835543766578,0,0.24519931026470554,0,False
5915-ANOEI,No,158.3,0,0.008885940724576134,0,0.021970705725699067,0,0.13050631794148912,0,False
9861-PDSZP,No,108.05,0,0.06388689873224601,0,0.06711409395973154,0,0.219239931171473,0,False
7225-CBZPL,No,5214.0,1,0.6616125141325379,1,0.5551470588235294,0,0.4455733476074633,2,False
6704-UTUKK,No,1973.7,0,0.4992103855730257,0,0.16666666666666666,0,0.3541165478276171,0,False
2019-HDCZY,No,923.4,0,0.13003081636256156,0,0.06711409395973154,0,0.2919399443663356,0,False
8788-DOXSU,No,797.5500000000001,0,0.047269290956532865,0,0.1004566210045662,0,0.2533210686786329,0,False
7404-JLKQG,No,3970.95,0,0.45206635820281654,0,0.43157894736842106,0,0.3740382871338748,0,False
7421-ZLUPA,No,1872.0,0,0.3611452444499808,0,0.38461538461538464,0,0.3463724387590256,0,False
3274-NSDWE,No,78.4,0,0.00273676115433562,0,0.021970705725699067,0,0.0848314042176721,0,False
2632-IVXVF,No,447.0,0,0.03197685294428146,0,0.06711409395973154,0,0.16006634675619286,0,False
3692-JHONH,No,2130.0,0,0.30358254499636506,0,0.24344569288389514,0,0.3272787023631689,0,False
8915-NNTRC,No,107.7,0,0.040399495859033796,0,0.06711409395973154,0,0.16845581934922105,0,False
5914-GXMDA,No,772.0,0,0.026780853897123428,0,0.021970705725699067,0,0.08748227581972952,0,False
7463-IFMQU,No,20.05,0,0.0023466113987361177,0,0.021970705725699067,0,0.07597686911343816,0,False
2920-RNCEZ,No,4966.45,0,0.44887433446223535,0,0.5,0,0.42493891929853966,0,False
2541-YGPKE,No,1911.0,0,0.02540653799768196,0,0.021970705725699067,0,0.15431259546040288,0,False
5382-TEMLV,No,1374.3,0,0.07364462862067675,0,0.11405835543766578,0,0.2806790144172147,0,False
3441-CGZJH,No,1751.6,0,0.062209762050090815,0,0.021970705725699067,0,0.14981288386771532,0,False
9592-ERDKV,No,2773.75,0,0.09167169465878897,0,0.021970705725699067,0,0.19899283335690618,0,False
4778-IZARL,No,990.9,0,0.041303283162380064,0,0.06711409395973154,0,0.16706344772064496,0,False
0432-CAJZV,No,6258.3,1,0.6422930726537466,1,0.6479591836734694,0,0.4199438588885247,2,False
7008-LZVOZ,No,151.8,0,0.004998433193999613,0,0.021970705725699067,0,0.0834602170909592,0,False
1200-TUZHR,No,5452.8,1,0.5878234986180805,1,0.7912621359223301,0,0.45260770836139336,2,False
9365-CSLBQ,No,24.35,0,0.002963809930758961,0,0.021970705725699067,0,0.08000733825698278,0,False
5884-FBCTL,No,25.1,0,0.0027002015213930114,0,0.021970705725699067,0,0.06769842894376839,0,False
7130-CTCUS,No,3054.8,0,0.20883847144355414,0,0.11405835543766578,0,0.2626311563356653,0,False
6242-FEGFD,No,579.5999999999999,0,0.02183908690433928,0,0.06711409395973154,0,0.15920435598569338,0,False
6194-HBGQN,No,1704.15,0,0.039328114452918166,0,0.021970705725699067,0,0.16317315550159373,0,False
7634-WSWDB,No,2464.0,0,0.3807538829700796,1,0.5242718446601942,0,0.31605958957376545,1,False
6986-IXNDM,No,5388.200000000001,1,0.5861265678460925,1,0.5551470588235294,0,0.4575410789200564,2,False
2987-BJXIK,No,169.4,0,0.017032610647482866,0,0.021970705725699067,0,0.17046146647840815,0,False
9769-TSBZE,No,132.0,0,0.006651455725580634,0,0.021970705725699067,0,0.16214763216428,0,False
1395-WSWXR,No,996.0,0,0.020266678068869864,0,0.021970705725699067,0,0.08618919778585399,0,False
6023-GSSXW,No,184.35,0,0.01535306707404874,0,0.015384615384615385,0,0.22471071625401362,0,False
6752-APNJL,No,1635.0,0,0.04610364136622341,0,0.11405835543766578,0,0.20122310954321712,0,False
0420-HLGXF,No,3291.75,1,0.5331000473797631,0,0.4540540540540541,0,0.4395567827841587,1,False
7446-KQISO,No,2963.25,0,0.10215211744690815,0,0.06711409395973154,0,0.20360861230801497,0,False
9823-EALYC,No,80.85,0,0.008771210716623061,0,0.021970705725699067,0,0.12898427805655913,0,False
0582-AVCLN,No,690.2,0,0.010846712839941814,0,0.021970705725699067,0,0.0864010835280984,0,False
5803-NQJZO,No,67.8,0,0.007745392535319931,0,0.021970705725699067,0,0.13393051649004994,0,False
2607-DHDAK,No,19.8,0,0.0026897794141992246,0,0.021970705725699067,0,0.08367465685317946,0,False
1073-XXCZD,No,436.9,0,0.007204500249361126,0,0.021970705725699067,0,0.07332310923226242,0,False
0743-HRVFF,No,1179.15,0,0.1046699171624577,0,0.1004566210045662,0,0.2054933254153033,0,False
4006-HKYHO,No,780.3000000000001,0,0.014344397223426683,0,0.021970705725699067,0,0.1523798251095433,0,False
3727-JEZTU,No,1448.4,0,0.1578345136812481,0,0.3706896551724138,0,0.15566206598017007,0,False
8143-ETQTI,No,962.85,0,0.02426921823747641,0,0.021970705725699067,0,0.08916251894119476,0,False
9667-TKTVZ,No,3804.5,0,0.32399260292369253,0,0.3939393939393939,0,0.33116133493924704,0,False
3657-COGMW,No,2162.0,0,0.23031840014695154,0,0.26666666666666666,0,0.2766906762693957,0,False
8570-KLJYJ,No,1960.2,0,0.05572386818772446,0,0.021970705725699067,0,0.21105392425949393,0,False
7754-IXRMC,No,3219.85,0,0.2778557770771691,0,0.43157894736842106,0,0.3861706699739138,0,False
9473-CBZOP,No,2596.0,0,0.07393920089135275,0,0.021970705725699067,0,0.19598420433815747,0,False
2969-WGHQO,No,4514.25,0,0.1333914045862651,0,0.021970705725699067,0,0.2108104631006518,0,False
4334-HOWRP,No,64.95,0,0.01647829878227194,0,0.021970705725699067,0,0.1362698767193568,0,False
5863-OOKCL,No,1168.7,0,0.13033268127388228,0,0.11405835543766578,0,0.12082506048774404,0,False
1686-STUHN,No,594.0,0,0.01655752675049605,0,0.021970705725699067,0,0.0919461324030804,0,False
1329-VHWNP,No,1628.25,0,0.31806038632424943,0,0.38461538461538464,0,0.34514121474743675,0,False
0266-GMEAO,No,114.3,0,0.03757848204597809,0,0.06711409395973154,0,0.15608898482394634,0,False
5574-NXZIU,No,982.8,0,0.03178150028902728,0,0.06711409395973154,0,0.16923413997580447,0,False
0019-GFNTW,No,720.8,0,0.00890784312567493,0,0.021970705725699067,0,0.13437477810574355,0,False
4256-ZWTZI,No,3417.0,0,0.25642814458181595,0,0.38461538461538464,0,0.3185052967460914,0,False
8309-PPCED,No,110.45,0,0.06675263570503227,0,0.06711409395973154,0,0.20846586478417364,0,False
4098-NAUKP,No,338.6,0,0.1937575637965341,0,0.4540540540540541,0,0.354004569467246,0,False
5196-WPYOW,No,300.25,0,0.00699958835794359,0,0.021970705725699067,0,0.1416179032096517,0,False
4608-LCIMN,No,2857.6,0,0.19878969611584463,0,0.1650485436893204,0,0.29766472660093984,0,False
1485-YDHMM,No,1865.0,0,0.186993590301976,0,0.08108108108108109,0,0.25487190970032164,0,False
4054-CUMIA,No,1093.5,0,0.09988060052377197,0,0.11405835543766578,0,0.11803970531866441,0,False
0603-TPMIB,No,330.85,0,0.0050246078203399665,0,0.021970705725699067,0,0.07113557331375972,0,False
2525-GVKQU,No,247.2,0,0.004079275799917817,0,0.021970705725699067,0,0.08750197717142036,0,False
8161-QYMTT,No,6116.5,1,0.8167969319938828,1,0.7912621359223301,0,0.4807242734555347,2,False
9581-GVBXT,No,452.4,0,0.019642816579029124,0,0.021970705725699067,0,0.1647955724119356,0,False
5862-BRIXZ,No,1579.5,0,0.04045913814385951,0,0.021970705725699067,0,0.16489237023917874,0,False
5404-GGUKR,No,3440.4500000000003,0,0.346642012637429,0,0.1111111111111111,0,0.37813825521892164,0,False
3308-JSGML,No,832.65,0,0.02963023019752828,0,0.021970705725699067,0,0.15102446370381764,0,False
2126-GSEGL,No,169.6,0,0.02377588159668546,0,0.015384615384615385,0,0.17085922401266732,0,False
0440-QEXBZ,No,1404.2,0,0.15858382492066564,0,0.1650485436893204,0,0.3439900175859954,0,False
2434-EEVDB,No,756.8,0,0.05845676575867778,0,0.06711409395973154,0,0.22965998965978185,0,False
6762-QVYJO,No,836.5,0,0.016186662614074167,0,0.021970705725699067,0,0.12947948362843517,0,False
6199-IWKGC,No,2606.5,0,0.23853549116989656,0,0.24344569288389514,0,0.2972760706553511,0,False
2675-DHUTR,No,1384.6,0,0.40536005696409627,0,0.4540540540540541,0,0.394020165199997,0,False
8152-VETUR,No,97.7,0,0.08018874640082081,0,0.06711409395973154,0,0.27011598065668363,0,False
7446-YPODE,No,3675.25,0,0.19331774419941447,0,0.11405835543766578,0,0.2573393329629992,0,False
9522-BNTHX,No,2137.5,0,0.34834053660234454,0,0.2926829268292683,0,0.3345758456753407,0,False
4676-WLUHT,No,831.6,0,0.01831787204077267,0,0.021970705725699067,0,0.18035625422696067,0,False
7980-MHFLQ,No,24.9,0,0.0028959256848231627,0,0.021970705725699067,0,0.07113557331375972,0,False
0757-WCUUZ,No,1140.3,0,0.02399567504435103,0,0.015384615384615385,0,0.19494415399563564,0,False
1629-DQQVB,No,2905.8,0,0.15952762035519968,0,0.11405835543766578,0,0.2720957249436848,0,False
0374-AACSZ,No,3560.65,0,0.26166621676305185,0,0.43157894736842106,0,0.3561194836273965,0,False
4872-VXRIL,No,1034.4,0,0.02433273545609855,0,0.021970705725699067,0,0.16851430195332054,0,False
9140-CZQZZ,No,318.4,0,0.012593632986611588,0,0.021970705725699067,0,0.14983095184816325,0,False
3423-HHXAO,No,1131.0,0,0.06344912100901957,0,0.021970705725699067,0,0.10346266680597244,0,False
9938-TKDGL,No,398.2,0,0.04778397564549014,0,0.06711409395973154,0,0.22656153312565874,0,False
0531-ZZJWQ,No,1258.0,0,0.38613337301262507,0,0.4540540540540541,0,0.43198485879421455,0,False
6537-QLGEX,No,2178.4,0,0.3620069682392563,1,0.5242718446601942,0,0.33914408284375974,1,False
2688-BHGOG,No,5011.65,1,0.6012313521947574,1,0.6479591836734694,0,0.47742984480889894,2,False
3160-TYXLT,No,879.6999999999999,0,0.09388545830908479,0,0.11405835543766578,0,0.24709660690568325,0,False
1325-USMEC,No,198.7,0,0.047197075066443106,0,0.06711409395973154,0,0.20961511996302473,0,False
0916-QOFDP,No,5556.4,1,0.6298911719216101,1,0.5551470588235294,0,0.4180457103202319,2,False
5606-AMZBO,No,4845.3,1,0.5124610312933334,1,0.6363636363636364,0,0.3569382107773339,2,False
6199-IPCAO,No,1122.3,0,0.017490197735193856,0,0.021970705725699067,0,0.07102749874920336,0,False
5640-CAXOA,No,1694.7,0,0.12188708155372471,0,0.1004566210045662,0,0.230713141834345,0,False
2235-EZAIK,No,79.2,0,0.006996667551291963,0,0.021970705725699067,0,0.12638124511928855,0,False
3847-BAERP,No,1295.8,0,0.1767584510670382,0,0.11405835543766578,0,0.13853593165394235,0,False
1453-RZFON,No,3542.9,0,0.1804487249041584,0,0.43157894736842106,0,0.30894667190155817,0,False
8263-OKETD,No,3582.8,0,0.21956543595284328,0,0.1650485436893204,0,0.2600900941834631,0,False
0670-KDOMA,No,1437.75,0,0.20580793076308485,0,0.3706896551724138,0,0.17402927769797866,0,False
2476-YGEFM,No,3268.0,0,0.35957265270037947,0,0.29533678756476683,0,0.3956414201924088,0,False
8687-BAFGU,No,5254.0,0,0.4292061074142163,0,0.0,0,0.41363264141002104,0,False
0641-EVBOJ,No,5678.7,0,0.33551586494323216,1,0.6479591836734694,0,0.3359331392931212,1,False
0829-XXPLX,No,4648.8,0,0.337252416832219,0,0.29533678756476683,0,0.33322780644228817,0,False
9974-JFBHQ,No,793.2,0,0.13941087221046183,0,0.26666666666666666,0,0.2670393944080617,0,False
6624-JDRDS,No,1943.7,0,0.25410531053300706,0,0.11405835543766578,0,0.2952296587515364,0,False
0608-JDVEC,No,435.6,0,0.009497716417897303,0,0.021970705725699067,0,0.08654556018803147,0,False
9780-FKVVF,No,3903.9,0,0.2734649645834828,0,0.11405835543766578,0,0.31531138717577883,0,False
1919-RTPQD,No,2908.75,0,0.2637697599818605,1,0.5242718446601942,0,0.3369502313655445,1,False
5214-NLTIT,No,90.8,0,0.05533830001225174,0,0.015384615384615385,0,0.2565423400578892,0,False
3345-PBBFH,No,3171.2,0,0.26502922301301396,0,0.1650485436893204,0,0.323163514630086,0,False
5055-BRMNE,No,533.5,0,0.03179138836532252,0,0.06711409395973154,0,0.17499912541156315,0,False
2190-PHBHR,No,94.45,0,0.044080571348919705,0,0.06711409395973154,0,0.22126639444589524,0,False
2650-GYRYL,No,758.55,0,0.02797308301751587,0,0.021970705725699067,0,0.09649978466383809,0,False
5208-FVQKB,No,135.9,0,0.006034098532471029,0,0.021970705725699067,0,0.13850041383831113,0,False
7184-LRUUR,No,3262.5,0,0.09428528669016291,0,0.1004566210045662,0,0.208812515356268,0,False
6627-CFOSN,No,1292.85,0,0.17805611073890545,0,0.08108108108108109,0,0.28853559404736123,0,False
3982-JGSFD,No,732.6,0,0.030126185199598914,0,0.021970705725699067,0,0.1128280686805658,0,False
1574-DYCWE,No,418.95,0,0.005059560339174693,0,0.021970705725699067,0,0.07384392057292102,0,False
7247-XOZPB,No,1470.6,0,0.029745619935768814,0,0.021970705725699067,0,0.1537324682297446,0,False
2466-FCCPT,No,1024.4,0,0.03332344136758876,0,0.021970705725699067,0,0.08156762279217267,0,False
6211-WWLTF,No,897.3000000000001,0,0.04557497758348982,0,0.06711409395973154,0,0.21129288698454168,0,False
4826-TZEVA,No,2393.6,0,0.17001473845802673,0,0.29533678756476683,0,0.32795783110281834,0,False
6016-NXBNJ,No,708.55,0,0.033638108524891346,0,0.021970705725699067,0,0.11216761302910572,0,False
9138-EFSMO,No,3631.7,0,0.2030362167887532,0,0.1004566210045662,0,0.27142456334087073,0,False
4632-XJMEX,No,1194.15,0,0.0104632042276749,0,0.021970705725699067,0,0.14200456205067297,0,False
8910-LEDAG,No,2718.9,0,0.24368473282034497,0,0.29533678756476683,0,0.36034591949913586,0,False
3452-GWUIN,No,5032.35,1,0.6458527183720142,1,0.5551470588235294,0,0.4426223063834947,2,False
2716-GFZOR,No,2496.9,0,0.15771573808415854,0,0.29533678756476683,0,0.26148855545779326,0,False
3724-UCSHY,No,1290.3,0,0.11620792650402491,0,0.11405835543766578,0,0.10211583432294738,0,False
8626-XHBIE,No,396.8,0,0.008292212502726506,0,0.021970705725699067,0,0.0943681388499332,0,False
3192-LNKRK,No,3193.9,0,0.3088123077133657,0,0.29533678756476683,0,0.3306614456203999,0,False
4439-YRNVD,No,2247.5,0,0.2709693997445779,0,0.2926829268292683,0,0.29771609497567364,0,False
2208-UGTGR,No,1577.6,0,0.31583437168387263,0,0.4540540540540541,0,0.37508280694572654,0,False
3005-TYFRD,No,1762.0500000000002,0,0.31046266240610737,0,0.26666666666666666,0,0.32483223899155145,0,False
8670-MEFCP,No,3344.4,0,0.03500715816515285,0,0.021970705725699067,0,0.1312384879707185,0,False
3079-BCHLN,No,497.5,0,0.013597986595047554,0,0.021970705725699067,0,0.08733565288701013,0,False
7777-UNYHB,No,1206.0,0,0.114134766595013,0,0.11405835543766578,0,0.1141003555815497,0,False
7278-CKDNC,No,3864.0,1,0.6067553871160166,1,0.5551470588235294,0,0.41103115903361576,2,False
8450-UYIBU,No,1474.45,0,0.3183084508781935,0,0.16666666666666666,0,0.36720251764909223,0,False
2969-VAPYH,No,302.5,0,0.007453353479577607,0,0.021970705725699067,0,0.15958279080821924,0,False
7181-OQCUT,No,5296.349999999999,0,0.4872675252031229,0,0.4697986577181208,0,0.31469588396569564,0,False
8474-UMLNT,No,4000.2,0,0.12087527858812065,0,0.11405835543766578,0,0.21084144504385546,0,False
3836-FZSDJ,No,24.85,0,0.004323798493955504,0,0.021970705725699067,0,0.07731573369067549,0,False
9142-XMYJH,No,832.0500000000001,0,0.055798760525377265,0,0.11405835543766578,0,0.11306427147137198,0,False
0187-QSXOE,No,5785.0,1,0.6639214398574358,1,0.6479591836734694,0,0.4699510500955896,2,False
7733-UDMTP,No,825.0,0,0.24832826718577178,0,0.2926829268292683,0,0.3363593041043009,0,False
2649-HWLYB,No,533.0500000000001,0,0.011026271013976553,0,0.021970705725699067,0,0.14048196397923676,0,False
5214-CHIWJ,No,913.5,0,0.03332678262077299,0,0.021970705725699067,0,0.09222496310671238,0,False
6904-JLBGY,No,117.35,0,0.052697566862919897,0,0.06711409395973154,0,0.19378291640866213,0,False
2465-BLLEU,No,1402.25,0,0.21030878006735032,0,0.3706896551724138,0,0.1770440837029815,0,False
1685-VAYJF,No,2757.2000000000003,0,0.2070518965189365,0,0.1650485436893204,0,0.32613314091603224,0,False
8874-EJNSR,No,831.6,0,0.01201756630238868,0,0.021970705725699067,0,0.07103393337052416,0,False
6917-YACBP,No,1166.75,0,0.21513815512628656,0,0.25,0,0.33653095872445576,0,False
5049-MUBWG,No,3450.0,0,0.06978025528113024,0,0.021970705725699067,0,0.1800144659922229,0,False
4223-WOZCM,No,3496.5,0,0.3612161697218626,1,0.6666666666666666,0,0.3611382653049071,1,False
0769-MURVM,No,65.7,0,0.007908906698036714,0,0.021970705725699067,0,0.11601148689843133,0,False
9253-VIFJQ,No,469.35,0,0.0168103794955456,0,0.021970705725699067,0,0.16858608060993127,0,False
7030-FZTFM,No,110.9,0,0.03792937608598143,0,0.06711409395973154,0,0.177563189376092,0,False
9741-YLNTD,No,5804.7,1,0.6281250934055465,1,0.7912621359223301,0,0.384839209544781,2,False
5917-RYRMG,No,792.0,0,0.028896058087116663,0,0.021970705725699067,0,0.09228064280529116,0,False
5120-ZBLAI,No,1665.4,0,0.08277831440255078,0,0.1004566210045662,0,0.23214913924100988,0,False
1194-BHJYC,No,683.65,0,0.025778562946417765,0,0.021970705725699067,0,0.14867584895358252,0,False
0906-QVPMS,No,115.15,0,0.035377955470223675,0,0.06711409395973154,0,0.15797613918123207,0,False
1905-OEILC,No,1384.5,0,0.1591804003647974,0,0.3706896551724138,0,0.15842835616530265,0,False
7858-GTZSP,No,5193.0,1,0.6044546461884294,1,0.7912621359223301,0,0.46472740147411457,2,False
6248-BSHKG,No,224.4,0,0.006279303891573078,0,0.021970705725699067,0,0.08046635137082482,0,False
4685-TFLLS,No,1069.2,0,0.036932482227415256,0,0.021970705725699067,0,0.08115296035298275,0,False
3470-BTGQO,No,2328.15,0,0.14095755466411902,0,0.1650485436893204,0,0.29460124092310286,0,False
1209-VFFOC,No,225.6,0,0.010481219738141916,0,0.021970705725699067,0,0.1215889687994556,0,False
8224-DWCKX,No,4398.0,1,0.5069758513598228,1,0.6363636363636364,0,0.4270242225585349,2,False
4553-DVPZG,No,1013.5,0,0.3683175638456189,0,0.4540540540540541,0,0.40615101035571644,0,False
6917-IAYHD,No,2385.6,0,0.2488763400624168,0,0.3939393939393939,0,0.29483992894571576,0,False
8620-RJPZN,No,1469.7,0,0.23308772927936722,0,0.3706896551724138,0,0.16846425672775567,0,False
7572-KPVKK,No,1040.5,0,0.1185453974382033,0,0.06711409395973154,0,0.2699227403426591,0,False
2642-MAWLJ,No,729.0,0,0.009014153924512705,0,0.021970705725699067,0,0.07097791258380093,0,False
7103-ZGVNT,No,221.1,0,0.01142750070489128,0,0.021970705725699067,0,0.13873932674782963,0,False
2027-WKXMW,No,978.75,0,0.2916833289173928,0,0.4540540540540541,0,0.30471682392080546,0,False
7137-NAXML,No,987.35,0,0.036267128747613696,0,0.021970705725699067,0,0.09231904315678588,0,False
2428-ZMCTB,No,1224.5,0,0.12239880285420547,0,0.11405835543766578,0,0.11735172361430263,0,False
2961-VNFKL,No,25.95,0,0.004923219975481683,0,0.021970705725699067,0,0.08730298362143309,0,False
1768-HNVGJ,No,1891.35,0,0.14563302776781173,0,0.16666666666666666,0,0.27383940948976077,0,False
6963-KQYQB,No,48.1,0,0.0031655451175885553,0,0.021970705725699067,0,0.07079701496395623,0,False
5934-RMPOV,No,4237.5,0,0.4962572306575893,1,0.5551470588235294,0,0.41557027122793877,1,False
1207-BLKSA,No,461.0,0,0.006864154665837228,0,0.021970705725699067,0,0.07150264611325484,0,False
8316-BBQAY,No,419.65,0,0.01382622997847534,0,0.021970705725699067,0,0.14689497042987545,0,False
1166-PQLGG,No,19.55,0,0.0018883590673892737,0,0.021970705725699067,0,0.07105108331550823,0,False
3146-JTQHR,No,1215.2,0,0.06328676201842103,0,0.021970705725699067,0,0.09508382485911929,0,False
4291-YZODP,No,1303.25,0,0.05819560997156364,0,0.021970705725699067,0,0.09593226393175502,0,False
4395-PZMSN,No,5731.849999999999,1,0.5914619036511244,1,0.6479591836734694,0,0.441494125762614,2,False
6427-FEFIG,No,3772.8,0,0.05596293398906464,0,0.021970705725699067,0,0.1621044690855079,0,False
0017-IUDMW,No,116.8,0,0.03964431837548284,0,0.06711409395973154,0,0.15801984764967186,0,False
8706-HRADD,No,2221.05,0,0.21990846730964145,0,0.11405835543766578,0,0.24814168220075428,0,False
9955-QOPOY,No,182.4,0,0.042463280340853365,0,0.1004566210045662,0,0.18063479649689868,0,False
4385-ZKVNW,No,1537.2,0,0.06070843670864525,0,0.1650485436893204,0,0.21604627345084848,0,False
5446-DKWYW,No,717.2,0,0.08397178658416245,0,0.1004566210045662,0,0.2673963997393487,0,False
9031-ZVQPT,No,108.2,0,0.0957712787776039,0,0.06711409395973154,0,0.24371512190851416,0,False
2990-IAJSV,No,92.0,0,0.011262946544232006,0,0.021970705725699067,0,0.13649004179511431,0,False
8107-KNCIM,No,4355.799999999999,1,0.5784425893337086,1,0.5551470588235294,0,0.45734614545502966,2,False
9027-YFHQJ,No,1628.25,0,0.2045350539804853,0,0.11405835543766578,0,0.14175758811697783,0,False
5176-LDKUH,No,1803.6,0,0.11412387377941305,0,0.1004566210045662,0,0.3104807059935035,0,False
4644-OBGFZ,No,331.5,0,0.00808269620105097,0,0.021970705725699067,0,0.08046635137082482,0,False
7926-IJOOU,No,1370.3,0,0.1516005888130044,0,0.3706896551724138,0,0.14401806498943656,0,False
6480-YAGIY,No,3029.4,0,0.08130277093588412,0,0.24344569288389514,0,0.1861749347354757,0,False
4029-HPFVY,No,4850.7,1,0.6194593851323075,0,0.45535714285714285,0,0.4483539473727487,1,False
7602-DBTOU,No,19.6,0,0.0026524029840185493,0,0.021970705725699067,0,0.07774887236786858,0,False
5345-BMKWB,No,1296.0,0,0.12944822099636705,0,0.11405835543766578,0,0.11258145709442136,0,False
5457-COLHT,No,241.95,0,0.006777423868404708,0,0.021970705725699067,0,0.13082519372380597,0,False
5451-YHYPW,No,115.75,0,0.05483650378189248,0,0.06711409395973154,0,0.1770118668480251,0,False
7998-WNZEM,No,80.6,0,0.00801418671431425,0,0.021970705725699067,0,0.13710526386365696,0,False
4664-NJCMS,No,2322.45,0,0.044189011493445805,0,0.021970705725699067,0,0.1402243081257863,0,False
0307-BCOPK,No,1066.8,0,0.053886804733041534,0,0.021970705725699067,0,0.09548010021746495,0,False
7629-WFGLW,No,1530.4,0,0.07874004784776499,0,0.06666666666666667,0,0.21203280394885746,0,False
2542-HYGIQ,No,1416.45,0,0.1477743089044526,0,0.3706896551724138,0,0.14712707102757863,0,False
5016-LIPDW,No,291.0,0,0.007410942414961657,0,0.021970705725699067,0,0.08013727474999968,0,False
6481-LXPWL,No,577.6,0,0.03674851744371707,0,0.1004566210045662,0,0.2078657809526475,0,False
6124-ACRHJ,No,1402.25,0,0.15880598593830328,0,0.3706896551724138,0,0.156387433593207,0,False
9362-MWODR,No,2051.2,0,0.06544194276556034,0,0.11405835543766578,0,0.218471713330611,0,False
9975-GPKZU,No,513.5,0,0.005791385144350514,0,0.021970705725699067,0,0.07115521621328555,0,False
9625-RZFUK,No,177.29999999999998,0,0.0030625599904656672,0,0.021970705725699067,0,0.07320581422485135,0,False
5153-LXKDT,No,440.8,0,0.08118508876363403,0,0.06711409395973154,0,0.2309235405154978,0,False
5161-UBZXI,No,319.04999999999995,0,0.028698328793302173,0,0.06711409395973154,0,0.169571699343588,0,False
1020-JPQOW,No,1448.8,0,0.1643151997196446,0,0.4540540540540541,0,0.27948291071712217,0,False
7919-ZODZZ,No,4085.8,0,0.18009787307942338,0,0.375,0,0.25122900328344566,0,False
0565-JUPYD,No,940.5,0,0.05351967397356614,0,0.06666666666666667,0,0.18152893262138106,0,False
6867-ACCZI,No,2520.0,0,0.04864882157721457,0,0.021970705725699067,0,0.1361342027878353,0,False
5939-XAIXZ,No,2973.3,0,0.26763515563916224,0,0.1650485436893204,0,0.34626372008113276,0,False
9054-FOWNV,No,4437.5,1,0.625004984228369,1,0.5551470588235294,0,0.386822770095517,2,False
8207-VVMYB,No,52.0,0,0.005542651124401474,0,0.021970705725699067,0,0.08813341636848206,0,False
9732-EQMWY,No,2286.2000000000003,0,0.29492894572787204,0,0.4540540540540541,0,0.33789700811325124,0,False
5269-NRGDP,No,2194.5,0,0.06868274963296957,0,0.1004566210045662,0,0.19734201666834267,0,False
6195-MELTI,No,819.75,0,0.025595804850260192,0,0.13043478260869565,0,0.21180853770835154,0,False
2121-JAFOM,No,115.55,0,0.046935084497453115,0,0.06711409395973154,0,0.1684927913627997,0,False
8818-DOPVL,No,2715.7000000000003,1,0.5824527217539064,0,0.4540540540540541,0,0.3977171852287453,1,False
1227-UDMZR,No,91.15,0,0.016377141444908455,0,0.021970705725699067,0,0.13632533630662738,0,False
5198-HQAEN,No,3318.9,0,0.173941273375677,0,0.1004566210045662,0,0.254963527540017,0,False
2167-FQSTQ,No,92.4,0,0.02382634345598005,0,0.021970705725699067,0,0.16103204687058448,0,False
2819-GWENI,No,875.5999999999999,0,0.02529353284424437,0,0.021970705725699067,0,0.08048067327941487,0,False
3572-UUHRS,No,508.9500000000001,0,0.014622229586313361,0,0.021970705725699067,0,0.09196909796747815,0,False
2692-PFYTJ,No,1828.25,0,0.29856373785873364,0,0.1111111111111111,0,0.17293953200205395,0,False
5955-EPOAZ,No,1382.7,0,0.17499671767247346,0,0.11405835543766578,0,0.13952947927804094,0,False
6821-JPCDC,No,2329.2,0,0.24215855108798845,0,0.24344569288389514,0,0.3098881685970461,0,False
8815-LMFLX,No,1193.8,0,0.0950362320049968,0,0.11405835543766578,0,0.11119745194633585,0,False
9135-HSWOC,No,157.6,0,0.0039626406025753584,0,0.021970705725699067,0,0.08291849145784927,0,False
8582-KRHPJ,No,770.0,0,0.08828943925353384,0,0.11405835543766578,0,0.24706440458077294,0,False
5811-IWXYM,No,2025.0,0,0.15258971391807205,0,0.24344569288389514,0,0.26313407440163716,0,False
7044-YAACC,No,4773.6,1,0.5872808988518725,0,0.45535714285714285,0,0.4695036393872294,1,False
8189-XRIKE,No,3638.0,0,0.4301695095285389,1,0.5551470588235294,0,0.41783032746838034,1,False
1506-YJTYT,No,1993.95,0,0.014485796802852922,0,0.021970705725699067,0,0.1300180834543708,0,False
4123-DVHPH,No,5547.15,1,0.5561657279455895,1,0.7912621359223301,0,0.40377310519055487,2,False
2228-BZDEE,No,361.8,0,0.005431575794954803,0,0.021970705725699067,0,0.08781325130218479,0,False
2789-CZANW,No,882.4,0,0.03228559516539254,0,0.06711409395973154,0,0.15963693746084526,0,False
7596-LDUXP,No,5109.0,0,0.2535669493925782,0,0.021970705725699067,0,0.3104598177589413,0,False
3740-RLMVT,No,304.75,0,0.013904781412295134,0,0.021970705725699067,0,0.16626133818551506,0,False
2192-OZITF,No,1985.85,0,0.021213964746412933,0,0.021970705725699067,0,0.17296281378242856,0,False
5651-CPDND,No,2852.0,0,0.22608389568101134,0,0.1650485436893204,0,0.34026436915689473,0,False
2186-QZEYA,No,2517.65,0,0.15659644991996677,0,0.11405835543766578,0,0.2623864749669808,0,False
1131-ALZWV,No,1180.8000000000002,0,0.048356684600255675,0,0.021970705725699067,0,0.09177656363208314,0,False
7729-XBTWX,No,118.5,0,0.0039004157019046685,0,0.021970705725699067,0,0.0855731697322707,0,False
9134-WYRVP,No,1813.35,0,0.08240022565268784,0,0.021970705725699067,0,0.26066484688570835,0,False
3284-SVCRO,No,688.5,0,0.01135556944593332,0,0.021970705725699067,0,0.0751646316765,0,False
9732-OUYRN,No,437.0,0,0.011851358855216139,0,0.021970705725699067,0,0.08791263558518518,0,False
0559-CKHUS,No,840.65,0,0.023917879446846722,0,0.021970705725699067,0,0.09230311448821339,0,False
2931-SVLTV,No,3523.2,0,0.2286356897021018,0,0.4697986577181208,0,0.20795227170623196,0,False
7504-UWHNB,No,3278.25,0,0.4218086863565514,1,0.5551470588235294,0,0.4055851878986643,1,False
2582-FFFZR,No,2530.0,0,0.4387664685107915,0,0.16666666666666666,0,0.36125539150022584,0,False
8908-NMQTX,No,65.6,0,0.014263452158931015,0,0.021970705725699067,0,0.14734648330120959,0,False
1431-AIDJQ,No,3201.9,0,0.028900302923600716,0,0.015384615384615385,0,0.14662406453948099,0,False
6288-LBEAR,No,3875.9,0,0.26876948943989265,0,0.29533678756476683,0,0.299389629412382,0,False
8413-YNHNV,No,271.95000000000005,0,0.013150501514482825,0,0.021970705725699067,0,0.13893603561406245,0,False
5808-TOTXO,No,1417.95,0,0.09365953149597744,0,0.021970705725699067,0,0.11069789775345625,0,False
4369-NYSCF,No,1212.0,0,0.04745216457126771,0,0.1004566210045662,0,0.20707890178946137,0,False
6333-YDVLT,No,770.0,0,0.10536076736909844,0,0.24344569288389514,0,0.2293315735087176,0,False
5324-KTGCG,No,20.85,0,0.007177957943498233,0,0.021970705725699067,0,0.09762981901052696,0,False
5599-HVLTW,No,4660.299999999999,0,0.48361330651515416,0,0.29533678756476683,0,0.4301448057050067,0,False
7394-LWLYN,No,4910.5,1,0.5618304785056328,0,0.45535714285714285,0,0.4863383916932568,1,False
6873-UDNLD,No,2158.4,0,0.11429391391938586,0,0.16666666666666666,0,0.27209017994955254,0,False
2700-LUEVA,No,1473.25,0,0.1698591046909715,0,0.3706896551724138,0,0.14235554724068647,0,False
0958-YHXGP,No,4543.5,1,0.5813806695813044,0,0.45535714285714285,0,0.43976269473487806,1,False
1101-SSWAG,No,2912.7000000000003,0,0.3593398367256474,1,0.5242718446601942,0,0.37615051905218827,1,False
5743-KHMNA,No,25.55,0,0.0035985910834581227,0,0.021970705725699067,0,0.08290580515664532,0,False
4194-FJARJ,No,1080.0,0,0.008655892411312068,0,0.021970705725699067,0,0.14355772171033374,0,False
5325-UWTWJ,No,3712.55,0,0.21278406460312366,0,0.29533678756476683,0,0.22960295998961652,0,False
3969-GYXEL,No,4660.400000000001,0,0.34506847123744827,0,0.45535714285714285,0,0.37848346917580983,0,False
9208-OLGAQ,No,4587.3,1,0.5295208891690978,1,0.5551470588235294,0,0.43186917301434463,2,False
3244-CQPHU,No,110.1,0,0.0510905806444145,0,0.06711409395973154,0,0.21749403811437187,0,False
2674-MLXMN,No,99.65,0,0.24976419366025346,0,0.26666666666666666,0,0.3574359768842912,0,False
9708-HPXWZ,No,3041.8,0,0.32843183660626796,0,0.38461538461538464,0,0.2908075698981563,0,False
6992-TKNYO,No,2346.0,0,0.06719875049614804,0,0.1004566210045662,0,0.19030448898619018,0,False
4468-YDOVK,No,3259.55,0,0.2526965707772549,0,0.38461538461538464,0,0.3047770789180683,0,False
5792-JALQC,No,1197.0,0,0.018162044065718683,0,0.021970705725699067,0,0.19529909433330483,0,False
2200-DSAAL,No,322.6,0,0.046536556646090625,0,0.015384615384615385,0,0.25946960017455273,0,False
4302-ZYFEL,No,61.650000000000006,0,0.005824552511805946,0,0.021970705725699067,0,0.09640184044104663,0,False
9351-LZYGF,No,1992.0,0,0.06965657688556043,0,0.11405835543766578,0,0.19218043094324622,0,False
4366-CTOUZ,No,2204.4,0,0.08545833403394901,0,0.06711409395973154,0,0.24390052218051142,0,False
1518-OMDIK,No,1737.4499999999998,0,0.14801654010449317,0,0.1650485436893204,0,0.31765093101532293,0,False
6671-NGWON,No,1322.75,0,0.12926404360217456,0,0.11405835543766578,0,0.1217724985020541,0,False
0595-ITUDF,No,734.4,0,0.14920153032435565,0,0.25,0,0.29517276566454376,0,False
1955-IBMMB,No,262.6,0,0.0060510537078994515,0,0.021970705725699067,0,0.0978050206005937,0,False
0096-BXERS,No,3323.1,0,0.4451532412157055,1,0.5242718446601942,0,0.36900968898172004,1,False
3806-YAZOV,No,1297.2,0,0.14998131642690776,0,0.1111111111111111,0,0.13063543603226907,0,False
7998-ZLXWN,No,1165.65,0,0.09174484610546346,0,0.11405835543766578,0,0.10788529202318287,0,False
6253-WRFHY,No,3820.25,0,0.2562102877232541,0,0.1004566210045662,0,0.2901272400353353,0,False
9133-AYJZG,No,4836.3,0,0.480845015572861,0,0.4697986577181208,0,0.35647740099956726,0,False
2675-OTVVJ,No,3667.45,0,0.3755253366810876,1,0.5551470588235294,0,0.3573088887014513,1,False
8680-CGLTP,No,2526.25,0,0.06301640103533779,0,0.021970705725699067,0,0.19638753070607812,0,False
8430-TWCBX,No,476.1,0,0.01197464469488789,0,0.021970705725699067,0,0.08791263558518518,0,False
5018-GWURO,No,1369.6,0,0.27257921248352496,0,0.26666666666666666,0,0.38564951029658784,0,False
6741-QRLUP,No,722.6999999999999,0,0.013890207372228432,0,0.021970705725699067,0,0.14968549825538358,0,False
4737-HOBAX,No,718.1999999999999,0,0.023483828868817717,0,0.015384615384615385,0,0.17165533004414185,0,False
0537-QYZZN,No,3832.8,0,0.3855707112915732,1,0.5551470588235294,0,0.3521946225122694,1,False
3340-QBBFM,No,1947.6,0,0.04610264173486667,0,0.1004566210045662,0,0.2019712007079496,0,False
8200-KLNYW,No,4125.900000000001,0,0.07887500011991011,0,0.021970705725699067,0,0.16759549571071464,0,False
3372-CDXFJ,No,1445.5,0,0.06021601624667516,0,0.021970705725699067,0,0.08072473203200115,0,False
4781-ZXYGU,No,1430.65,0,0.17225613672382373,0,0.3706896551724138,0,0.15337940523233431,0,False
7632-YUTXB,No,942.35,0,0.02963912448311269,0,0.021970705725699067,0,0.08075845105719265,0,False
2718-YSKCS,No,19.6,0,0.002889874041458678,0,0.021970705725699067,0,0.08291849145784927,0,False
9896-UYMIE,No,685.8,0,0.09421270916280344,0,0.24344569288389514,0,0.20979359736869402,0,False
0853-NWIFK,No,2708.1,0,0.19233223165263505,0,0.24344569288389514,0,0.2972828990414736,0,False
8212-CRQXP,No,4000.0,0,0.3996032563490628,0,0.29533678756476683,0,0.37994189372599607,0,False
6980-CDGFC,No,104.25,0,0.007888316655523996,0,0.021970705725699067,0,0.10397082009353294,0,False
7691-XVTZH,No,359.8,0,0.07890237310000461,0,0.015384615384615385,0,0.28668978928201516,0,False
2520-SGTTA,No,1440.0,0,0.05666688474760217,0,0.021970705725699067,0,0.08152143007359502,0,False
2277-VWCNI,No,3315.0,0,0.41898533202930166,0,0.38461538461538464,0,0.38316701172184603,0,False
1088-CNNKB,No,720.0,0,0.019105960490342435,0,0.021970705725699067,0,0.14528171212576055,0,False
1930-BZLHI,No,1037.85,0,0.05911494086210068,0,0.021970705725699067,0,0.11356144488959265,0,False
5868-YTYKS,No,1437.75,0,0.1778287697001425,0,0.3706896551724138,0,0.1612031205771174,0,False
3525-DVKFN,No,1067.0,0,0.027111877236269573,0,0.021970705725699067,0,0.08923902185767457,0,False
1482-OXZSY,No,4216.8,0,0.3964958749018166,0,0.4697986577181208,0,0.34985641636653,0,False
0377-JBKKT,No,2897.5,0,0.09943614185796336,0,0.11405835543766578,0,0.1854694608373121,0,False
5778-BVOFB,No,3748.5,0,0.25840498790094457,0,0.1650485436893204,0,0.320430858745108,0,False
3373-YZZYM,No,1363.2,0,0.13857296022736,0,0.3706896551724138,0,0.14154461286418923,0,False
0228-MAUWC,No,3156.15,0,0.21350157507276696,0,0.16666666666666666,0,0.29411778933766436,0,False
7663-YJHSN,No,103.95,0,0.034300130664992684,0,0.06711409395973154,0,0.17781917069687941,0,False
4915-BFSXL,No,137.9,0,0.009687781872237749,0,0.021970705725699067,0,0.1629014897860518,0,False
3086-RUCRN,No,618.5999999999999,0,0.12161283976410837,0,0.08108108108108109,0,0.24271113326845037,0,False
5215-LNLDJ,No,1605.5,0,0.42089395792965306,1,0.5242718446601942,0,0.3607638248911721,1,False
7576-JMYWV,No,2865.2000000000003,0,0.284735132582696,0,0.25,0,0.25076631758587353,0,False
0257-KXZGU,No,2498.0,0,0.11850951348002757,0,0.1650485436893204,0,0.23235014262224785,0,False
1307-ATKGB,No,4298.4,0,0.4432575351190797,1,0.5551470588235294,0,0.3837930471546213,1,False
3714-XPXBW,No,2761.5,0,0.10535547579547641,0,0.11405835543766578,0,0.19644669630640194,0,False
1850-AKQEP,No,1302.4,0,0.1057093201511862,0,0.11405835543766578,0,0.10919710234448443,0,False
2824-DXNKN,No,71.45,0,0.012826936084661879,0,0.021970705725699067,0,0.18105931519186846,0,False
5227-JSCFE,No,46.35,0,0.005910448208997364,0,0.021970705725699067,0,0.13611217156316768,0,False
0848-ZGQIJ,No,5300.400000000001,0,0.4668259334382195,0,0.4697986577181208,0,0.349226621433356,0,False
3621-CHYVB,No,748.5,0,0.06785098003913995,0,0.11405835543766578,0,0.19610007190544426,0,False
8042-RNLKO,No,152.7,0,0.008295372370956202,0,0.021970705725699067,0,0.0912723312561154,0,False
5372-FBKBN,No,1058.25,0,0.0632423868361875,0,0.11405835543766578,0,0.10452545980843048,0,False
0420-TXVSG,No,396.6,0,0.012945108726595923,0,0.021970705725699067,0,0.16135723755025722,0,False
6217-TOWGS,No,4147.0,0,0.3479102127139172,0,0.1650485436893204,0,0.30337433189661417,0,False
1045-LTCYT,No,1347.2,0,0.09617095812477437,0,0.11405835543766578,0,0.09549257647411041,0,False
1544-JJMYL,No,3120.7499999999995,0,0.04815864025238533,0,0.021970705725699067,0,0.17006751882136434,0,False
4636-JGAAI,No,3376.3,0,0.3190412309713152,0,0.4697986577181208,0,0.32183514528044843,0,False
6874-SGLHU,No,4074.0,0,0.3175289510636725,0,0.24344569288389514,0,0.2993683613170817,0,False
5951-AOFIH,No,2589.6000000000004,0,0.18561636239254065,0,0.1650485436893204,0,0.28633241744000976,0,False
3059-NGMXB,No,4013.6,0,0.1762893287998128,0,0.11405835543766578,0,0.22596139317122066,0,False
8652-YHIYU,No,4452.0,0,0.21587881213555005,0,0.1004566210045662,0,0.2790768077580644,0,False
5278-PNYOX,No,2314.9500000000003,0,0.0649152097774659,0,0.06711409395973154,0,0.2267406641907278,0,False
3486-HOOGQ,No,159.4,0,0.006645695066405223,0,0.021970705725699067,0,0.11888056196347938,0,False
5061-PBXFW,No,2456.0,0,0.043890964066283636,0,0.11405835543766578,0,0.16402150475390806,0,False
8630-FJLIB,No,3769.2,0,0.4521863831772309,1,0.5551470588235294,0,0.444916932261657,1,False
3891-NLXJB,No,1419.25,0,0.028097228555814587,0,0.021970705725699067,0,0.1645826937656901,0,False
4749-OJKQU,No,5144.200000000001,1,0.6055354439606818,1,0.6363636363636364,0,0.47904752511397225,2,False
0577-WHMEV,No,5079.2,0,0.3399212876456108,1,0.5551470588235294,0,0.31211765740573344,1,False
5453-AXEPF,No,4427.5,0,0.42006113182561056,0,0.29533678756476683,0,0.3541061814468124,0,False
3639-XJHKQ,No,3211.8,0,0.18572498423987102,0,0.1111111111111111,0,0.2658735663185403,0,False
3716-LRGXK,No,1213.8000000000002,0,0.09168082966695845,0,0.06711409395973154,0,0.25346634704902793,0,False
2263-SFSQZ,No,523.9499999999999,0,0.010406128420921989,0,0.021970705725699067,0,0.08659171595489047,0,False
9950-MTGYX,No,893.2,0,0.01832916960757758,0,0.021970705725699067,0,0.08557002827847697,0,False
3397-AVTKU,No,1740.0,0,0.05659246186203183,0,0.015384615384615385,0,0.2664506382346387,0,False
4825-FUREZ,No,607.5,0,0.013352547749878714,0,0.021970705725699067,0,0.08612889352136481,0,False
2672-OJQZP,No,3177.25,0,0.3399439106087218,0,0.43157894736842106,0,0.3861706699739138,0,False
3134-DSHVC,No,882.0,0,0.03912014548588442,0,0.06711409395973154,0,0.2048466126450153,0,False
7821-DPRQE,No,430.8,0,0.2129360698390482,0,0.25,0,0.2677241429802889,0,False
2001-EWBQU,No,1256.4,0,0.12705057403537118,0,0.06711409395973154,0,0.2804975590926221,0,False
1608-GMEWB,No,2535.3,0,0.41976519862646916,0,0.4697986577181208,0,0.4122734947250189,0,False
6695-AMZUF,No,172.9,0,0.007886722610440051,0,0.021970705725699067,0,0.12678245608094657,0,False
8410-BGQXN,No,1319.1999999999998,0,0.14741784122480586,0,0.11405835543766578,0,0.13080091155192697,0,False
1619-YWUBB,No,99.8,0,0.005553489701146102,0,0.021970705725699067,0,0.08752516104442798,0,False
7611-YKYTC,No,3750.0,0,0.19216993964276963,0,0.29533678756476683,0,0.28508943542958487,0,False
0365-GXEZS,No,4222.8,0,0.4003283185994378,1,0.5551470588235294,0,0.32398827219807225,1,False
0082-OQIQY,No,4050.6,1,0.5345920408907856,1,0.5551470588235294,0,0.3814350120018864,2,False
3606-SBKRY,No,2052.05,0,0.2537319983001268,0,0.1004566210045662,0,0.2895457033493707,0,False
0667-NSRGI,No,1669.1999999999998,0,0.07331391938393662,0,0.375,0,0.21297021983751283,0,False
6893-ODYYE,No,1982.2,0,0.05696010659447903,0,0.021970705725699067,0,0.19805759182129262,0,False
8242-JSVBO,No,2902.25,0,0.29550906175239616,0,0.38461538461538464,0,0.379461382852578,0,False
9541-ZPSEA,No,321.4,0,0.015460799857009181,0,0.021970705725699067,0,0.19147458597411884,0,False
2665-NPTGL,No,4512.599999999999,1,0.6579729803872676,0,0.4697986577181208,0,0.3905518413418416,1,False
1139-WUOAH,No,800.25,0,0.02782975287159262,0,0.015384615384615385,0,0.18091412448361768,0,False
4693-VWVBO,No,1348.95,0,0.2203413268275583,0,0.1111111111111111,0,0.1512671993842551,0,False
6937-GCDGQ,No,2594.3500000000004,0,0.07990152141470913,0,0.021970705725699067,0,0.21378735374281121,0,False
0988-JRWWP,No,3739.8,1,0.5485630461568107,1,0.5932203389830508,0,0.42745232477412387,2,False
5075-JSDKI,No,317.85,0,0.008610682951586865,0,0.021970705725699067,0,0.09570198873694054,0,False
8644-XYTSV,No,1204.5,0,0.14539008653947197,0,0.11405835543766578,0,0.25931545273802004,0,False
3873-WOSBC,No,128.0,0,0.004237189278695975,0,0.021970705725699067,0,0.07363530726484797,0,False
7465-ZZRVX,No,4994.849999999999,1,0.5738056269880702,1,0.888268156424581,1,0.5012573870154775,3,True
7975-JMZNT,No,550.2,0,0.013620532850263482,0,0.021970705725699067,0,0.12623415053269216,0,False
7251-XFOIL,No,981.2,0,0.23710071676802585,0,0.08108108108108109,0,0.3526451302615883,0,False
4116-IQRFR,No,1638.8000000000002,0,0.08230764469095435,0,0.021970705725699067,0,0.09318613122512936,0,False
8259-DZLIZ,No,430.8,0,0.027767505317123683,0,0.1004566210045662,0,0.23010305333224765,0,False
0442-ZXKVS,No,2080.8,0,0.14268841230959595,0,0.24344569288389514,0,0.20172063772502896,0,False
7853-WNZSY,No,1402.25,0,0.23115021409517153,0,0.3706896551724138,0,0.16512299343441808,0,False
3120-FAZKD,No,432.9,0,0.008480618045349128,0,0.021970705725699067,0,0.0837554017229678,0,False
8606-OEGQZ,No,1366.2,0,0.025163655055100955,0,0.021970705725699067,0,0.0819474453199206,0,False
0225-ZORZP,No,5816.7,1,0.5039669817072235,1,0.6479591836734694,0,0.4162304062734934,2,False
9489-JMTTN,No,89.75,0,0.008786819821509941,0,0.021970705725699067,0,0.11733943022298447,0,False
0575-CUQOV,No,1175.4,0,0.21448953901117915,0,0.24344569288389514,0,0.3185939001207131,0,False
0967-BMLBD,No,1220.0,0,0.07067309093080396,0,0.021970705725699067,0,0.1051617825061491,0,False
2830-LEWOA,No,1142.9,0,0.0663516686742288,0,0.24344569288389514,0,0.18650043611387562,0,False
5006-MXVRN,No,683.1,0,0.009421261766154756,0,0.021970705725699067,0,0.08560954313311933,0,False
8327-WKMIE,No,705.25,0,0.020023817797590774,0,0.021970705725699067,0,0.09196100269089799,0,False
6917-FIJHC,No,26.0,0,0.005149407488033146,0,0.021970705725699067,0,0.08942333610921324,0,False
5329-KRDTM,No,77.35,0,0.012267838057155101,0,0.015384615384615385,0,0.1704523601975488,0,False
7797-EJMDP,No,4227.2,0,0.15427926266639744,0,0.11405835543766578,0,0.24920377737906424,0,False
3530-VWVGU,No,995.0,0,0.06550959488025865,0,0.11405835543766578,0,0.09668171507289286,0,False
6368-NWMCE,No,2317.1000000000004,0,0.10628433404654418,0,0.1650485436893204,0,0.23698332169269423,0,False
3633-CDBUW,No,4446.75,0,0.11886430662660177,0,0.1004566210045662,0,0.19530199983104685,0,False
0707-HOVVN,No,151.0,0,0.01886266352184578,0,0.015384615384615385,0,0.20302161256025278,0,False
3956-MGXOG,No,3546.4,0,0.4422236779629557,1,0.5551470588235294,0,0.4326071080819655,1,False
9274-UARKJ,No,4742.400000000001,0,0.4152121064974986,0,0.29533678756476683,0,0.37983524886465597,0,False
4077-HWUYD,No,87.55,0,0.013352838544483431,0,0.021970705725699067,0,0.12964011066143194,0,False
0103-CSITQ,No,1641.0,0,0.15586409704874052,0,0.24344569288389514,0,0.23042643141620367,0,False
8671-KKKOS,No,1184.3,0,0.12859927714453517,0,0.2926829268292683,0,0.2581776006875038,0,False
7305-ZWMAJ,No,869.4,0,0.02698268462339716,0,0.021970705725699067,0,0.08706357866168302,0,False
9518-XXBXE,No,4668.599999999999,0,0.38919107935988934,0,0.45535714285714285,0,0.3839955004346393,0,False
6578-KRMAW,No,3736.0,0,0.2501151086552143,0,0.4697986577181208,0,0.27221061808141345,0,False
4860-IJUDE,No,4351.25,0,0.3332001512612996,0,0.45535714285714285,0,0.3576150378932577,0,False
9688-YGXVR,No,2468.2000000000003,0,0.25203709170299576,0,0.29533678756476683,0,0.3372896037450525,0,False
0423-UDIJQ,No,3099.6000000000004,0,0.2026212209091499,0,0.1650485436893204,0,0.3102975991167159,0,False
1945-XISKS,No,98.25,0,0.003161677181246365,0,0.021970705725699067,0,0.07774887236786858,0,False
5360-LJCNJ,No,105.15,0,0.0973767294718947,0,0.06711409395973154,0,0.25939761151629265,0,False
2607-FBDFF,No,3479.0,0,0.21199107385535698,0,0.3939393939393939,0,0.32740037991734716,0,False
1100-DDVRV,No,2739.0,0,0.4988321558026245,0,0.1650485436893204,0,0.3098020314027677,0,False
6728-WYQBC,No,1487.45,0,0.15224466885296833,0,0.3706896551724138,0,0.14864463665190952,0,False
9029-FEGVJ,No,3172.0,0,0.322134470897554,0,0.29533678756476683,0,0.3560237835102793,0,False
7216-KAOID,No,604.5,0,0.014212099838671855,0,0.021970705725699067,0,0.0780395097396332,0,False
6145-NNPNO,No,3134.65,0,0.26922022568296494,0,0.43157894736842106,0,0.3804194284734463,0,False
5339-TJFEK,No,1055.0,0,0.24763679742338443,0,0.25,0,0.29742663672473624,0,False
2074-GUHPQ,No,5098.5,0,0.28881885762400566,0,0.29533678756476683,0,0.27797102000053703,0,False
4625-XMOYM,No,26.25,0,0.0039421674565873685,0,0.021970705725699067,0,0.08335833696663936,0,False
5827-MWCZK,No,1551.2,0,0.17139929133203022,0,0.26666666666666666,0,0.2543413746866145,0,False
1385-TQOZW,No,1288.35,0,0.1683349438061189,0,0.11405835543766578,0,0.1357703162703579,0,False
5914-XRFQB,No,115.8,0,0.050050859634537474,0,0.06711409395973154,0,0.17476202398977322,0,False
4329-YPDDQ,No,5626.400000000001,0,0.37045616161975287,0,0.4697986577181208,0,0.26150704752501175,0,False
4804-NCPET,No,1070.6,0,0.020568153310702567,0,0.021970705725699067,0,0.07459737248328732,0,False
5944-UGLLK,No,1043.1,0,0.056991736153220326,0,0.1004566210045662,0,0.1910492236917184,0,False
7787-BNTZM,No,1329.9,0,0.12981107642780731,0,0.11405835543766578,0,0.12110663992044303,0,False
2252-ISRNH,No,5692.049999999999,0,0.4368721362861083,0,0.1004566210045662,0,0.3584387260622897,0,False
9415-TPKRV,No,3568.0,0,0.2730844658427607,0,0.1111111111111111,0,0.3175684808941829,0,False
5322-TEUJK,No,114.6,0,0.02788579946505862,0,0.06711409395973154,0,0.14791190641302948,0,False
1866-DIOQZ,No,66.8,0,0.019457818003434588,0,0.021970705725699067,0,0.13711570039683393,0,False
8375-KVTHK,No,401.2,0,0.12655212417908068,0,0.24344569288389514,0,0.274132496740472,0,False
2697-NQBPF,No,4003.3,0,0.4360017794175364,0,0.4540540540540541,0,0.34300386250642245,0,False
3709-OIJEA,No,3919.2,0,0.1969377952001663,0,0.1004566210045662,0,0.2808572496577306,0,False
1386-ZIKUV,No,1231.75,0,0.20353548141927552,0,0.11405835543766578,0,0.14142375569690668,0,False
0599-XNYDO,No,3629.6,0,0.4652608100503922,0,0.29533678756476683,0,0.38587923822666503,0,False
6377-WHAOX,No,1273.8000000000002,0,0.45238231156401565,0,0.4540540540540541,0,0.365849958300465,0,False
6855-VLGOS,No,20.55,0,0.0028059559790736604,0,0.021970705725699067,0,0.07628323246506417,0,False
8999-XXGNS,No,105.75,0,0.15883773015885141,0,0.0,0,0.27783695075356674,0,False
8746-OQQRW,No,1717.0,0,0.1813565838041986,0,0.11405835543766578,0,0.1278618957906681,0,False
3181-MIZBN,No,1106.0,0,0.11594420544557545,0,0.1111111111111111,0,0.10664741639964426,0,False
0471-ARVMX,No,1048.5,0,0.24875090101357594,0,0.24344569288389514,0,0.30460985313506334,0,False
7766-CLTIC,No,3778.9,0,0.26329804226097414,0,0.1650485436893204,0,0.3069786312190013,0,False
5650-YLIBA,No,3327.15,1,0.5115113432103244,1,0.5551470588235294,0,0.40391322498421184,2,False
0825-CPPQH,No,19.1,0,0.0024048882843733764,0,0.021970705725699067,0,0.0768727713397646,0,False
9084-OAYKL,No,291.2,0,0.004678439364295887,0,0.021970705725699067,0,0.08626236851756129,0,False
6122-LJADA,No,180.3,0,0.013225865414344092,0,0.021970705725699067,0,0.1258156516406055,0,False
2400-XIWIO,No,90.1,0,0.016463725204005884,0,0.021970705725699067,0,0.14764743722161794,0,False
7524-VRLPL,No,222.3,0,0.010455457639902061,0,0.021970705725699067,0,0.16521451790877922,0,False
7569-NMZYQ,No,118.75,0,0.0397239141651015,0,0.06711409395973154,0,0.16383776069896652,0,False
5201-USSQZ,No,3951.4,0,0.24985814519205318,0,0.4697986577181208,0,0.2943233399896087,0,False
2105-PHWON,No,3705.0,0,0.3263332752747776,0,0.4697986577181208,0,0.3039948808785542,0,False
1494-EJZDW,No,1249.3,0,0.030275804646162408,0,0.021970705725699067,0,0.07903290653454523,0,False
4884-TVUQF,No,1519.5,0,0.043475573865624124,0,0.06711409395973154,0,0.19995593413462795,0,False
8003-EWNDZ,No,1314.4,0,0.19507033149946293,0,0.1111111111111111,0,0.15944355754670142,0,False
1897-RCFUM,No,798.6,0,0.03100772001352198,0,0.021970705725699067,0,0.10051834422190291,0,False
9256-JTBNZ,No,1238.3,0,0.11740380992841268,0,0.11405835543766578,0,0.11882505686769498,0,False
2211-RMNHO,No,341.2,0,0.013503552758168658,0,0.015384615384615385,0,0.14878268733256753,0,False
2432-TFSMK,No,4838.4,0,0.43244841469928075,0,0.1004566210045662,0,0.31821994359024125,0,False
4929-ROART,No,3037.5,0,0.16752950907690456,0,0.11405835543766578,0,0.2672405650288341,0,False
1834-ABKHQ,No,1019.0,0,0.03454995043326831,0,0.1004566210045662,0,0.22635268318399843,0,False
1741-WTPON,No,1853.6,0,0.0463662091967167,0,0.06711409395973154,0,0.14915550766213723,0,False
3932-IJWDZ,No,2798.55,0,0.3332488054150529,0,0.4697986577181208,0,0.3282719264432118,0,False
1240-HCBOH,No,130.5,0,0.006335344329268989,0,0.021970705725699067,0,0.10092286854160687,0,False
3594-KADLU,No,2421.9,0,0.2781452133778655,0,0.3939393939393939,0,0.25759823429580536,0,False
8065-BVEPF,No,693.6999999999999,0,0.23809881824615528,0,0.26666666666666666,0,0.3404119878022074,0,False
3796-ENZGF,No,605.25,0,0.01583105653468319,0,0.015384615384615385,0,0.1737484372630821,0,False
1734-ZMNTZ,No,1525.0,0,0.03758344850453527,0,0.021970705725699067,0,0.07398543513952964,0,False
2853-CWQFQ,No,4228.05,0,0.28475431691150016,0,0.1111111111111111,0,0.3228706315218246,0,False
0813-TAXXS,No,1322.6,0,0.05595396855350737,0,0.015384615384615385,0,0.2503312125857251,0,False
2519-TWKFS,No,2589.7000000000003,0,0.09530642451346272,0,0.13043478260869565,0,0.21126867544355626,0,False
0626-QXNGV,No,24.15,0,0.004786217038418415,0,0.021970705725699067,0,0.0872965422337196,0,False
6723-CEGQI,No,316.75,0,0.010542148194551036,0,0.015384615384615385,0,0.1774831208372479,0,False
4732-RRJZC,No,1316.25,0,0.1113531461760818,0,0.11405835543766578,0,0.10211583432294738,0,False
9499-XPZXM,No,64.75,0,0.005277323726754386,0,0.021970705725699067,0,0.13676208608138304,0,False
4338-EYCER,No,2784.6,0,0.19726015771311478,0,0.1650485436893204,0,0.3040872223688094,0,False
3007-FDPEA,No,1449.0,0,0.1898503758989229,0,0.1111111111111111,0,0.14792114972067752,0,False
6350-XFYGW,No,6443.0,1,0.6702892551593623,1,0.6479591836734694,0,0.46861163066827594,2,False
8513-OLYGY,No,115.8,0,0.034120252179570966,0,0.06711409395973154,0,0.15355121500173946,0,False
0311-QYWSS,No,3263.7000000000003,0,0.29344756803999344,1,0.5242718446601942,0,0.3617607638004845,1,False
8705-DWKTI,No,1676.0,0,0.2340779640149419,0,0.08108108108108109,0,0.3652523465760179,0,False
8755-IWJHN,No,286.04999999999995,0,0.2161764486130655,0,0.08108108108108109,0,0.33676944109385587,0,False
4480-QQRHC,No,4739.2,0,0.4682800961319901,0,0.45535714285714285,0,0.4384830039654294,0,False
0929-PECLO,No,806.4,0,0.2554140104074084,0,0.08108108108108109,0,0.3933630483288754,0,False
3680-CTHUH,No,1399.1999999999998,0,0.11910902279658857,0,0.24344569288389514,0,0.20143424983476113,0,False
1202-KKGFU,No,3252.0,0,0.116274548412094,0,0.11405835543766578,0,0.22572544519525872,0,False
6112-KTHFQ,No,1138.7,0,0.16046613184628442,0,0.11405835543766578,0,0.13754583044039959,0,False
1852-XEMDW,No,3252.5,0,0.1498998667738073,0,0.11405835543766578,0,0.2334405326242412,0,False
1820-DJFPH,No,24.05,0,0.0038638159746278824,0,0.021970705725699067,0,0.08390843892422502,0,False
9426-SXNHE,No,1312.5,0,0.14785737138412874,0,0.1111111111111111,0,0.1313563731728029,0,False
9068-FHQHD,No,644.8,0,0.007553082165616531,0,0.021970705725699067,0,0.07069386914186275,0,False
1269-FOYWN,No,560.0,0,0.012242798567838949,0,0.021970705725699067,0,0.0780395097396332,0,False
9470-YFUYI,No,71.0,0,0.017068892167110314,0,0.021970705725699067,0,0.16884281051846134,0,False
7402-EYFXX,No,4305.599999999999,1,0.6096698411138906,1,0.5551470588235294,0,0.454909003447024,2,False
9895-VFOXH,No,1732.4,0,0.3789513414544756,0,0.43157894736842106,0,0.37467882151010556,0,False
1230-QAJDW,No,4502.25,0,0.36359661560627426,0,0.3939393939393939,0,0.3239359728516687,0,False
5701-ZIKJE,No,2982.45,0,0.2088473596774666,0,0.1650485436893204,0,0.3015268660142678,0,False
5032-MIYKT,No,5019.7,1,0.5031264979574459,1,0.888268156424581,0,0.4753739053890033,2,False
7396-VJUZB,No,3077.0,0,0.2288913831880352,0,0.38461538461538464,0,0.3216284655055692,0,False
9717-QEBGU,No,4921.0,1,0.6999742665237138,0,0.45535714285714285,0,0.4884050321428547,1,False
5172-RKOCB,No,108.95,0,0.04714717847364366,0,0.06711409395973154,0,0.1804835502307723,0,False
6509-TSGWN,No,925.75,0,0.04502552465446878,0,0.11405835543766578,0,0.0943541909159634,0,False
3178-CIFOT,No,962.85,0,0.04958293708221383,0,0.021970705725699067,0,0.11298176305049211,0,False
4530-NDRKU,No,571.5,0,0.02795769911534592,0,0.021970705725699067,0,0.10842383655157778,0,False
5985-TBABQ,No,2990.0,0,0.10022837183946581,0,0.021970705725699067,0,0.2238064348472997,0,False
9800-ONTFE,No,3790.0,0,0.3663155099857449,0,0.29533678756476683,0,0.36093148000051356,0,False
6743-HHQPF,No,753.0,0,0.1532511901163636,0,0.1650485436893204,0,0.32090908675603436,0,False
8455-HIRAQ,No,2844.8,0,0.2822471394015817,0,0.1650485436893204,0,0.3452488977071353,0,False
6616-AALSR,No,730.1,0,0.06461758238009169,0,0.06711409395973154,0,0.2158596295031524,0,False
9415-ZNBSX,No,178.0,0,0.013586199428597023,0,0.021970705725699067,0,0.12799982659699163,0,False
4018-KJYUY,No,1007.5,0,0.05725019279298168,0,0.11405835543766578,0,0.09783577746844946,0,False
3884-UEBXB,No,180.75,0,0.006252023223542725,0,0.021970705725699067,0,0.15915158540586216,0,False
8780-RSYYU,No,902.4,0,0.09312138374682911,0,0.11405835543766578,0,0.13528335323113605,0,False
5537-UXXVS,No,1001.0,0,0.08393479041132021,0,0.11405835543766578,0,0.11248279667081133,0,False
1791-PQHBB,No,4284.0,0,0.2474134398790048,1,0.5932203389830508,0,0.3069175355468247,1,False
8701-DGLVH,No,429.45,0,0.006391594735497989,0,0.021970705725699067,0,0.08654511477376126,0,False
8741-LQOBK,No,911.3,0,0.05456776248861289,0,0.11405835543766578,0,0.19374665794003298,0,False
8082-GHXOP,No,2596.0,0,0.18148592023564922,0,0.1650485436893204,0,0.30292175736462346,0,False
0980-FEXWF,No,2316.1,0,0.07095155437896668,0,0.13043478260869565,0,0.2029301168420883,0,False
3011-WQKSZ,No,1060.0,0,0.1398227344472095,0,0.1111111111111111,0,0.14349181039986936,0,False
8218-FFJDS,No,86.4,0,0.01501284584900177,0,0.021970705725699067,0,0.14816708198073766,0,False
1986-PHGZF,No,3153.6,0,0.20570430519315294,0,0.11405835543766578,0,0.2627851084952374,0,False
9360-OMDZZ,No,4516.799999999999,1,0.5952845140400166,1,0.5551470588235294,0,0.44584261942489845,2,False
0345-XMMUG,No,2831.4,0,0.11415754776721407,0,0.06711409395973154,0,0.20931023312283725,0,False
8024-XNAFQ,No,107.4,0,0.04011960949950676,0,0.06711409395973154,0,0.20176003504677165,0,False
2988-GBIVW,No,181.7,0,0.2332503091736609,0,0.25,0,0.37091815875286693,0,False
2832-SCUCO,No,1393.0,0,0.19471566289985975,0,0.1111111111111111,0,0.1512671993842551,0,False
7036-ZZKBD,No,2722.4,0,0.14842241201366999,0,0.1650485436893204,0,0.24798351576772715,0,False
0265-PSUAE,No,5639.2,0,0.36149306059747677,0,0.4697986577181208,0,0.27575858782053503,0,False
0463-TXOAK,No,512.0,0,0.00620272458071561,0,0.021970705725699067,0,0.07805535396657623,0,False
0594-UFTUL,No,1171.15,0,0.12150099205152641,0,0.11405835543766578,0,0.11571989593139691,0,False
9509-MPYOD,No,767.75,0,0.02289442143411051,0,0.021970705725699067,0,0.0934751614197526,0,False
9128-CPXKI,No,1245.4,0,0.10460256383997664,0,0.06711409395973154,0,0.2994378241338062,0,False
0129-KPTWJ,No,94.65,0,0.2605371979501788,0,0.4540540540540541,0,0.39081352461181174,0,False
5855-EIBDE,No,2452.9500000000003,0,0.042039606644891266,0,0.06711409395973154,0,0.15872711958928265,0,False
5365-LLFYV,No,3209.5,0,0.33525565431594645,1,0.5932203389830508,0,0.40095531237359305,1,False
5956-YHHRX,No,5321.849999999999,1,0.6081105063016596,1,0.5551470588235294,0,0.4041107619968964,2,False
6008-NAIXK,No,998.1,0,0.13996512915627535,0,0.1004566210045662,0,0.2754743101989574,0,False
1928-BXYIV,No,4341.65,0,0.2842151739104274,0,0.43157894736842106,0,0.3373486820345727,0,False
5760-FXFVO,No,5210.7,1,0.5351308496874908,1,0.6479591836734694,0,0.38719887526686736,2,False
0961-ZWLVI,No,2511.6,0,0.14334323105466987,0,0.24344569288389514,0,0.21614321619818364,0,False
5181-OABFK,No,980.8,0,0.009773639710850988,0,0.021970705725699067,0,0.15325583031111115,0,False
4007-NHVHI,No,1549.6,0,0.26885724063780275,0,0.25,0,0.34867171475618197,0,False
7816-VGHTO,No,2676.3,0,0.07763013737860334,0,0.015384615384615385,0,0.20208082778891598,0,False
5871-DGTXZ,No,792.0,0,0.026789937781282233,0,0.021970705725699067,0,0.09307528352667321,0,False
7550-WIQVA,No,2381.5,0,0.19641872469734575,0,0.24344569288389514,0,0.24839359598164226,0,False
7544-ZVIKX,No,1470.7,0,0.13993884092666545,0,0.24344569288389514,0,0.24036845274098526,0,False
0016-QLJIS,No,633.15,0,0.016868948851447196,0,0.021970705725699067,0,0.13110895034209505,0,False
7508-DQAKK,No,691.2,0,0.01898544183454583,0,0.021970705725699067,0,0.15008651701229941,0,False
5176-OLSKT,No,401.4,0,0.008704487547066873,0,0.021970705725699067,0,0.15017839134505362,0,False
9356-AXGMP,No,3763.8,0,0.2527970048915067,0,0.24344569288389514,0,0.25536708157736493,0,False
3556-BVQGL,No,1040.0,0,0.06165575817582735,0,0.021970705725699067,0,0.10944775437086181,0,False
8979-CAMGB,No,816.8,0,0.17078542988212098,0,0.24344569288389514,0,0.2918415605932349,0,False
7581-EBBOU,No,841.8000000000001,0,0.029759780601399468,0,0.1004566210045662,0,0.19770976294167195,0,False
5073-RZGBK,No,1761.1,0,0.03280384914286783,0,0.021970705725699067,0,0.1435082070860233,0,False
2192-CKRLV,No,49.2,0,0.020219016188780182,0,0.021970705725699067,0,0.19440661626797087,0,False
3154-HMWUU,No,246.0,0,0.005875745628904407,0,0.021970705725699067,0,0.08920256904448304,0,False
6119-SPUDB,No,994.5,0,0.016473007928975717,0,0.021970705725699067,0,0.1574018985625626,0,False
6522-OIQSX,No,164.85000000000002,0,0.0239352435024571,0,0.015384615384615385,0,0.1954506897367363,0,False
7813-ZGGAW,No,3960.6,0,0.36707579871878965,0,0.29533678756476683,0,0.34245869513653865,0,False
8748-HFWBO,No,1054.6999999999998,0,0.03765228262461121,0,0.021970705725699067,0,0.0817223591414351,0,False
1052-QJIBV,No,19.9,0,0.0018919950963075796,0,0.021970705725699067,0,0.0710967188131065,0,False
1319-YLZJG,No,5076.0,0,0.478041128383827,1,0.6479591836734694,0,0.3507175970258818,1,False
0723-FDLAY,No,2387.0,0,0.08938695937969125,0,0.1004566210045662,0,0.19841201161952082,0,False
3050-RLLXC,No,1300.0,0,0.009925195071420135,0,0.021970705725699067,0,0.11929296188642549,0,False
9298-WGMRW,No,115.5,0,0.05038861389615774,0,0.06711409395973154,0,0.1741676533155646,0,False
3088-LHEFH,No,4819.0,0,0.4047605956150529,1,0.7912621359223301,0,0.36751389238124793,1,False
6583-KQJLK,No,5395.05,1,0.5772780214752941,1,0.5551470588235294,0,0.4092084940624489,2,False
8544-JNBOX,No,20.8,0,0.003676698496259344,0,0.021970705725699067,0,0.09861323868047349,0,False
6681-ZSEXG,No,952.0,0,0.018434598555417403,0,0.015384615384615385,0,0.18969770129791053,0,False
6139-ZZRBQ,No,160.4,0,0.005543805410775085,0,0.021970705725699067,0,0.1020959050216575,0,False
6116-RFVHN,No,3817.1,1,0.5300299409190149,0,0.4540540540540541,0,0.40532352474603284,1,False
8884-FEEWR,No,762.2,0,0.022264971042217068,0,0.021970705725699067,0,0.09219999553773825,0,False
3125-RAHBV,No,1015.0,0,0.038695229526690245,0,0.021970705725699067,0,0.0932927040102602,0,False
0373-AIVNJ,No,2491.65,0,0.14807001971835573,0,0.021970705725699067,0,0.2089879953101324,0,False
1682-VCOIO,No,1002.05,0,0.038987503486542396,0,0.021970705725699067,0,0.09224455783820147,0,False
2072-ZVJJX,No,101.0,0,0.004121557300037026,0,0.021970705725699067,0,0.07332310923226242,0,False
8849-AYPTR,No,3558.75,1,0.5030566869951796,1,0.5551470588235294,0,0.39982304919016265,2,False
9518-IMLHK,No,2970.4500000000003,0,0.09775447569845117,0,0.11405835543766578,0,0.19935541442675495,0,False
3646-ITDGM,No,315.2,0,0.00464112776078945,0,0.021970705725699067,0,0.08685020929518608,0,False
3569-VLDHH,No,450.6,0,0.02111046616919949,0,0.021970705725699067,0,0.16358245477272668,0,False
8224-KDLKN,No,25.0,0,0.0027180206129619956,0,0.021970705725699067,0,0.06826253846186922,0,False
7594-LZNWR,No,2627.7000000000003,0,0.24044005031893695,0,0.29533678756476683,0,0.3666133949729693,0,False
4001-TSBTV,No,1281.7,0,0.22003639713940068,0,0.4540540540540541,0,0.3377485987358263,0,False
8727-XDPUD,No,1253.0,0,0.057722558361323936,0,0.015384615384615385,0,0.2457379241219445,0,False
1043-UXOVO,No,113.15,0,0.04682074128766629,0,0.06711409395973154,0,0.1836647591679429,0,False
1064-FBXNK,No,1409.35,0,0.07121764188207455,0,0.021970705725699067,0,0.10625782378309809,0,False
3996-ZNWYK,No,19.8,0,0.0022509206729808186,0,0.021970705725699067,0,0.07423411187062989,0,False
2878-DHMIN,No,736.3,0,0.02625404209767532,0,0.021970705725699067,0,0.08547591378118508,0,False
7762-ONLJY,No,1300.2,0,0.06589518214836636,0,0.021970705725699067,0,0.09565055912530752,0,False
5795-BKOYE,No,177.3,0,0.008847156390338663,0,0.1004566210045662,0,0.1545133681631761,0,False
7402-PWYJJ,No,1731.85,0,0.19045452615636096,0,0.1004566210045662,0,0.29740876112094433,0,False
0018-NYROU,No,4619.650000000001,1,0.549172259860262,0,0.45535714285714285,0,0.4582376892072664,1,False
7501-VTYLJ,No,3608.5,0,0.20739652521107332,0,0.43157894736842106,0,0.32241441065269977,0,False
7608-RGIRO,No,244.0,0,0.0062565298949735434,0,0.021970705725699067,0,0.09471780989226664,0,False
0480-BIXDE,No,5130.4,1,0.5477639135297487,1,0.5551470588235294,0,0.40451238671093104,2,False
5895-QSXOD,No,4413.15,0,0.3834826405896112,0,0.45535714285714285,0,0.4064558306466649,0,False
9814-AOUDH,No,370.5,0,0.005366982675084802,0,0.021970705725699067,0,0.08690246424469715,0,False
6175-IRFIT,No,5276.25,1,0.5797821696375007,1,0.6479591836734694,0,0.41303183617347444,2,False
8760-ZRHKE,No,69.2,0,0.026226132136838897,0,0.021970705725699067,0,0.20454821439011212,0,False
1622-HSHSF,No,1388.05,0,0.2440166554548771,0,0.3706896551724138,0,0.17773173384051077,0,False
6749-UTDVX,No,103.65,0,0.122874407997904,0,0.06711409395973154,0,0.3124713221450438,0,False
5542-DHSXL,No,3719.6,0,0.17788840891917745,0,0.11405835543766578,0,0.26230185400873673,0,False
9102-OXKFY,No,703.9499999999999,0,0.017374460671703326,0,0.015384615384615385,0,0.21961725703154367,0,False
5216-WASFJ,No,3478.85,1,0.5222514931118796,1,0.5551470588235294,0,0.4376194092138858,2,False
7808-DVWEP,No,1380.0,0,0.14587726084785357,0,0.1111111111111111,0,0.12605953398501524,0,False
2284-VFLKH,No,2282.75,0,0.15664116839831468,0,0.24344569288389514,0,0.2512516931018764,0,False
0366-NQSHS,No,1354.5,0,0.15740072671325428,0,0.1111111111111111,0,0.1326706579596065,0,False
3807-BPOMJ,No,1610.75,0,0.1757311125914358,0,0.24344569288389514,0,0.31180051860984936,0,False
3892-NXAZG,No,114.05,0,0.039294314319039125,0,0.06711409395973154,0,0.15608898482394634,0,False
4948-WBBKL,No,2696.4,0,0.34824532492577115,0,0.29533678756476683,0,0.4128334091175859,0,False
4182-BGSIQ,No,1227.6,0,0.12553846472834582,0,0.11405835543766578,0,0.11939732967418709,0,False
0988-AADSA,No,80.85,0,0.006105013748498592,0,0.021970705725699067,0,0.11916839717746498,0,False
9972-NKTFD,No,2404.6,0,0.09202040795777904,0,0.1650485436893204,0,0.23368516118319346,0,False
3717-LNXKW,No,3117.8,0,0.2407216286815339,0,0.29533678756476683,0,0.3069416987098091,0,False
5734-EJKXG,No,1304.6,0,0.14583800500912691,0,0.24344569288389514,0,0.2430385657635328,0,False
2207-RYYRL,No,491.0,0,0.007000216851512216,0,0.021970705725699067,0,0.07101704147863228,0,False
6729-FZWSY,No,97.25,0,0.008410696961355612,0,0.021970705725699067,0,0.11269644766562685,0,False
9695-IDRZR,No,4413.7,0,0.0880942594375318,0,0.06711409395973154,0,0.1741626784500668,0,False
8144-DGHXP,No,1450.8,0,0.02152021881771151,0,0.021970705725699067,0,0.1794769322951061,0,False
7814-LEEVE,No,1441.3,0,0.19941609121061293,0,0.3706896551724138,0,0.1640482935148153,0,False
8631-WUXGY,No,2594.8,0,0.3178583052276516,0,0.4540540540540541,0,0.3430769695598411,0,False
5906-DVAPM,No,1275.0,0,0.02714583527990669,0,0.021970705725699067,0,0.14835872281233298,0,False
6654-QGBZZ,No,1412.9,0,0.181412979732646,0,0.3706896551724138,0,0.15842835616530265,0,False
8348-JLBUG,No,642.4,0,0.045843108162148816,0,0.021970705725699067,0,0.2304601268109229,0,False
5641-DMBFJ,No,1180.2,0,0.038987556300823116,0,0.021970705725699067,0,0.18162389636617418,0,False
9200-NLNPD,No,864.8,0,0.07229121840091032,0,0.1004566210045662,0,0.1945696504160744,0,False
2664-XJZNO,No,104.9,0,0.030421644666243846,0,0.06711409395973154,0,0.17597625190491104,0,False
3339-EAQNV,No,97.25,0,0.18457570772520543,0,0.0,0,0.2939059877885581,0,False
0921-OHLVP,No,4152.5,0,0.4775502403579594,1,0.5551470588235294,0,0.41081293800799906,1,False
8350-NYMVI,No,1356.3,0,0.08380671197409832,0,0.1650485436893204,0,0.214140465081688,0,False
1600-DILPE,No,2700.0,0,0.2571701141324829,0,0.1650485436893204,0,0.3619858128210862,0,False
0536-ESJEP,No,1341.9,0,0.027666987788576115,0,0.021970705725699067,0,0.19052129360366346,0,False
4654-GGUII,No,2170.8,0,0.09865106018969665,0,0.021970705725699067,0,0.18642578446846045,0,False
6478-HRRCZ,No,2820.0,0,0.039869153278072084,0,0.021970705725699067,0,0.15990016028810922,0,False
8510-BBWMU,No,612.25,0,0.025586969234658904,0,0.021970705725699067,0,0.112427219783476,0,False
6857-TKDJV,No,123.25,0,0.003381377006951479,0,0.021970705725699067,0,0.06786055102094217,0,False
2360-RDGRO,No,729.75,0,0.2965878158660688,0,0.25,0,0.34449809624513306,0,False
0584-BJQGZ,No,3682.45,0,0.14331020310335596,0,0.11405835543766578,0,0.20210159629070318,0,False
1360-XFJMR,No,548.5,0,0.13829566639021557,0,0.24344569288389514,0,0.22639896930420128,0,False
5730-RIITO,No,970.05,0,0.10812209224884096,0,0.11405835543766578,0,0.25241953740069095,0,False
9058-MJLZC,No,4540.799999999999,0,0.4448403688612888,1,0.5551470588235294,0,0.38254398315075583,1,False
0902-XKXPN,No,60.6,0,0.0021758026173027403,0,0.021970705725699067,0,0.07065555663605501,0,False
5177-RVZNU,No,710.5,0,0.015853602903491682,0,0.021970705725699067,0,0.08229674484561485,0,False
0056-EPFBG,No,2048.8,0,0.0487857136671055,0,0.021970705725699067,0,0.15203956874343028,0,False
8993-IZEUX,No,4494.75,0,0.38488961216289735,0,0.45535714285714285,0,0.4050137723939871,0,False
8190-ZTQFB,No,1591.85,0,0.22900752928175658,0,0.1004566210045662,0,0.2873039429735368,0,False
0931-MHTEM,No,1800.9,0,0.11433110158696709,0,0.24344569288389514,0,0.25259503975060715,0,False
7515-LODFU,No,60.900000000000006,0,0.0030335821295366665,0,0.021970705725699067,0,0.08970860526075188,0,False
0440-UEDAI,No,1794.55,0,0.10486629160291491,0,0.24344569288389514,0,0.2362224249437378,0,False
1337-BOZWO,No,2505.6,0,0.12998563381813477,0,0.1004566210045662,0,0.1912732695528433,0,False
0868-VJRDR,No,832.4,0,0.04252508344180951,0,0.06711409395973154,0,0.18459816767104265,0,False
6344-SFJVH,No,1294.8,0,0.222198724782094,0,0.1650485436893204,0,0.30909351604892144,0,False
3950-VPYJB,No,894.0,0,0.010304668414300285,0,0.021970705725699067,0,0.1410943043895927,0,False
8041-TMEID,No,976.5,0,0.06611267510786994,0,0.06711409395973154,0,0.20185960038799805,0,False
7321-ZNSLA,No,2392.45,0,0.041413807809587914,0,0.021970705725699067,0,0.1471468320743906,0,False
6941-KXRRV,No,1414.8000000000002,0,0.06832140247822818,0,0.1004566210045662,0,0.24918626950692674,0,False
8727-JQFHV,No,311.25,0,0.0039057206967336115,0,0.021970705725699067,0,0.072792093768736,0,False
9475-NNDGC,No,113.15,0,0.11739405881852663,0,0.0,0,0.22905882037692002,0,False
1355-KUSBG,No,3172.0,0,0.31131464520515134,1,0.5242718446601942,0,0.34532769990535145,1,False
3688-FTHLT,No,3530.8,0,0.3268568350642169,0,0.1650485436893204,0,0.35302249141446623,0,False
0899-LIIBW,No,3832.3,1,0.5814294523177771,0,0.4540540540540541,0,0.3823608145036614,1,False
1384-RCUXW,No,4510.8,0,0.43484758479584157,0,0.29533678756476683,0,0.36919524428141876,0,False
5825-XJOCM,No,1545.6,0,0.0354393979323473,0,0.021970705725699067,0,0.1738445037280033,0,False
6848-YLDFR,No,1052.8,0,0.03632013052174057,0,0.1004566210045662,0,0.1846241704237352,0,False
8125-QPFJD,No,84.9,0,0.017365891237670406,0,0.021970705725699067,0,0.15093896519881744,0,False
2320-YKQBO,No,1254.5,0,0.1305465429967397,0,0.11405835543766578,0,0.12080303285319914,0,False
4973-RLZVI,No,3135.3,0,0.038911317131316445,0,0.021970705725699067,0,0.15173404436857033,0,False
7869-ZYDST,No,2421.05,0,0.24232785739938867,0,0.1650485436893204,0,0.3166566632982267,0,False
4501-UYKBC,No,1796.6,0,0.08611062872708913,0,0.1004566210045662,0,0.22983764834548562,0,False
1215-EXRMO,No,452.1,0,0.006824781010990208,0,0.021970705725699067,0,0.07712866858364059,0,False
2305-MRGLV,No,3368.2,0,0.20262382474009488,0,0.29533678756476683,0,0.29565414881647123,0,False
8404-VIOMB,No,375.0,0,0.01768447652730967,0,0.021970705725699067,0,0.14729063314715898,0,False
2359-KLTEK,No,2941.9,0,0.30596677760860097,0,0.4697986577181208,0,0.3298379813428623,0,False
5304-EFJLP,No,111.65,0,0.07715584097975514,0,0.06711409395973154,0,0.22784482200230838,0,False
2673-ZALNP,No,1293.5,0,0.07263762571674606,0,0.021970705725699067,0,0.10039537940688892,0,False
9184-GALIL,No,695.3,0,0.03248575677352629,0,0.11405835543766578,0,0.09491760135118885,0,False
4393-RYCRE,No,2969.4,0,0.1959132848978381,0,0.24344569288389514,0,0.283669377407166,0,False
9746-MDMBK,No,2836.25,0,0.12127123190398358,0,0.24344569288389514,0,0.17950981106228855,0,False
3162-ZJZFU,No,1758.45,0,0.1892615794075617,0,0.4540540540540541,0,0.29116459061025785,0,False
8404-GFGCZ,No,4460.799999999999,0,0.4142845642315255,1,0.5242718446601942,0,0.3504521089049238,1,False
8875-AKBYH,No,4386.2,1,0.5923916781382407,1,0.5551470588235294,0,0.45013378210279936,2,False
0533-UCAAU,No,1066.5,0,0.0706612404395873,0,0.1004566210045662,0,0.23746789551150144,0,False
1394-SUIUH,No,2384.2000000000003,0,0.18228226018942473,0,0.25,0,0.2766065118464705,0,False
3521-MNKLV,No,2385.6000000000004,0,0.19803939751012323,0,0.1650485436893204,0,0.33438324504523387,0,False
2533-TIBIX,No,1721.4,0,0.22370554590969235,0,0.11405835543766578,0,0.25391302096428203,0,False
5092-STPKP,No,2704.8,0,0.0754212402453363,0,0.11405835543766578,0,0.2176044917125331,0,False
0114-PEGZZ,No,4194.45,0,0.4314832591020732,0,0.4540540540540541,0,0.36045676130458937,0,False
3359-DSRKA,No,277.90000000000003,0,0.005345720671203132,0,0.021970705725699067,0,0.08689788192117939,0,False
8639-NHQEI,No,95.9,0,0.03557035551206344,0,0.06711409395973154,0,0.22253817280298238,0,False
7161-DFHUF,No,23.85,0,0.0037524876458003603,0,0.021970705725699067,0,0.07428833935168228,0,False
3720-DBRWL,No,1760.85,0,0.021439167097621423,0,0.021970705725699067,0,0.1385558155625192,0,False
8565-WUXZU,No,84.8,0,0.019051405934683546,0,0.021970705725699067,0,0.1896168296194656,0,False
4994-OBRSZ,No,4413.799999999999,0,0.028147622856330684,0,0.021970705725699067,0,0.14167304441255069,0,False
0562-FGDCR,No,74.55,0,0.006394939378735568,0,0.021970705725699067,0,0.13480695486241864,0,False
2436-QBZFP,No,1960.0,0,0.2601700631143025,0,0.2926829268292683,0,0.2913418911555428,0,False
3420-YJLQT,No,5568.5,1,0.5146864137711474,1,0.7912621359223301,0,0.4274631903770309,2,False
6040-CGACY,No,1117.2,0,0.09786192839388526,0,0.11405835543766578,0,0.11656864820782044,0,False
6582-PLFUU,No,410.55,0,0.004783467612697481,0,0.021970705725699067,0,0.07119586661978962,0,False
8242-PDSGJ,No,78.3,0,0.008287152001524392,0,0.021970705725699067,0,0.1427462221299802,0,False
0264-CNITK,No,20.1,0,0.0019345102393310087,0,0.021970705725699067,0,0.07100644045836539,0,False
0089-IIQKO,No,3298.35,0,0.30823472618616776,0,0.4697986577181208,0,0.2976357256073364,0,False
7839-NUIAA,No,657.8,0,0.043452642570111936,0,0.1111111111111111,0,0.23598255519825478,0,False
6075-QMNRR,No,995.0,0,0.05952081108395341,0,0.11405835543766578,0,0.281902889800867,0,False
5966-EMAZU,No,868.0,0,0.13038165373283503,0,0.24344569288389514,0,0.22176190833038537,0,False
0440-EKDCF,No,601.5,0,0.010898654370001173,0,0.015384615384615385,0,0.17045235178511292,0,False
4774-HHGGS,No,800.1,0,0.01646782940640086,0,0.021970705725699067,0,0.07754921861437862,0,False
2055-BFOCC,No,756.0,0,0.032424077632586604,0,0.021970705725699067,0,0.15943911327603014,0,False
8180-AKMJV,No,3163.05,0,0.327698201402821,1,0.5932203389830508,0,0.4083315841349448,1,False
4298-OYIFC,No,5896.650000000001,1,0.5743754672754064,1,0.5551470588235294,0,0.37444283430197167,2,False
5566-SOEZD,No,3629.250000000001,0,0.12994466681428274,0,0.021970705725699067,0,0.22447248918658244,0,False
9842-EFSYY,No,3889.6,0,0.4462259353881406,0,0.11405835543766578,0,0.2600074208869124,0,False
2272-WUSPA,No,110.75,0,0.09278315573483244,0,0.06711409395973154,0,0.2508085037781162,0,False
4584-LBNMK,No,666.9,0,0.023317128700895848,0,0.021970705725699067,0,0.08632816835226972,0,False
3898-GUYTS,No,2620.35,0,0.27562604663954965,0,0.25,0,0.30118700400212456,0,False
0930-EHUZA,No,2748.6,0,0.04560260684997433,0,0.021970705725699067,0,0.16879416518624968,0,False
9975-SKRNR,No,1341.9,0,0.16313391635460822,0,0.3706896551724138,0,0.15853021716418556,0,False
3703-KBKZP,No,4169.2,0,0.4880715245263288,0,0.29533678756476683,0,0.42326299478681256,0,False
4973-MGTON,No,84.4,0,0.011172960505691715,0,0.021970705725699067,0,0.13505070512050396,0,False
3682-YEUWS,No,1512.8,0,0.1699962211211746,0,0.11405835543766578,0,0.11691427842636085,0,False
1223-UNPKS,No,1042.6,0,0.019722832119519914,0,0.021970705725699067,0,0.0751181038709865,0,False
3446-QDSZF,No,3774.0,0,0.28232941552156976,0,0.38461538461538464,0,0.3515330822165712,0,False
5117-IFGPS,No,3624.9,1,0.5371428075253384,1,0.5551470588235294,0,0.4361896405062518,2,False
7379-FNIUJ,No,7014.0,0,0.4705927278493437,1,0.6479591836734694,0,0.36320272568513423,1,False
1627-AFWVJ,No,834.1999999999999,0,0.016155740935479206,0,0.021970705725699067,0,0.08619224375282357,0,False
4486-EFAEB,No,1203.6,0,0.18151502934462235,0,0.1111111111111111,0,0.15682849172711819,0,False
0060-FUALY,No,1231.75,0,0.23982408632172253,0,0.25,0,0.33219308901527145,0,False
6954-OOYZZ,No,2394.9,0,0.22846613774055197,0,0.1650485436893204,0,0.3325764395617067,0,False
7088-FBAWU,No,4100.25,0,0.15421910296004374,0,0.11405835543766578,0,0.21772498691090914,0,False
8313-AFGBW,No,1840.0,0,0.04962531671480591,0,0.015384615384615385,0,0.21347893843049812,0,False
3097-IDVPU,No,2655.3,0,0.17714347683399906,0,0.1650485436893204,0,0.28757927929093685,0,False
2197-OMWGI,No,212.0,0,0.04288409693009737,0,0.015384615384615385,0,0.2257007193998556,0,False
2303-PJYHN,No,1389.5,0,0.14862697086515614,0,0.1111111111111111,0,0.1252280143669349,0,False
9795-VOWON,No,1582.75,0,0.2609405290989081,0,0.1004566210045662,0,0.3172175030519393,0,False
1237-WIYYZ,No,1055.7,0,0.11940758037079321,0,0.11405835543766578,0,0.13701235132877254,0,False
1987-AUELQ,No,25.05,0,0.0034970815648776615,0,0.021970705725699067,0,0.07350312543730203,0,False
7852-LECYP,No,5534.2,0,0.37396963894937896,1,0.7912621359223301,0,0.28947258520731345,1,False
4822-LPTYJ,No,103.75,0,0.08643190907225967,0,0.06711409395973154,0,0.25846975564213887,0,False
8165-CBKXO,No,340.5,0,0.0271664379901873,0,0.015384615384615385,0,0.19490281807284934,0,False
6527-PZFPV,No,998.4,0,0.04079426999060276,0,0.021970705725699067,0,0.09767963675245869,0,False
9593-CVZKR,No,391.2,0,0.008235190579637936,0,0.021970705725699067,0,0.08732454379117385,0,False
8595-SIZNC,No,1280.0,0,0.057623024876090195,0,0.021970705725699067,0,0.08867942598105805,0,False
5236-XMZJY,No,1789.5,0,0.054067826754392305,0,0.11405835543766578,0,0.21478970574997905,0,False
4827-DPADN,No,83.3,0,0.014065337125399993,0,0.021970705725699067,0,0.14086990014234127,0,False
2694-CIUMO,No,4773.0,1,0.5013061823902573,1,0.7912621359223301,0,0.3630897690450076,2,False
5846-ABOBJ,No,24.45,0,0.003611610682218596,0,0.021970705725699067,0,0.07250595839230421,0,False
1439-LCGVL,No,883.1999999999999,0,0.03435162514233067,0,0.021970705725699067,0,0.08697532107612187,0,False
0909-SDHNU,No,1937.0,0,0.22159500461238324,0,0.11405835543766578,0,0.2729357469562052,0,False
4647-XXZAM,No,3003.0,0,0.21426360514058482,0,0.38461538461538464,0,0.31349482151673125,0,False
7740-KKCXF,No,631.0500000000001,0,0.10183467686013936,0,0.1650485436893204,0,0.2841881562900806,0,False
5360-XGYAZ,No,65.65,0,0.01179286634028483,0,0.021970705725699067,0,0.12544806487814278,0,False
3557-HTYWR,No,1851.25,0,0.01788265480195143,0,0.021970705725699067,0,0.15628842236473744,0,False
8920-NAVAY,No,1107.5,0,0.16178471231400274,0,0.24344569288389514,0,0.25498167029818364,0,False
1699-TLDLZ,No,1103.2,0,0.022831493547650447,0,0.021970705725699067,0,0.07588146017041258,0,False
5600-PDUJF,No,3267.0,0,0.2848071939338911,0,0.38461538461538464,0,0.32796206744140805,0,False
0567-XRHCU,No,131.85000000000002,0,0.012984377816008478,0,0.021970705725699067,0,0.16248101434710702,0,False
2067-QYTCF,No,889.2,0,0.28124048251621453,0,0.4540540540540541,0,0.30491309161707314,0,False
7407-SUJIZ,No,968.2,0,0.0682986712082507,0,0.11405835543766578,0,0.11500007746281969,0,False
9150-KPBJQ,No,1296.9,0,0.038912624815373505,0,0.021970705725699067,0,0.0928671289729329,0,False
0052-DCKON,No,694.8,0,0.07542618294062044,0,0.24344569288389514,0,0.1781668133884958,0,False
3654-ARMGP,No,975.15,0,0.020509044189796023,0,0.015384615384615385,0,0.16690196185925887,0,False
9699-UBQFS,No,2740.5,0,0.34911005553432667,0,0.25,0,0.33684560031246547,0,False
9367-TCUYN,No,1206.0,0,0.11923352961166522,0,0.11405835543766578,0,0.11919959161929122,0,False
1261-FWTTE,No,1697.85,0,0.42466076474001496,0,0.1650485436893204,0,0.3494273448013439,0,False
3528-HFRIQ,No,52.3,0,0.11170815929481143,0,0.1650485436893204,0,0.2777174262892248,0,False
0708-SJDIS,No,2470.0,0,0.13756662150698162,0,0.1650485436893204,0,0.2712036812590038,0,False
2073-QBVBI,No,1098.95,0,0.04492520428147088,0,0.13043478260869565,0,0.18624418341599927,0,False
6928-ONTRW,No,19.7,0,0.0018021193204929302,0,0.021970705725699067,0,0.07113736921961056,0,False
3320-VEOYC,No,5544.799999999999,1,0.8018355107789545,1,0.5551470588235294,0,0.4698685740127215,2,False
5231-FIQPA,No,615.35,0,0.01378986243018907,0,0.021970705725699067,0,0.1025240476266412,0,False
6617-WLBQC,No,4010.65,0,0.13346985910406928,0,0.021970705725699067,0,0.22360338084560372,0,False
2599-CIPQE,No,109.3,0,0.01995901091469586,0,0.06711409395973154,0,0.14322988389510166,0,False
8774-GSBUN,No,25.4,0,0.003680892545865971,0,0.021970705725699067,0,0.07426941416977667,0,False
7326-RIGQZ,No,4606.8,0,0.4969854501487524,0,0.45535714285714285,0,0.43049541074061487,0,False
1401-FTHFQ,No,980.0,0,0.041324796463161055,0,0.021970705725699067,0,0.09742874069511104,0,False
0254-FNMCI,No,109.9,0,0.046196418599722726,0,0.06711409395973154,0,0.22801685800957042,0,False
1848-LBZHY,No,3269.5,0,0.2681773474065468,0,0.11405835543766578,0,0.3025879645310634,0,False
8118-TJAFG,No,6394.5,0,0.4701571780075278,1,0.6479591836734694,0,0.32741658339881874,1,False
5429-LWCMV,No,5349.0,1,0.5764900510493014,1,0.7912621359223301,0,0.4286881392703721,2,False
7298-IZWLY,No,1377.4,0,0.2072971153991146,0,0.3706896551724138,0,0.17740305676573673,0,False
9758-MFWGD,No,717.5999999999999,0,0.0422665270512771,0,0.1004566210045662,0,0.20669262869930238,0,False
3955-JBZZM,No,4097.599999999999,0,0.42899104799241505,1,0.5551470588235294,0,0.4089521961642433,1,False
4815-TUMEQ,No,1196.6,0,0.08897997707387045,0,0.021970705725699067,0,0.11789189101639855,0,False
9909-IDLEK,No,5033.599999999999,0,0.2825276605097027,0,0.29533678756476683,0,0.24648470986990387,0,False
4092-OFQZS,No,1073.8,0,0.044793099789273136,0,0.021970705725699067,0,0.08954660938892559,0,False
1561-BWHIN,No,1049.4,0,0.03760983395709921,0,0.021970705725699067,0,0.08208682860303354,0,False
9927-DSWDF,No,5230.0,0,0.4520411854153951,1,0.5551470588235294,0,0.2904300481526365,1,False
9500-LTVBP,No,2961.85,0,0.20961440253273209,0,0.29533678756476683,0,0.30871292411908474,0,False
7252-NTGSS,No,3205.65,0,0.27826012643830145,0,0.43157894736842106,0,0.3861706699739138,0,False
8149-AIQCG,No,2413.9500000000003,0,0.3018130807107273,0,0.29533678756476683,0,0.39476083426253583,0,False
1360-JYXKQ,No,1783.8,0,0.2464089703408095,0,0.24344569288389514,0,0.29505590735843473,0,False
0899-WZRSD,No,1685.6,0,0.22311731629296372,0,0.26666666666666666,0,0.29663677867629706,0,False
3255-GRXMG,No,2465.1,0,0.18581236954197616,0,0.1650485436893204,0,0.3391237465187594,0,False
4828-FAZPK,No,4477.2,0,0.37260641533182776,0,0.29533678756476683,0,0.3367110106605128,0,False
6094-ZIVKX,No,217.8,0,0.016345189976307333,0,0.021970705725699067,0,0.2125940185253242,0,False
6925-BAYGL,No,476.9,0,0.008506878596578648,0,0.021970705725699067,0,0.07850551756183748,0,False
3262-EIDHV,No,84.7,0,0.009094557160227001,0,0.021970705725699067,0,0.1281192207189094,0,False
7354-OIJLX,No,4778.549999999999,1,0.7124976971127195,1,0.6363636363636364,0,0.47968705545383883,2,False
1376-HHBDV,No,2049.6,0,0.12546426362190766,0,0.11405835543766578,0,0.28100111661463123,0,False
6133-OZILE,No,1900.8,0,0.3002456076511491,1,0.5242718446601942,0,0.3237874972228693,1,False
4135-FRWKJ,No,1296.25,0,0.03594336378185424,0,0.021970705725699067,0,0.168114645634843,0,False
6551-ZCOTS,No,971.1,0,0.05332324359020145,0,0.021970705725699067,0,0.1100333782881977,0,False
7191-ADRGF,No,1520.4,0,0.055979473891853454,0,0.015384615384615385,0,0.18964646407209113,0,False
5018-LXQQG,No,2784.6,0,0.07176719715295578,0,0.11405835543766578,0,0.18587438839564568,0,False
6892-BOGQE,No,20.9,0,0.0035675237949738584,0,0.021970705725699067,0,0.0888535288497757,0,False
1746-TGTWV,No,5349.849999999999,0,0.4130012601463775,0,0.5,0,0.39118447983755816,0,False
5995-SNNEW,No,5118.05,1,0.5902995230699554,1,0.5551470588235294,0,0.388751711940387,2,False
8050-WYBND,No,2472.5,0,0.20351928769072253,0,0.1004566210045662,0,0.24621928136481128,0,False
2821-WARNZ,No,447.35,0,0.00917110866785175,0,0.021970705725699067,0,0.08278932569623476,0,False
4879-GZLFH,No,2764.5,0,0.3760659627305884,0,0.4540540540540541,0,0.36493656105548483,0,False
8314-HTWVE,No,1290.25,0,0.03445675039847215,0,0.021970705725699067,0,0.08035450386240058,0,False
9402-ROUMJ,No,501.25,0,0.06525844633738692,0,0.24344569288389514,0,0.20157206499576386,0,False
2507-QZPQS,No,5454.900000000001,0,0.41676187719191954,1,0.5551470588235294,0,0.335714742160971,1,False
7159-NOKYQ,No,465.75,0,0.11414737284894963,0,0.015384615384615385,0,0.2899338451140736,0,False
5707-ZMDJP,No,1324.3,0,0.012472038124921724,0,0.021970705725699067,0,0.13997158318370195,0,False
8779-YIQQA,No,1009.8,0,0.035570865794367384,0,0.021970705725699067,0,0.08208682860303354,0,False
7136-IHZJA,No,2283.2,0,0.06539440320829926,0,0.11405835543766578,0,0.17806031636652125,0,False
8966-OIQHG,No,1037.5,0,0.03034977926581743,0,0.021970705725699067,0,0.07921800552368168,0,False
7074-STDCN,No,1339.8,0,0.21552252608818556,0,0.16666666666666666,0,0.3118574780104379,0,False
8739-QOTTN,No,1424.5,0,0.15529735794549004,0,0.1111111111111111,0,0.12526921767331903,0,False
1399-OUPJN,No,296.25,0,0.0037158366997438607,0,0.021970705725699067,0,0.07105108331550823,0,False
0277-BKSQP,No,3481.6,0,0.3669319171941849,1,0.5242718446601942,0,0.3578259545360126,1,False
5774-XZTQC,No,1329.25,0,0.10894098729168081,0,0.11405835543766578,0,0.10174401021861136,0,False
2676-SSLTO,No,1521.45,0,0.03728086339925102,0,0.015384615384615385,0,0.2281330193577556,0,False
6266-QHOJZ,No,628.9499999999999,0,0.07183592151613138,0,0.021970705725699067,0,0.25470926238933034,0,False
7269-JISCY,No,765.8499999999999,0,0.026634947879490976,0,0.1004566210045662,0,0.24803748470551937,0,False
0363-SVHYR,No,86.85,0,0.00946043062019429,0,0.021970705725699067,0,0.11829982923703657,0,False
8547-NSBBO,No,3579.75,0,0.20063310202972298,0,0.29533678756476683,0,0.24478711010868476,0,False
6591-QGOYB,No,5865.75,0,0.31044309544515974,0,0.29533678756476683,0,0.2680224905317834,0,False
9070-BCKQP,No,110.15,0,0.05360819486892987,0,0.06711409395973154,0,0.1860491849603382,0,False
6421-SZVEM,No,3645.4,0,0.1859501106787475,0,0.021970705725699067,0,0.2520133179601874,0,False
1328-EUZHC,No,1085.4,0,0.026252443000740436,0,0.021970705725699067,0,0.08008167018169746,0,False
8878-RYUKI,No,1189.0,0,0.14430728950129182,0,0.16666666666666666,0,0.3509316562879809,0,False
9633-DENPU,No,1465.0,0,0.12381269308915151,0,0.1650485436893204,0,0.2786328563667802,0,False
7811-JIVPF,No,2435.3,0,0.1418081616693127,0,0.1650485436893204,0,0.3023633617090333,0,False
7113-HIPFI,No,395.1,0,0.003766135778499498,0,0.021970705725699067,0,0.12036122653754903,0,False
8541-QVFKM,No,4704.0,1,0.719962310654856,1,0.6363636363636364,0,0.4810275750275755,2,False
9258-CNWAC,No,113.65,0,0.02786569701198879,0,0.06711409395973154,0,0.143759631863012,0,False
5371-VYLSX,No,1834.8,0,0.24893866115976374,0,0.25,0,0.3518593860189872,0,False
6374-AFWOX,No,1706.9,0,0.010171175464502481,0,0.021970705725699067,0,0.12996714207550922,0,False
5317-FLPJF,No,368.1,0,0.02004198536705378,0,0.021970705725699067,0,0.16363243778400477,0,False
7621-VPNET,No,2577.0,0,0.23547093558977064,0,0.29533678756476683,0,0.2889515614878198,0,False
6034-YMTOB,No,5068.55,1,0.5051152898973558,0,0.45535714285714285,0,0.38611702948890314,1,False
4903-CNOZC,No,3048.7000000000003,0,0.09888528364549931,0,0.1004566210045662,0,0.22266248492589533,0,False
4353-HYOJD,No,2243.25,0,0.11401627409965565,0,0.1650485436893204,0,0.24748999052484447,0,False
7267-FRMJW,No,944.7,0,0.015485731359990037,0,0.021970705725699067,0,0.07367878295824212,0,False
4188-FRABG,No,1545.75,0,0.2086863143790494,0,0.25,0,0.2606693951395894,0,False
4128-ETESU,No,2492.5,0,0.4150358672604433,0,0.4540540540540541,0,0.3950940829656958,0,False
0620-DLSLK,No,4832.1,0,0.4684892385144712,1,0.6479591836734694,0,0.4310765209123547,1,False
3850-OKINF,No,66.2,0,0.03595739754552575,0,0.021970705725699067,0,0.22582264337332947,0,False
1156-ZFYDO,No,1402.25,0,0.2005297836267995,0,0.3706896551724138,0,0.1683098118329215,0,False
3295-YVUSR,No,5082.0,1,0.5961350415434024,1,0.6363636363636364,0,0.4566808641592115,2,False
8016-NCFVO,No,1980.5,0,0.2882412420050778,0,0.25,0,0.2872077540468727,0,False
4119-ZYPZY,No,106.8,0,0.10646970885529836,0,0.06711409395973154,0,0.2915377904223696,0,False
5549-ZGHFB,No,548.9,0,0.007554405108744553,0,0.021970705725699067,0,0.07094246590704474,0,False
7577-SWIFR,No,6336.75,1,0.6665778967693844,1,0.888268156424581,1,0.5003402148495487,3,True
0303-WMMRN,No,1289.75,0,0.18669426385752563,0,0.11405835543766578,0,0.1487374091959518,0,False
6408-OTUBZ,No,627.3,0,0.0676553720262851,0,0.06666666666666667,0,0.20834924055345477,0,False
5204-HMGYF,No,2005.6,0,0.03671034072950514,0,0.021970705725699067,0,0.14492103865898945,0,False
1078-TDCRN,No,2121.75,0,0.4961746370771607,1,0.6666666666666666,0,0.40552142349173104,1,False
3727-OVPRY,No,154.2,0,0.009432546856256767,0,0.021970705725699067,0,0.09626753312685545,0,False
3797-FKOGQ,No,5258.2,0,0.49364773829511877,1,0.7912621359223301,0,0.4029252515743109,1,False
7622-NXQZR,No,1324.4,0,0.18012149985295126,0,0.1650485436893204,0,0.29144827607576806,0,False
6196-HBOBZ,No,695.4499999999999,0,0.07658775837808028,0,0.06711409395973154,0,0.2550224144246149,0,False
3970-XGJDU,No,192.0,0,0.005008532348935646,0,0.021970705725699067,0,0.1027714342981703,0,False
7017-VFULY,No,1407.0,0,0.16807055713021252,0,0.1111111111111111,0,0.1252280143669349,0,False
5562-YJQGT,No,1424.5,0,0.14224488860079437,0,0.1111111111111111,0,0.1266963788251008,0,False
8807-OPMBM,No,436.05,0,0.007749971600859805,0,0.021970705725699067,0,0.08414861251465892,0,False
5439-WIKXB,No,2931.05,0,0.4334418194964345,0,0.4540540540540541,0,0.3857143923734709,0,False
8294-UIMBA,No,3964.8,0,0.2212796275604639,0,0.24344569288389514,0,0.28216225980890747,0,False
8109-YUOHE,No,3085.5,0,0.06743340996837464,0,0.021970705725699067,0,0.20027392884072096,0,False
5840-NVDCG,No,3822.0,0,0.02794865881592815,0,0.021970705725699067,0,0.13866716253159836,0,False
8092-NLTGF,No,24.75,0,0.003387963652413614,0,0.021970705725699067,0,0.08265714794703732,0,False
5928-QLDHB,No,4803.75,1,0.5769244139219121,1,0.6363636363636364,0,0.476550069152469,2,False
9840-EFJQB,No,5278.849999999999,0,0.463604478428493,1,0.888268156424581,0,0.4376121555558823,1,False
0696-UKTOX,No,2653.35,0,0.11760013496972443,0,0.1111111111111111,0,0.25244814613307365,0,False
4801-KFYKL,No,1244.8,0,0.10072391264792054,0,0.11405835543766578,0,0.10792966123752358,0,False
3472-OAOOR,No,1852.35,0,0.1866199427696318,0,0.11405835543766578,0,0.2318040014131175,0,False
6135-OZQVA,No,3487.25,0,0.34147911069079495,1,0.5242718446601942,0,0.3552504279040402,1,False
2252-JHJGE,No,1144.0,0,0.17483752845179432,0,0.24344569288389514,0,0.2865798003546283,0,False
4188-PCPIG,No,1055.25,0,0.012360823067203378,0,0.021970705725699067,0,0.14983354260520482,0,False
7105-BENQF,No,3696.45,0,0.08355787025032904,0,0.021970705725699067,0,0.1932487724901904,0,False
7721-DVEKZ,No,1395.15,0,0.15895570045675878,0,0.3706896551724138,0,0.1562745100114565,0,False
3566-VVORZ,No,2754.0,0,0.20264248826799655,0,0.1650485436893204,0,0.3088096946085313,0,False
9507-HSMMZ,No,360.0,0,0.005654527194285958,0,0.021970705725699067,0,0.0857624526831745,0,False
2480-SQIOB,No,3046.4,0,0.34395720190365514,1,0.5242718446601942,0,0.35565451988974117,1,False
7813-TKCVO,No,1058.2,0,0.043725049423748594,0,0.021970705725699067,0,0.08996337917389687,0,False
0128-MKWSG,No,2106.8,0,0.11656710046913382,0,0.11405835543766578,0,0.19827798933823218,0,False
4350-ZTLPI,No,2070.05,0,0.16710997765989108,0,0.24344569288389514,0,0.23196277890178352,0,False
0361-HJRDX,No,257.4,0,0.011521912381121888,0,0.021970705725699067,0,0.13408290768884096,0,False
5727-MYATE,No,90.8,0,0.012454194733335965,0,0.021970705725699067,0,0.12636142628849284,0,False
3823-KYNQY,No,1497.0,0,0.0728504367685711,0,0.021970705725699067,0,0.09628573992154563,0,False
7570-WELNY,No,338.8,0,0.03461903417937228,0,0.021970705725699067,0,0.23140359963463605,0,False
3021-VLNRJ,No,1557.6,0,0.024731008881828213,0,0.021970705725699067,0,0.17213320970672757,0,False
2080-CAZNM,No,3236.4,0,0.48455485997308023,0,0.4540540540540541,0,0.3943573126172803,0,False
1028-FFNJK,No,4263.0,1,0.5154123551617492,1,0.5551470588235294,0,0.377362666262301,2,False
6907-FLBER,No,3855.3,0,0.36468218276213554,0,0.43157894736842106,0,0.3891684773191087,0,False
3001-UNBTL,No,4469.85,1,0.5402343753608131,1,0.5551470588235294,0,0.3934166552498135,2,False
5982-PSMKW,No,4463.9,0,0.05152099069177071,0,0.021970705725699067,0,0.1331001489121931,0,False
3507-GASNP,No,239.4,0,0.003392860150679146,0,0.021970705725699067,0,0.08073504694361557,0,False
7096-ZNBZI,No,26.45,0,0.0032967635083947355,0,0.021970705725699067,0,0.07360802942056055,0,False
1676-MQAOA,No,75.1,0,0.007610001973448569,0,0.021970705725699067,0,0.15192774113572952,0,False
0786-IVLAW,No,648.5999999999999,0,0.13822976212557184,0,0.24344569288389514,0,0.26957766252018917,0,False
7566-DSRLQ,No,110.15,0,0.0941245877260465,0,0.06711409395973154,0,0.24150373837100883,0,False
7245-JMTTQ,No,2341.5,0,0.22565210307887645,0,0.24344569288389514,0,0.28350199836867507,0,False
6050-IJRHS,No,213.0,0,0.16818460877214547,0,0.24344569288389514,0,0.29247982957883417,0,False
6202-JVYEU,No,1253.6999999999998,0,0.1222254564555745,0,0.021970705725699067,0,0.1337045458105081,0,False
8591-TKMZH,No,1444.3,0,0.05951170487284909,0,0.06711409395973154,0,0.17537027874634592,0,False
0734-OXWBT,No,4878.3,0,0.2491658872729683,0,0.1111111111111111,0,0.27772522041091446,0,False
4282-ACRXS,No,844.9000000000001,0,0.2545931435041291,0,0.16666666666666666,0,0.3657782965356947,0,False
0365-TRTPY,No,3192.0,0,0.20391981900114983,0,0.29533678756476683,0,0.2738356507825519,0,False
7349-ALMUX,No,2296.0,0,0.012279100847145268,0,0.021970705725699067,0,0.1374092760451226,0,False
6502-KUGLL,No,3448.1000000000004,0,0.07751637463027722,0,0.11405835543766578,0,0.17737236542997195,0,False
1841-YSJGV,No,109.95,0,0.046384389769241176,0,0.06711409395973154,0,0.18065427236578022,0,False
3511-BFTJW,No,38.5,0,0.005206586393498057,0,0.021970705725699067,0,0.14448910339943888,0,False
7668-XCFYV,No,5090.25,1,0.6636744664640521,1,0.5551470588235294,0,0.44589490988531727,2,False
5018-HEKFO,No,1519.0,0,0.1944979877910757,0,0.11405835543766578,0,0.14018272732204184,0,False
2923-ARZLG,No,1418.4,0,0.1529738934254558,0,0.021970705725699067,0,0.11338456001458082,0,False
3976-NLDEZ,No,1462.6,0,0.18382402903808912,0,0.3706896551724138,0,0.1540414872890416,0,False
2282-YGNOR,No,2494.0,0,0.03416959329452191,0,0.021970705725699067,0,0.16348479538763327,0,False
5336-UFNZP,No,752.15,0,0.20906999398870255,0,0.24344569288389514,0,0.2954968195275707,0,False
6854-EXGSF,No,4192.0,0,0.27778302607861655,0,0.11405835543766578,0,0.27776813547324336,0,False
1241-EZFMJ,No,279.95,0,0.005534022056426599,0,0.021970705725699067,0,0.07323690233571069,0,False
9233-PSYHO,No,2704.05,0,0.28362328424831934,0,0.24344569288389514,0,0.328544656604646,0,False
5376-PCKNB,No,104.45,0,0.11912166764148169,0,0.0,0,0.24865735707126033,0,False
8044-BGWPI,No,1269.0,0,0.16110057628681584,0,0.1111111111111111,0,0.12886017901461125,0,False
4060-LDNLU,No,6253.0,1,0.6134937171921898,1,0.7912621359223301,0,0.4463348915514425,2,False
3589-PPVKW,No,2797.2,0,0.2918845886259458,0,0.1650485436893204,0,0.38004334793759376,0,False
5887-IKKYO,No,1320.9,0,0.04572480016661046,0,0.06711409395973154,0,0.20638757457855292,0,False
1755-RMCXH,No,1421.0,0,0.1324761015118054,0,0.1111111111111111,0,0.11470205837692077,0,False
3858-XHYJO,No,3384.0,0,0.20118775443693593,0,0.24344569288389514,0,0.24265672675820313,0,False
4299-SIMNS,No,5112.450000000001,0,0.49597126465536995,1,0.7912621359223301,0,0.42274393917575226,1,False
7025-IWFHT,No,2776.05,0,0.1785525578713098,0,0.1004566210045662,0,0.29302080964363114,0,False
6261-LHRTG,No,2518.5,0,0.15507406599532014,0,0.1650485436893204,0,0.29792748941094416,0,False
7841-FCRQD,No,2096.25,0,0.05479947610226822,0,0.1004566210045662,0,0.20203969685437975,0,False
2056-EVGZL,No,423.0,0,0.055954975470303994,0,0.24344569288389514,0,0.18650043611387562,0,False
8777-MBMTS,No,740.9499999999999,0,0.06208532949622674,0,0.06711409395973154,0,0.21486914509450397,0,False
7753-USQYQ,No,1091.4,0,0.0521701743068963,0,0.1004566210045662,0,0.23575461228764802,0,False
7661-CPURM,No,4648.1,0,0.23291061137254124,0,0.1004566210045662,0,0.2749966660730885,0,False
6233-HXJMX,No,2411.1,0,0.32887590130275307,0,0.4697986577181208,0,0.37552206785082887,0,False
5902-WBLSE,No,40.3,0,0.00287018911955712,0,0.021970705725699067,0,0.0842823572733513,0,False
3239-TPHPZ,No,1203.0,0,0.06391458624862248,0,0.021970705725699067,0,0.10765731518398064,0,False
5115-GZDEL,No,67.2,0,0.00766615866091827,0,0.021970705725699067,0,0.12109781246195606,0,False
3338-CVVEH,No,5673.0,1,0.7248360643966554,1,0.7912621359223301,0,0.4327844086490157,2,False
2615-YVMYX,No,107.5,0,0.27723386151782076,0,0.25,0,0.3172204844482408,0,False
2851-STERV,No,2701.0,0,0.14966049369685105,0,0.1004566210045662,0,0.2617554368651445,0,False
4393-GEADV,No,229.5,0,0.02775287779349001,0,0.06711409395973154,0,0.14195912055748466,0,False
8486-AYEQH,No,3118.05,0,0.4221542409039583,1,0.5551470588235294,0,0.436859997564094,1,False
5419-JKZNQ,No,3271.8,0,0.33634202291178456,0,0.29533678756476683,0,0.3652248528788048,0,False
2495-KZNFB,No,3535.3500000000004,0,0.396550439600137,1,0.5551470588235294,0,0.38650386557429994,1,False
1409-PHXTF,No,1988.1,0,0.15885634988235645,0,0.06711409395973154,0,0.25664834954202925,0,False
4560-WQAQW,No,893.1,0,0.02402056317200271,0,0.021970705725699067,0,0.1774084593087247,0,False
9591-YVTEB,No,762.45,0,0.1341347459307664,0,0.2926829268292683,0,0.2844592294156998,0,False
9309-BZGNT,No,89.4,0,0.03601662810831372,0,0.1004566210045662,0,0.24976814207622763,0,False
4274-DRSQT,No,533.4000000000001,0,0.12193560062792452,0,0.1004566210045662,0,0.30769856632149517,0,False
2027-DNKIV,No,2056.25,0,0.03332048522775365,0,0.021970705725699067,0,0.1594721301573856,0,False
8075-GXIUB,No,1250.5500000000002,0,0.0731895082354016,0,0.021970705725699067,0,0.09190040933236342,0,False
2885-HIJDH,No,260.70000000000005,0,0.011465312469936604,0,0.021970705725699067,0,0.13060122039285388,0,False
5424-RLQLC,No,3698.3,0,0.30315586756328,0,0.1650485436893204,0,0.33084022284074294,0,False
6507-DTJZV,No,3917.6,0,0.23513324759675702,0,0.1650485436893204,0,0.305261315320064,0,False
7673-BQGKU,No,60.45,0,0.002106459929220681,0,0.021970705725699067,0,0.07073749446533403,0,False
6723-WSNTY,No,648.5999999999999,0,0.14312771135334684,0,0.24344569288389514,0,0.23498349215277353,0,False
2725-IWWBA,No,1479.4,0,0.016936553338273666,0,0.021970705725699067,0,0.14267381294281234,0,False
1061-PNTHC,No,1753.6,0,0.18925335205715055,0,0.26666666666666666,0,0.2353640734465812,0,False
0394-YONDK,No,50.3,0,0.0029281758033416626,0,0.021970705725699067,0,0.0686824405301619,0,False
6574-MCOEH,No,3086.8500000000004,0,0.14923899434679008,0,0.1004566210045662,0,0.22208147541358206,0,False
7399-QHBJS,No,66.75,0,0.003930168398223217,0,0.021970705725699067,0,0.12738472662540576,0,False
0997-YTLNY,No,2586.4,0,0.12453947340376943,0,0.1650485436893204,0,0.25825798412795253,0,False
9479-HYNYL,No,80.7,0,0.01586703752551994,0,0.015384615384615385,0,0.16921856842172,0,False
9708-KFDBY,No,1459.05,0,0.1497928705381484,0,0.3706896551724138,0,0.14194713301840267,0,False
3642-GKTCT,No,1266.1,0,0.11061852453812596,0,0.24344569288389514,0,0.20905716428537852,0,False
0774-RMNUW,No,59.7,0,0.007974763046007015,0,0.021970705725699067,0,0.1289252926784281,0,False
1334-PDUKM,No,345.8,0,0.06075059674972644,0,0.1004566210045662,0,0.25032917460928666,0,False
0756-MPZRL,No,876.2,0,0.0391491085628335,0,0.1004566210045662,0,0.19606341701512808,0,False
2242-MFOTG,No,3123.9,0,0.1295733744246454,0,0.021970705725699067,0,0.25378189339694207,0,False
2927-CVULT,No,1976.95,0,0.0453228257574424,0,0.06711409395973154,0,0.1671952666919534,0,False
2144-BFDSO,No,2392.5,0,0.2390535915026179,0,0.4697986577181208,0,0.2701338475938782,0,False
8745-PVESG,No,616.5,0,0.02432742928223818,0,0.021970705725699067,0,0.17391585050013855,0,False
7647-GYYKX,No,366.3,0,0.005933790084729432,0,0.021970705725699067,0,0.08592805003174714,0,False
5647-FXOTP,No,1270.8000000000002,0,0.3921528824559241,0,0.4540540540540541,0,0.3738920657917213,0,False
9700-ISPUP,No,4061.0,0,0.30644931269821624,0,0.1111111111111111,0,0.2891236481936045,0,False
9839-ETQOE,No,1173.0500000000002,0,0.114700403164833,0,0.2926829268292683,0,0.24740907766601708,0,False
6078-VESFR,No,4156.55,0,0.37288864959342105,0,0.45535714285714285,0,0.38465706234350605,0,False
9027-TMATR,No,2285.2,0,0.04490623092031209,0,0.021970705725699067,0,0.17751700013217142,0,False
1941-HOSAM,No,6397.099999999999,1,0.625082879285436,1,0.888268156424581,0,0.44636137694440314,2,False
9110-HSGTV,No,247.35,0,0.012610861506463409,0,0.021970705725699067,0,0.16788148720430965,0,False
0704-VCUMB,No,222.75,0,0.003752951531212872,0,0.021970705725699067,0,0.07655714463428889,0,False
6171-ZTVYB,No,1921.25,0,0.051927385214208525,0,0.11405835543766578,0,0.17890193498788678,0,False
1935-IMVBB,No,1435.2,0,0.2242769985435819,0,0.26666666666666666,0,0.36012985372224937,0,False
2535-PBCGC,No,129.1,0,0.010885995627399664,0,0.021970705725699067,0,0.1240064641714007,0,False
1470-PSXNM,No,2153.9500000000003,0,0.23987909876288233,0,0.1004566210045662,0,0.2939353283997439,0,False
2498-XLDZR,No,2944.0,0,0.017049006891743886,0,0.021970705725699067,0,0.12497854178194351,0,False
9866-OCCKE,No,109.75,0,0.07014567743957012,0,0.06711409395973154,0,0.2119533535657493,0,False
5338-YHWYT,No,2150.75,0,0.009779346950572114,0,0.021970705725699067,0,0.13697395993056627,0,False
7718-UPSKJ,No,319.20000000000005,0,0.062453505799027115,0,0.24344569288389514,0,0.20274919936875016,0,False
8731-WBBMB,No,3767.4,0,0.14124992985943363,0,0.1650485436893204,0,0.20305612611193616,0,False
1448-CYWKC,No,1472.8,0,0.16164301613714568,0,0.24344569288389514,0,0.2539460367969459,0,False
7901-IIDQV,No,2620.8,0,0.079580224786913,0,0.1004566210045662,0,0.2137562533806783,0,False
2690-DVRVK,No,1376.85,0,0.08709240498731326,0,0.021970705725699067,0,0.09739040514974738,0,False
1270-XKUCC,No,827.4,0,0.012583754753963401,0,0.021970705725699067,0,0.07384392057292102,0,False
0334-ZFJSR,No,1122.85,0,0.023388763978836987,0,0.021970705725699067,0,0.15988857088358233,0,False
5583-EJXRD,No,1513.4,0,0.022489401595463553,0,0.021970705725699067,0,0.12435236976310218,0,False
4565-EVZMJ,No,1472.5,0,0.024972710434815276,0,0.021970705725699067,0,0.173554018421763,0,False
3327-YBAKM,No,775.2,0,0.0870444117904846,0,0.24344569288389514,0,0.23211755415948832,0,False
9441-QHEVC,No,1356.1,0,0.16282989073368093,0,0.3706896551724138,0,0.15551388529684965,0,False
6705-LNMDD,No,2600.0,0,0.13255114865087367,0,0.1650485436893204,0,0.2728563648828359,0,False
2580-ASVVY,No,1589.0,0,0.04064300439158426,0,0.021970705725699067,0,0.18672457135223233,0,False
3370-GQEAL,No,3588.9,0,0.3799862603638605,1,0.5551470588235294,0,0.3725753951010542,1,False
5032-USPKF,No,2859.4,0,0.07231935191613492,0,0.021970705725699067,0,0.18370787826059698,0,False
4254-QPEDE,No,1325.0,0,0.019277575681223666,0,0.021970705725699067,0,0.12945377367550726,0,False
6283-GITPX,No,76.9,0,0.00627654619221451,0,0.021970705725699067,0,0.13942077939951758,0,False
0771-CHWSK,No,447.6,0,0.017313472523645648,0,0.021970705725699067,0,0.17735096911398227,0,False
9788-HNGUT,No,116.95,0,0.04963096052741669,0,0.06711409395973154,0,0.16740031874813974,0,False
9495-REDIY,No,1910.55,0,0.1143725034660838,0,0.021970705725699067,0,0.2117343636493302,0,False
5375-XLDOF,No,343.04999999999995,0,0.040991405126737795,0,0.06711409395973154,0,0.1641734563182028,0,False
1172-VIYBP,No,1324.3,0,0.01559879682704426,0,0.021970705725699067,0,0.16281948029790988,0,False
6559-PDZLR,No,4537.900000000001,0,0.4451177559777353,1,0.5551470588235294,0,0.3657316607325935,1,False
8992-OBVDG,No,3144.15,0,0.20258312200334036,0,0.1650485436893204,0,0.29228364381905986,0,False
4273-MBHYA,No,6343.849999999999,1,0.6177558514948958,1,0.888268156424581,0,0.47346202819877,2,False
4724-WXVWF,No,2289.6000000000004,0,0.309408109637354,0,0.25,0,0.33330757712139514,0,False
5701-GUXDC,No,1628.4,0,0.08398737088565218,0,0.021970705725699067,0,0.18511563047814725,0,False
1460-UZPRJ,No,239.4,0,0.00443244882806348,0,0.021970705725699067,0,0.07720183931534792,0,False
6082-GLJIX,No,1039.5,0,0.0894460709614248,0,0.11405835543766578,0,0.11588699016970233,0,False
2495-TTHBQ,No,1387.1999999999998,0,0.0904272766929887,0,0.021970705725699067,0,0.11739660128733442,0,False
0485-ZBSLN,No,173.25,0,0.0036861251538837926,0,0.021970705725699067,0,0.06845593677076339,0,False
3810-PJUHR,No,50.7,0,0.003159635685095183,0,0.021970705725699067,0,0.07073039177346435,0,False
0847-HGRML,No,200.0,0,0.0029153092983942174,0,0.021970705725699067,0,0.07829686448304697,0,False
8232-CTLKO,No,358.5,0,0.01625396197352795,0,0.021970705725699067,0,0.21219676155108613,0,False
9227-YBAXE,No,577.5,0,0.014882141165976522,0,0.021970705725699067,0,0.14229927470648196,0,False
9860-LISIZ,No,773.3000000000001,0,0.04855737705870686,0,0.11405835543766578,0,0.11607006732021048,0,False
0112-QAWRZ,No,5084.8,0,0.4572307905355524,0,0.29533678756476683,0,0.35671944123728494,0,False
2786-GCDPI,No,2308.9,0,0.3994716205910348,0,0.4540540540540541,0,0.3774365583095553,0,False
4043-MKDTV,No,105.25,0,0.06940232645034129,0,0.06711409395973154,0,0.23679861907848523,0,False
9229-RQABD,No,1282.5,0,0.06385020229612526,0,0.021970705725699067,0,0.09485167801436468,0,False
8313-KTIHG,No,4168.4,0,0.36026238237387553,1,0.5242718446601942,0,0.3538572420134657,1,False
5320-BRKGK,No,1061.2,0,0.011328501161160697,0,0.021970705725699067,0,0.13795227416812708,0,False
6284-KMNUF,No,1568.0,0,0.24959200337008222,0,0.24344569288389514,0,0.31731939505025625,0,False
6229-UOLQL,No,832.0,0,0.028480194312746628,0,0.021970705725699067,0,0.14313331868356147,0,False
3137-LUPIX,No,4379.200000000001,0,0.35331348526695866,0,0.38461538461538464,0,0.3271799079241785,0,False
6143-JQKEA,No,2839.6,0,0.26814949249253095,0,0.1650485436893204,0,0.37446368860774654,0,False
8676-OOQEJ,No,2074.0,0,0.34879429907112897,1,0.5242718446601942,0,0.34065703552369697,1,False
9701-CDXHR,No,1452.15,0,0.1800304949866955,0,0.29533678756476683,0,0.35022853484520383,0,False
8124-NZVGJ,No,3250.5,0,0.3002812948010711,0,0.375,0,0.2641758889598809,0,False
2162-FRZAA,No,354.15000000000003,0,0.007928519638921777,0,0.015384615384615385,0,0.14011143054211642,0,False
5118-MUEYH,No,2522.4,0,0.28832506128359164,0,0.4697986577181208,0,0.2777124637461358,0,False
5627-TVBPP,No,743.7,0,0.02379782107315928,0,0.021970705725699067,0,0.10149394802532012,0,False
3936-QQFLL,No,1382.5,0,0.1566389220385497,0,0.1111111111111111,0,0.13304432344003356,0,False
2589-AYCRP,No,434.5,0,0.011403597011753714,0,0.021970705725699067,0,0.091877188362897,0,False
4067-HLYQI,No,2745.6000000000004,0,0.348416387369753,0,0.29533678756476683,0,0.3984708286069423,0,False
5124-EOGYE,No,838.4499999999999,0,0.015115672564286245,0,0.021970705725699067,0,0.08654511477376126,0,False
5057-RKGLH,No,1282.0500000000002,0,0.03146152220806989,0,0.021970705725699067,0,0.07988539650619644,0,False
0292-WEGCH,No,1551.6,0,0.1369218404914485,0,0.1111111111111111,0,0.23672476972788267,0,False
8910-ICHIU,No,2486.9,0,0.11155159292135132,0,0.06666666666666667,0,0.23683855753603403,0,False
4097-YODCF,No,3944.4,0,0.2560628034656449,0,0.24344569288389514,0,0.27417088689905567,0,False
9715-WZCLW,No,97.2,0,0.08764459975739136,0,0.06711409395973154,0,0.27089334061058806,0,False
9786-YWNHU,No,571.9499999999999,0,0.004302584110262502,0,0.021970705725699067,0,0.12117842395924765,0,False
6407-GSJNL,No,523.9499999999999,0,0.00815420655361909,0,0.021970705725699067,0,0.08280883501461114,0,False
4049-ZPALD,No,792.0,0,0.062037253750976976,0,0.06711409395973154,0,0.23446264848602957,0,False
3733-UOCWF,No,941.05,0,0.10085284793205655,0,0.1004566210045662,0,0.2518912314688728,0,False
6833-JMZYP,No,5358.0,0,0.49536257316989685,0,0.4697986577181208,0,0.38991108186289325,0,False
1310-QRITU,No,2716.2,0,0.4180455649590777,0,0.16666666666666666,0,0.3867717255864194,0,False
8961-QDZZJ,No,1425.0,0,0.17248303531681564,0,0.24344569288389514,0,0.2989456754372863,0,False
9715-SBVSU,No,3561.2,0,0.06025102706692734,0,0.021970705725699067,0,0.18779794041196285,0,False
8490-BXHEO,No,4349.7,0,0.43301979914656236,0,0.29533678756476683,0,0.3615721265449789,0,False
7173-TETGO,No,78.5,0,0.027401129552187837,0,0.021970705725699067,0,0.25172791521214327,0,False
7929-SKFGK,No,228.6,0,0.03743243971991444,0,0.06711409395973154,0,0.15355121500173946,0,False
2300-RQGOI,No,681.7,0,0.010879835728982348,0,0.021970705725699067,0,0.08685789415932764,0,False
3563-SVYLG,No,250.6,0,0.003448777331397244,0,0.021970705725699067,0,0.12243986577230258,0,False
6435-VWCCY,No,648.9,0,0.05990842421464534,0,0.021970705725699067,0,0.23475862622297794,0,False
4998-IKFSE,No,4218.900000000001,0,0.4777451554038673,0,0.4540540540540541,0,0.39139621937167585,0,False
8630-QSGXK,No,1579.2,0,0.04818952822751277,0,0.015384615384615385,0,0.2156648589875134,0,False
2455-USLMV,No,3474.75,0,0.2753636143400947,0,0.29533678756476683,0,0.31452339528575257,0,False
9488-FVZCC,No,79.5,0,0.00868779651079101,0,0.021970705725699067,0,0.1301464292537143,0,False
5995-WWKKG,No,693.0,0,0.04078428921849054,0,0.021970705725699067,0,0.12872748493461356,0,False
7879-CGSFV,No,1715.3000000000002,0,0.13909428839266944,0,0.24344569288389514,0,0.2622246265299211,0,False
9921-EZKBY,No,3716.7,0,0.2894459486018008,0,0.4697986577181208,0,0.29916289448775396,0,False
7432-FFVAR,No,2364.7000000000003,0,0.07933143692511098,0,0.1004566210045662,0,0.21639776922244652,0,False
7246-ZGQDF,No,3869.5,0,0.17514390579298345,0,0.3939393939393939,0,0.29617019577992115,0,False
4456-RHSNB,No,2628.8,0,0.1841123535068715,0,0.1650485436893204,0,0.29601425122911906,0,False
2481-SBOYW,No,275.0,0,0.005879797990397706,0,0.021970705725699067,0,0.09198368696830254,0,False
7109-MFBYV,No,2090.7000000000003,0,0.18541244127346562,0,0.16666666666666666,0,0.34589718542475084,0,False
1833-TCXKK,No,2909.25,0,0.46084975971104675,0,0.4697986577181208,0,0.3291892814646155,0,False
1832-PEUTS,No,891.0,0,0.0708726923164473,0,0.015384615384615385,0,0.26100047704014023,0,False
8660-BUETV,No,3087.75,0,0.26652522742149487,0,0.43157894736842106,0,0.36397225822382373,0,False
0580-PIQHM,No,3149.6,0,0.13083581580938153,0,0.24344569288389514,0,0.2132290062647304,0,False
5696-CEIQJ,No,515.75,0,0.032844653160800964,0,0.06711409395973154,0,0.1811023731581515,0,False
1696-HXOWK,No,95.65,0,0.061660189744472176,0,0.0,0,0.2332904437376522,0,False
3026-ATZYV,No,2628.5,0,0.04500081081291394,0,0.021970705725699067,0,0.17005960493873348,0,False
4012-YCFAI,No,736.2,0,0.008943571940611848,0,0.021970705725699067,0,0.14645185365789964,0,False
9970-QBCDA,No,1300.2,0,0.1251504353393279,0,0.11405835543766578,0,0.11764628939849109,0,False
9496-IVVRP,No,3111.0,0,0.13019887806773464,0,0.11405835543766578,0,0.23490642685151603,0,False
2657-VPXTA,No,5508.7,1,0.5708869119381575,1,0.6479591836734694,0,0.4257261624713957,2,False
6551-VLJMV,No,761.9,0,0.012396488657857599,0,0.021970705725699067,0,0.07707372212761912,0,False
1221-GHZEP,No,651.0,0,0.01191582810472575,0,0.021970705725699067,0,0.18017821844456872,0,False
9289-LBQVU,No,561.2,0,0.04142108783503391,0,0.375,0,0.20632985805168974,0,False
3458-IDMFK,No,975.25,0,0.027647642923050865,0,0.021970705725699067,0,0.1004880850068182,0,False
6933-FHBZC,No,2578.3,0,0.10511981939795316,0,0.13043478260869565,0,0.2431087515458057,0,False
0221-NAUXK,No,1236.9,0,0.07007244944556798,0,0.021970705725699067,0,0.10814917082918794,0,False
9770-KXGQU,No,1873.4,0,0.097130244571058,0,0.06666666666666667,0,0.22540330790842666,0,False
6538-POCHL,No,3081.0,0,0.2587771461323027,0,0.29533678756476683,0,0.3340776646480828,0,False
6726-NNFWD,No,89.45,0,0.038916701861273544,0,0.015384615384615385,0,0.24068365636927286,0,False
3002-WQZWT,No,3190.6,0,0.43639313796160617,1,0.5551470588235294,0,0.44259301250064875,1,False
4277-UDIEF,No,3888.0,0,0.13539387269627273,0,0.11405835543766578,0,0.19142138337010603,0,False
1208-NBVFH,No,2579.2000000000003,0,0.23601001849847852,0,0.16666666666666666,0,0.32920532642874006,0,False
4912-PIGUY,No,6006.599999999999,1,0.6701431574412203,1,0.888268156424581,0,0.49537691544644635,2,False
2725-TTRIQ,No,84.2,0,0.013750977057417324,0,0.021970705725699067,0,0.14086990014234127,0,False
3374-TTZTK,No,2126.0,0,0.08154551258017778,0,0.06711409395973154,0,0.21131361653067626,0,False
8990-ZXLSU,No,4350.15,0,0.4441526261017913,0,0.45535714285714285,0,0.4388415426868169,0,False
2275-RBYQS,No,3223.4,0,0.342890784545759,1,0.5932203389830508,0,0.4100813162041089,1,False
4419-UJMUS,No,298.04999999999995,0,0.09692211317533071,0,0.06711409395973154,0,0.2684992557672224,0,False
7794-JASDG,No,3603.25,0,0.27188246600287586,1,0.5932203389830508,0,0.3446056270834952,1,False
7609-YBPXG,No,1567.8,0,0.02127182585347144,0,0.021970705725699067,0,0.1569910085718098,0,False
5519-TEEUH,No,785.8499999999999,0,0.030235648072232026,0,0.021970705725699067,0,0.1044684778174928,0,False
7856-GANIL,No,2664.9,0,0.17836489774583547,0,0.06666666666666667,0,0.2434536062383322,0,False
0804-XBFBV,No,1537.2,0,0.3163207908525426,1,0.5242718446601942,0,0.32653601727530523,1,False
2676-OXPPQ,No,3676.2,0,0.2072635780457249,0,0.11405835543766578,0,0.28688395995164373,0,False
3703-TTEPD,No,3332.85,0,0.14269073496646123,0,0.11405835543766578,0,0.24829107616928836,0,False
2799-TSLAG,No,177.1,0,0.0053253045356470565,0,0.021970705725699067,0,0.08363571165149775,0,False
2208-NKVVH,No,703.25,0,0.010254700261669148,0,0.021970705725699067,0,0.07097612990231608,0,False
7139-JZFVG,No,726.0,0,0.006320934003976675,0,0.021970705725699067,0,0.13718525791612182,0,False
4987-GQWPO,No,1380.5,0,0.24385974013675873,0,0.1650485436893204,0,0.30736923092318785,0,False
1757-TCATG,No,741.85,0,0.018239465210429146,0,0.021970705725699067,0,0.07764989935002281,0,False
4776-XSKYQ,No,1815.0,0,0.11086455974856055,0,0.1004566210045662,0,0.2017440373867984,0,False
8048-DSDFQ,No,1434.2,0,0.16116255042100122,0,0.3706896551724138,0,0.15629677963705177,0,False
5753-QQWPW,No,2635.6,0,0.06676272557417891,0,0.021970705725699067,0,0.19712195454127301,0,False
6010-DDPPW,No,50.3,0,0.003908566100461919,0,0.021970705725699067,0,0.07326153287758261,0,False
6693-FRIRW,No,5470.2,0,0.3716949835133481,0,0.4697986577181208,0,0.314537761510337,0,False
6586-MYGKD,No,153.9,0,0.017824906542024573,0,0.021970705725699067,0,0.16471997452548134,0,False
3173-NVMPX,No,3483.9,0,0.3342323927347341,0,0.1650485436893204,0,0.30964371823222714,0,False
0248-PGHBZ,No,462.25,0,0.03019049518915465,0,0.021970705725699067,0,0.22284477077819467,0,False
0623-GDISB,No,3439.9500000000003,0,0.26136580553500877,1,0.5932203389830508,0,0.35461634379382195,1,False
2892-GESUL,No,1044.9,0,0.021377025092041764,0,0.021970705725699067,0,0.07617310530313189,0,False
7472-EQOAV,No,86.7,0,0.04037944231065362,0,0.021970705725699067,0,0.21319520116026158,0,False
2043-WVTQJ,No,3954.7,0,0.21168063616048355,0,0.43157894736842106,0,0.2862911106765622,0,False
8034-RYTVV,No,1432.25,0,0.10354755526057809,0,0.021970705725699067,0,0.25651485299030136,0,False
3863-QSTYI,No,840.45,0,0.09183899212379437,0,0.16666666666666666,0,0.29900445148626476,0,False
5044-LRQAQ,No,4498.0,0,0.45601454161846433,0,0.45535714285714285,0,0.42247660100422485,0,False
1716-LSAMB,No,1475.55,0,0.00900727867523285,0,0.021970705725699067,0,0.14073320116461546,0,False
1333-PBMXB,No,445.5,0,0.01566071516549893,0,0.021970705725699067,0,0.09549412628302106,0,False
6546-OPBBH,No,502.95,0,0.01944049382293241,0,0.021970705725699067,0,0.09824326124114634,0,False
5985-BEHZK,No,105.0,0,0.11941308886563162,0,0.0,0,0.2628903403550507,0,False
9127-QRZMH,No,1675.8,0,0.0267020877703067,0,0.021970705725699067,0,0.1585479445986942,0,False
5919-VCZYM,No,1403.5,0,0.15626365496414193,0,0.1111111111111111,0,0.13304432344003356,0,False
9644-KVCNC,No,552.9000000000001,0,0.13154041266033087,0,0.1004566210045662,0,0.32483012388079474,0,False
2137-DQMEV,No,179.2,0,0.017231375792450793,0,0.021970705725699067,0,0.1718250285857718,0,False
8174-LNWMW,No,856.9,0,0.013507493127362578,0,0.021970705725699067,0,0.08602687761559989,0,False
9279-CJEOJ,No,4865.400000000001,1,0.6878979331611753,0,0.4697986577181208,0,0.4143282063805159,1,False
7964-VEXDG,No,4097.849999999999,0,0.3074489075832438,1,0.5551470588235294,0,0.33045545590834735,1,False
2404-JIBFC,No,1446.6999999999998,0,0.023320865161032968,0,0.021970705725699067,0,0.14335622372963777,0,False
8029-XYPWT,No,115.05,0,0.056178690517533575,0,0.06711409395973154,0,0.18567649935419037,0,False
4632-PAOYU,No,997.5,0,0.03334166347759943,0,0.021970705725699067,0,0.08126201371273022,0,False
2990-OGYTD,No,430.75,0,0.01867476912682711,0,0.015384615384615385,0,0.1548423939235214,0,False
6646-JPPHA,No,4573.299999999999,0,0.32771575669525194,1,0.5551470588235294,0,0.34342302620278886,1,False
7658-UYUQS,No,4414.05,0,0.3702105345967019,0,0.29533678756476683,0,0.3489799981526721,0,False
7880-XSOJX,No,2883.2,0,0.19553006262328937,0,0.11405835543766578,0,0.2393470985348358,0,False
4589-IUAJB,No,48.5,0,0.0037940558718646427,0,0.021970705725699067,0,0.07284888811288,0,False
8746-BFOAJ,No,1045.5,0,0.04549038328319478,0,0.021970705725699067,0,0.0945183388942592,0,False
8457-XIGKN,No,1019.2,0,0.1141095731220272,0,0.11405835543766578,0,0.13514507682128346,0,False
6072-NUQCB,No,1012.5,0,0.03149653622941384,0,0.021970705725699067,0,0.07913252514414419,0,False
8838-GPHZP,No,185.4,0,0.005291345733829858,0,0.021970705725699067,0,0.10035345229072566,0,False
8750-QWZAJ,No,39.6,0,0.002033629657778684,0,0.021970705725699067,0,0.07105108331550823,0,False
6918-UMQCG,No,5373.400000000001,1,0.5153462183743611,1,0.6479591836734694,0,0.44656041123085666,2,False
0675-NCDYU,No,116.4,0,0.039000130012914844,0,0.06711409395973154,0,0.15801984764967186,0,False
6339-DKLMK,No,1867.35,0,0.37808010946070736,0,0.2926829268292683,0,0.36654499468618645,0,False
1346-PJWTK,No,1035.65,0,0.1183581845624248,0,0.08108108108108109,0,0.24222923814579564,0,False
5088-QZLRL,No,1466.15,0,0.20252275548277876,0,0.3706896551724138,0,0.16789706374381214,0,False
8023-QHAIO,No,1229.6,0,0.19296410976136408,0,0.08108108108108109,0,0.32705435641499564,0,False
4397-FRLTA,No,1370.1999999999998,0,0.1433232966108324,0,0.11405835543766578,0,0.1317005953483852,0,False
3057-VJJQE,No,2044.25,0,0.031271626378478606,0,0.021970705725699067,0,0.20608300215109185,0,False
2302-OUZXB,No,82.15,0,0.021094247708526737,0,0.015384615384615385,0,0.19078710546169916,0,False
8133-ANHHJ,No,2369.0,0,0.08856538174349234,0,0.24344569288389514,0,0.1975415042413064,0,False
2270-CHBFN,No,2662.8,0,0.15249536678835587,0,0.29533678756476683,0,0.22042460565724348,0,False
5982-FPVQN,No,3330.25,0,0.38138894164371906,0,0.4540540540540541,0,0.34217394192472717,0,False
9107-UKCKY,No,877.8,0,0.1173202185410205,0,0.1004566210045662,0,0.2616753201838684,0,False
4654-ULTTN,No,149.6,0,0.013404367140793906,0,0.021970705725699067,0,0.14681697309438818,0,False
5546-BYZSM,No,633.9499999999999,0,0.046829244643050376,0,0.1111111111111111,0,0.1321349499744965,0,False
1492-KGETH,No,156.7,0,0.012423912683322115,0,0.021970705725699067,0,0.12999752381639648,0,False
4163-HFTUK,No,401.1,0,0.016569888522854882,0,0.021970705725699067,0,0.10472864092571513,0,False
8215-NGSPE,No,600.0,0,0.007434973307455982,0,0.021970705725699067,0,0.07384392057292102,0,False
8859-YSTWS,No,478.8,0,0.012849390855483735,0,0.021970705725699067,0,0.09219999553773825,0,False
7601-DHFWZ,No,576.0,0,0.009089837759292743,0,0.021970705725699067,0,0.08390603204693281,0,False
1998-VHJHK,No,861.7499999999999,0,0.032455118438232795,0,0.021970705725699067,0,0.09240748315741591,0,False
1707-HABPF,No,2373.8,0,0.18684136714059627,0,0.1004566210045662,0,0.2948742863385444,0,False
0487-VVUVK,No,900.05,0,0.07878540381846058,0,0.11405835543766578,0,0.1134983435888672,0,False
5063-IUOKK,No,1165.25,0,0.03364228426470816,0,0.021970705725699067,0,0.0895908985111718,0,False
4508-OEBEY,No,3095.5,0,0.05370369741491681,0,0.021970705725699067,0,0.16273128307424606,0,False
0027-KWYKW,No,4103.75,0,0.4926069916432364,1,0.5551470588235294,0,0.39933049346866945,1,False
2308-STERM,No,1358.0,0,0.17652062803842336,0,0.1111111111111111,0,0.13283699616638112,0,False
5982-XMDEX,No,185.5,0,0.0044387291151415965,0,0.021970705725699067,0,0.08297951453693374,0,False
6051-PTVNS,No,325.54999999999995,0,0.007180066651144752,0,0.021970705725699067,0,0.07822621126446404,0,False
2877-VDUER,No,1513.3,0,0.07149544081480912,0,0.13043478260869565,0,0.18960105060668894,0,False
9152-AMKAK,No,5296.5,0,0.0955909226492295,0,0.021970705725699067,0,0.2084960285506126,0,False
9432-VOFYX,No,3894.0,0,0.46389820121044484,1,0.5551470588235294,0,0.45135175007859163,1,False
8049-WJCLQ,No,3732.4,0,0.22587702996045364,0,0.1650485436893204,0,0.27568235399399643,0,False
6586-PSJOX,No,3146.4,0,0.06431953156445933,0,0.1004566210045662,0,0.20136691055267936,0,False
9705-ZJBCG,No,3194.85,0,0.049810420244135144,0,0.021970705725699067,0,0.16386030287008344,0,False
6847-KJLTS,No,1405.6,0,0.2869246341690138,0,0.26666666666666666,0,0.3295377677090742,0,False
9670-BPNXF,No,1688.85,0,0.023800221488076454,0,0.021970705725699067,0,0.1720361276470895,0,False
3913-FCUUW,No,70.45,0,0.006186575458189122,0,0.021970705725699067,0,0.12919765696249386,0,False
3301-VKTGC,No,342.0,0,0.053353036266508606,0,0.021970705725699067,0,0.22460137235619101,0,False
9555-SAHUZ,No,1853.0,0,0.0689749935590227,0,0.1111111111111111,0,0.23595286622560938,0,False
0816-TSPHQ,No,1452.5,0,0.17707739596278255,0,0.1111111111111111,0,0.1326884064521263,0,False
9932-WBWIK,No,1241.35,0,0.11442239311178797,0,0.11405835543766578,0,0.118306740445437,0,False
4619-EVPHY,No,4732.0,0,0.45506044833785614,0,0.1004566210045662,0,0.33748178365826453,0,False
5286-YHCVC,No,104.8,0,0.08717029663077423,0,0.06711409395973154,0,0.25846975564213887,0,False
9115-YQHGA,No,1635.2,0,0.14030986683037014,0,0.16666666666666666,0,0.31764038128205957,0,False
4462-CYWMH,No,898.0,0,0.2526001271286511,0,0.08108108108108109,0,0.34486435274139565,0,False
8963-MQVYN,No,1027.5,0,0.11039089754047453,0,0.1111111111111111,0,0.14271770090205046,0,False
2458-EOMRE,No,3907.05,0,0.1842935839104772,0,0.11405835543766578,0,0.2548385123844701,0,False
9334-GWGOW,No,4865.25,1,0.7579223945809221,1,0.6363636363636364,0,0.47120551415569545,2,False
6542-LWGXJ,No,1725.0,0,0.4619782128537347,0,0.43157894736842106,0,0.3573985018673201,0,False
5567-GZKQY,No,284.2,0,0.004225144957547103,0,0.021970705725699067,0,0.08557231536815077,0,False
1222-LRYKO,No,1739.1,0,0.1422555121427211,0,0.11405835543766578,0,0.11197929775094143,0,False
2087-QAREY,No,2735.0,0,0.2184609841695063,0,0.1650485436893204,0,0.2901962197450795,0,False
4423-JWZJN,No,722.0,0,0.08491835706791839,0,0.1004566210045662,0,0.2555869097410199,0,False
6490-FGZAT,No,1362.9,0,0.13561804236715622,0,0.11405835543766578,0,0.12135319508804539,0,False
7452-FOLON,No,839.85,0,0.020349667371810307,0,0.021970705725699067,0,0.08259693776410548,0,False
2320-TZRRH,No,1014.0,0,0.045242970618784434,0,0.021970705725699067,0,0.09515998142972451,0,False
4942-VZZOM,No,529.2,0,0.03922392394351321,0,0.021970705725699067,0,0.21736682191339543,0,False
7502-BNYGS,No,1796.6,0,0.14657390914350646,0,0.1650485436893204,0,0.28822691455463584,0,False
4291-HYEBC,No,1720.4,0,0.19817247621736792,0,0.1004566210045662,0,0.26714388135435896,0,False
6147-CBCRA,No,781.95,0,0.049656203194796675,0,0.11405835543766578,0,0.10643574528848872,0,False
6047-SUHPR,No,1973.4,0,0.03577695335614667,0,0.021970705725699067,0,0.18232953935899385,0,False
9752-ZNQUT,No,3450.6,0,0.46994902349389045,1,0.5932203389830508,0,0.41048996755615685,1,False
1576-PFZIW,No,210.7,0,0.0401490479640851,0,0.06711409395973154,0,0.1981326248972378,0,False
5666-MBJPT,No,175.70000000000002,0,0.006778925853519953,0,0.021970705725699067,0,0.09614334829934243,0,False
7312-XSBAT,No,3532.25,0,0.26662407141862793,0,0.43157894736842106,0,0.3603865696852057,0,False
3096-GKWEB,No,5116.5,1,0.6297294320182562,1,0.5551470588235294,0,0.42633095097566964,2,False
2371-JQHZZ,No,4464.0,1,0.5992197542314276,1,0.5551470588235294,0,0.42936118573253684,2,False
0674-GCDXG,No,647.1,0,0.016368319687420144,0,0.021970705725699067,0,0.1694773440593715,0,False
1121-QSIVB,No,2171.4,0,0.10112197089158491,0,0.375,0,0.24987084388422898,0,False
4396-KLSEH,No,1349.8000000000002,0,0.285226907170601,0,0.1111111111111111,0,0.16989419208735893,0,False
2824-MYYBN,No,3333.75,0,0.45968276185527907,0,0.4540540540540541,0,0.39478340394881456,0,False
6345-HOVES,No,951.9,0,0.19625779127579945,0,0.1650485436893204,0,0.34557393496912,0,False
8318-LCNBW,No,1966.55,0,0.0989509363230707,0,0.021970705725699067,0,0.18873429803957123,0,False
6469-QJKZW,No,1370.1999999999998,0,0.18526040476159478,0,0.1111111111111111,0,0.1413585919427495,0,False
0147-ESWWR,No,3341.25,0,0.4645094339944439,0,0.4540540540540541,0,0.3672276385641681,0,False
1217-VASWC,No,2915.95,0,0.27021279182584124,0,0.24344569288389514,0,0.2835231904851736,0,False
6370-ZVHDV,No,278.3,0,0.0054534214534087775,0,0.021970705725699067,0,0.07367520818211343,0,False
5915-DGNVC,No,1651.4,0,0.057592285569556,0,0.021970705725699067,0,0.21106764760179697,0,False
6260-XLACS,No,1339.6,0,0.08346878064820501,0,0.021970705725699067,0,0.10148105811647877,0,False
3566-CAAYU,No,398.8,0,0.015923940636736418,0,0.015384615384615385,0,0.16145152899270676,0,False
4983-CCWMC,No,4802.4,1,0.6211207883220802,0,0.45535714285714285,0,0.4460288316385806,1,False
9103-CXVOK,No,1402.25,0,0.1757395638841717,0,0.3706896551724138,0,0.15390117702336914,0,False
2896-TBNBE,No,2585.6,0,0.13957803238207203,0,0.1004566210045662,0,0.2891207140145354,0,False
2522-WLNSF,No,2439.6,0,0.06691239260472905,0,0.1004566210045662,0,0.20458359481734903,0,False
3841-CONLJ,No,2485.0,0,0.49366052892372836,0,0.43157894736842106,0,0.3896366451311881,0,False
4475-NVTLU,No,518.4,0,0.009343893708843117,0,0.021970705725699067,0,0.07640965216813528,0,False
9386-LDCZR,No,2628.8500000000004,0,0.06798000097357616,0,0.021970705725699067,0,0.19805759182129262,0,False
9585-KKMFD,No,620.0,0,0.011610082818243876,0,0.021970705725699067,0,0.08686897581552616,0,False
5399-ZIMKF,No,5001.55,1,0.5156327192086941,0,0.45535714285714285,0,0.44258801955575783,1,False
0336-KXKFK,No,61.2,0,0.015750006869241818,0,0.021970705725699067,0,0.16011572964094292,0,False
5619-XZZKR,No,1356.6,0,0.08911077860538291,0,0.021970705725699067,0,0.1112845025937907,0,False
3948-FVVRP,No,3452.4,0,0.1539152854359554,0,0.1650485436893204,0,0.2397150259704038,0,False
5327-XOKKY,No,73.45,0,0.03813378101799144,0,0.015384615384615385,0,0.24339007161972392,0,False
0983-TATYJ,No,2006.55,0,0.07017214056293715,0,0.13043478260869565,0,0.2241764570812997,0,False
1813-JYWTO,No,80.45,0,0.02377399510873848,0,0.021970705725699067,0,0.23693075811930617,0,False
6719-OXYBR,No,4862.099999999999,0,0.44830263927324865,1,0.5551470588235294,0,0.40113599148606455,1,False
3312-ZWLGF,No,3409.9,1,0.5225778078861246,1,0.5551470588235294,0,0.3681674926431501,2,False
6476-YHMGA,No,4360.5,0,0.1622525215616064,0,0.1650485436893204,0,0.19779280888862652,0,False
0795-XCCTE,No,25.4,0,0.0039181666768395304,0,0.021970705725699067,0,0.08774290634043239,0,False
0168-XZKBB,No,4603.049999999999,1,0.5592675012936686,1,0.5551470588235294,0,0.4275190586648214,2,False
3785-NRHYR,No,1395.15,0,0.16199520166968814,0,0.3706896551724138,0,0.15853021716418556,0,False
4537-DKTAL,No,3188.5,0,0.3271643575534583,0,0.43157894736842106,0,0.4087790213948415,0,False
7072-MBHEV,No,4764.099999999999,0,0.4622716933560197,1,0.6363636363636364,0,0.37962400942203145,1,False
5602-BVFMK,No,1158.0,0,0.05978189874357822,0,0.021970705725699067,0,0.09538821794179034,0,False
6297-NOOPG,No,221.0,0,0.10661152795481611,0,0.06711409395973154,0,0.24150373837100883,0,False
8204-TIFGJ,No,994.7,0,0.09336804728761679,0,0.11405835543766578,0,0.13867306698331944,0,False
8050-DVOJX,No,1871.05,0,0.01824285139617364,0,0.021970705725699067,0,0.15177295604279323,0,False
8903-XEBGX,No,3871.0,1,0.5057074632361461,1,0.5932203389830508,0,0.40346658768475974,2,False
8169-SAEJD,No,169.64999999999998,0,0.017349615313807566,0,0.021970705725699067,0,0.17873041475097334,0,False
1089-XZWHH,No,945.6,0,0.023347931036332207,0,0.021970705725699067,0,0.08916251894119476,0,False
2325-WINES,No,4162.0,0,0.2988486476990582,0,0.24344569288389514,0,0.2839075528595205,0,False
6064-ZATLR,No,2378.25,0,0.026008040431158452,0,0.021970705725699067,0,0.17845858740438952,0,False
7824-PANSQ,No,1129.1,0,0.12759476182082077,0,0.08108108108108109,0,0.3116131886342712,0,False
9648-BCHKM,No,1331.1,0,0.03815800774285398,0,0.021970705725699067,0,0.08822923766878253,0,False
2888-ADFAO,No,532.5,0,0.008090950094802705,0,0.021970705725699067,0,0.085527490186697,0,False
8707-HOEDG,No,220.4,0,0.07952562963420884,0,0.06711409395973154,0,0.22431813852996021,0,False
4072-IPYLT,No,1837.8,0,0.056520443415483505,0,0.11405835543766578,0,0.22237347393391693,0,False
7167-PCEYD,No,99.0,0,0.004566101897420709,0,0.021970705725699067,0,0.10037282508970012,0,False
4936-YPJNK,No,1233.8,0,0.15553058258756264,0,0.11405835543766578,0,0.14027616579992094,0,False
1580-BMCMR,No,4626.9,0,0.4501644906111858,1,0.5551470588235294,0,0.38614314415954964,1,False
4817-KEQSP,No,19.85,0,0.001917405255758806,0,0.021970705725699067,0,0.07105108331550823,0,False
6408-WHTEF,No,89.4,0,0.013684619515586341,0,0.021970705725699067,0,0.13139154636974756,0,False
9251-AWQGT,No,480.0,0,0.005700586592357602,0,0.021970705725699067,0,0.07363179936079982,0,False
8749-CLJXC,No,1423.55,0,0.18494096342078142,0,0.3706896551724138,0,0.15853021716418556,0,False
7989-VCQOH,No,4495.5,0,0.1644296187849714,0,0.16666666666666666,0,0.20336340179673396,0,False
4199-QHJNM,No,514.5,0,0.06265565608081156,0,0.06711409395973154,0,0.23310717750156815,0,False
8882-TLVRW,No,117.3,0,0.005334501508351766,0,0.021970705725699067,0,0.13204660371097598,0,False
5135-GRQJV,No,114.5,0,0.06075246418900056,0,0.06711409395973154,0,0.18554099171643876,0,False
2384-OVPSA,No,686.8,0,0.012548197839504673,0,0.021970705725699067,0,0.09408277116054878,0,False
1371-WEPDS,No,1785.6,0,0.10283250856553025,0,0.1004566210045662,0,0.28591761889521866,0,False
3580-GICBM,No,266.2,0,0.0066367791865613625,0,0.021970705725699067,0,0.08732454379117385,0,False
9730-DRTMJ,No,2912.0,0,0.076343609862481,0,0.021970705725699067,0,0.18527339888791414,0,False
4686-UXDML,No,5092.349999999999,1,0.6093274611336432,0,0.4697986577181208,0,0.35725993137631873,1,False
3349-ANQNH,No,1293.5,0,0.28463934582403383,0,0.24344569288389514,0,0.36524512014469146,0,False
0932-YIXYU,No,506.25,0,0.006828097646130556,0,0.021970705725699067,0,0.08630838984160238,0,False
7480-SPLEF,No,78.0,0,0.004512137125666808,0,0.021970705725699067,0,0.08208288331094522,0,False
7636-XUHWW,No,1393.0,0,0.19090533464471313,0,0.1111111111111111,0,0.14463610947116198,0,False
1431-CYWMH,No,952.5,0,0.05940035174812227,0,0.11405835543766578,0,0.0950679009995366,0,False
5937-EORGB,No,5500.5,1,0.532669508562643,1,0.5551470588235294,0,0.38094896201432576,2,False
6349-JDHQP,No,377.15,0,0.005206209346953135,0,0.021970705725699067,0,0.08719211077183496,0,False
5539-HIVAK,No,1130.8,0,0.09055926208884903,0,0.11405835543766578,0,0.11307167253552299,0,False
5847-MXBEO,No,1015.0,0,0.0407954003401574,0,0.021970705725699067,0,0.09411652004061805,0,False
4583-PARNH,No,5126.8,0,0.4834075949770473,1,0.5551470588235294,0,0.37184028815622944,1,False
1116-FRYVH,No,945.6,0,0.010599480158299125,0,0.021970705725699067,0,0.13287260343458848,0,False
1421-HCERK,No,4439.400000000001,0,0.2845438439786598,0,0.29533678756476683,0,0.2371380002854623,0,False
9633-XQABV,No,4847.25,1,0.5561682125440858,0,0.45535714285714285,0,0.4877937483875283,1,False
0716-BQNDX,No,1406.25,0,0.06772067243354453,0,0.0,0,0.25274241571313416,0,False
1183-CANVH,No,2940.0,0,0.07942940429019678,0,0.1004566210045662,0,0.20210671832879853,0,False
1972-XMUWV,No,418.6,0,0.014459553802970192,0,0.015384615384615385,0,0.2030360132321379,0,False
8679-LZBMD,No,2538.2000000000003,0,0.22014334529116927,0,0.1004566210045662,0,0.3177518650799247,0,False
3407-JMJQQ,No,109.0,0,0.051828268446917215,0,0.06711409395973154,0,0.20163728894259939,0,False
6252-DFGTK,No,2383.5,0,0.03429219462908551,0,0.021970705725699067,0,0.15363212884437083,0,False
1539-LNKHM,No,1224.0,0,0.1086226307725555,0,0.11405835543766578,0,0.11778574803168182,0,False
8645-KOMJQ,No,245.85,0,0.019935394648811514,0,0.015384615384615385,0,0.16731139585280275,0,False
0289-IVARM,No,2240.35,0,0.09525945967304422,0,0.1111111111111111,0,0.250557222583196,0,False
9761-XUJWD,No,4395.2,0,0.2594919862076724,0,0.1650485436893204,0,0.2871683795240811,0,False
4057-FKCZK,No,1155.0,0,0.059347767943129924,0,0.015384615384615385,0,0.27093346186322964,0,False
4291-TPNFG,No,82.3,0,0.01148128309147448,0,0.021970705725699067,0,0.13766438153997534,0,False
6087-YPWHO,No,68.15,0,0.0056725792967690135,0,0.021970705725699067,0,0.12820804838126523,0,False
3090-QFUVD,No,1441.3,0,0.16712316820279638,0,0.3706896551724138,0,0.14420505586113966,0,False
1722-LDZJS,No,383.8,0,0.0080910903267752,0,0.021970705725699067,0,0.07820535772303266,0,False
1818-ESQMW,No,4014.0,0,0.3789279069345582,1,0.5551470588235294,0,0.3614654750926329,1,False
7401-RUBNK,No,4039.2,0,0.3127570462741181,1,0.5551470588235294,0,0.35398845967265913,1,False
0506-YLVKJ,No,525.1999999999999,0,0.00921093327472738,0,0.021970705725699067,0,0.08686897581552616,0,False
8661-BOYNW,No,84.4,0,0.01713781184331568,0,0.021970705725699067,0,0.14688833674514484,0,False
4815-GBTCD,No,1710.1999999999998,0,0.49301016316471713,1,0.5242718446601942,0,0.4028074146659841,1,False
2805-AUFQN,No,930.6,0,0.017719593010488553,0,0.021970705725699067,0,0.08723252220641274,0,False
0980-PVMRC,No,1627.2,0,0.25334323978459383,0,0.2926829268292683,0,0.2924669749466419,0,False
7233-DRTRF,No,921.6,0,0.3511804113776469,0,0.4540540540540541,0,0.3666954143448868,0,False
3873-NFTGI,No,3219.0,0,0.26762795213833246,0,0.1650485436893204,0,0.3278159878126604,0,False
1162-ECVII,No,109.75,0,0.07767944191392807,0,0.06711409395973154,0,0.22784482200230838,0,False
7048-GXDAY,No,3511.2000000000003,0,0.39502805006361447,0,0.25,0,0.35229454034659374,0,False
8571-ZCMCX,No,1500.0,0,0.036047089331780004,0,0.021970705725699067,0,0.15557364412495278,0,False
1169-WCVAK,No,4706.4,0,0.32381721946350434,0,0.29533678756476683,0,0.2374809443232232,0,False
7129-CAKJW,No,4402.75,0,0.3656032471686393,0,0.29533678756476683,0,0.36228348644082464,0,False
8695-ARGXZ,No,2870.9,0,0.44110623826974243,1,0.5551470588235294,0,0.435010012842883,1,False
3570-YUEKJ,No,1486.5,0,0.13601182942960824,0,0.1111111111111111,0,0.33548219107913757,0,False
1555-HAPSU,No,23.9,0,0.002708226321380587,0,0.021970705725699067,0,0.06878130297985183,0,False
1697-NVVGY,No,3519.2000000000003,0,0.1688947442947129,0,0.11405835543766578,0,0.24471059734623754,0,False
8464-EETCQ,No,282.0,0,0.0044906044461664255,0,0.021970705725699067,0,0.08691969466718151,0,False
2419-FSORS,No,108.4,0,0.0937124471335406,0,0.06711409395973154,0,0.24411095524184748,0,False
8132-YPVBX,No,5672.7,1,0.6071187030107563,1,0.6479591836734694,0,0.40109612127350047,2,False
6754-LZUKA,No,889.9000000000001,0,0.03030189917744507,0,0.015384615384615385,0,0.19045896696754824,0,False
8099-MZPUJ,No,2683.2,0,0.04989439758169932,0,0.06711409395973154,0,0.14566256800976862,0,False
0787-LHDYT,No,1153.6,0,0.11968639537725884,0,0.11405835543766578,0,0.13473123519378885,0,False
0374-IOEGQ,No,3077.4,0,0.3219492589729167,0,0.43157894736842106,0,0.3960576628746055,0,False
3197-NNYNB,No,735.6999999999999,0,0.0703702472782428,0,0.06711409395973154,0,0.24674037191519038,0,False
3396-DKDEL,No,230.3,0,0.04274854725727297,0,0.06711409395973154,0,0.15801984764967186,0,False
1752-OZXFY,No,717.5999999999999,0,0.03413917860649639,0,0.021970705725699067,0,0.21765297587319904,0,False
9066-QRSDU,No,78.9,0,0.015169500698601889,0,0.021970705725699067,0,0.11573570760241583,0,False
9112-WSNPU,No,2610.35,0,0.3658808204689604,1,0.5551470588235294,0,0.4146033480703838,1,False
9867-NNXLC,No,1002.5,0,0.10297353882460256,0,0.11405835543766578,0,0.13701235132877254,0,False
5321-NTRKC,No,479.1,0,0.02066027282503469,0,0.015384615384615385,0,0.1833943877932621,0,False
3161-GETRM,No,3421.9,0,0.35073061681024353,0,0.4697986577181208,0,0.3390833667810017,0,False
0402-OAMEN,No,24.45,0,0.002654046080553409,0,0.021970705725699067,0,0.06808792936713841,0,False
6933-VLYFX,No,2457.9500000000003,0,0.09599071108357969,0,0.021970705725699067,0,0.1551920970735963,0,False
6754-WKSHP,No,1064.7,0,0.02947958024344041,0,0.021970705725699067,0,0.0829995142536385,0,False
4976-LNFVV,No,1817.9,0,0.28938745880131833,0,0.1650485436893204,0,0.3072331816589892,0,False
5055-MGMGF,No,735.35,0,0.29387618608766414,0,0.25,0,0.3481550381066715,0,False
4641-FROLU,No,810.6,0,0.012659794069070689,0,0.021970705725699067,0,0.07415954727839673,0,False
2862-JVEOY,No,1263.9,0,0.07745281939024047,0,0.021970705725699067,0,0.10100493309031594,0,False
2969-QWUBZ,No,3598.0,0,0.4909117943623966,0,0.43157894736842106,0,0.36628149887006883,0,False
9822-BIIGN,No,1365.15,0,0.06962822692033212,0,0.16666666666666666,0,0.21297551836088308,0,False
2077-MPJQO,No,4901.0,1,0.7582502885087662,1,0.6363636363636364,0,0.47120551415569545,2,False
1534-OULXE,No,546.7,0,0.017159753258566588,0,0.021970705725699067,0,0.1991836208921927,0,False
2971-SGAFL,No,4646.25,0,0.4866922793565997,0,0.16666666666666666,0,0.3388742575836926,0,False
1480-IVEVR,No,3019.2,0,0.23840958015287125,0,0.1004566210045662,0,0.3177051962572909,0,False
2905-KFQUV,No,4928.0,0,0.48315430453599806,0,0.45535714285714285,0,0.42546883009693004,0,False
3370-HXOPH,No,5250.9,1,0.539533832893463,1,0.6363636363636364,0,0.4542268028834399,2,False
9391-YZEJW,No,940.0,0,0.18498987948974127,0,0.24344569288389514,0,0.3407110933238797,0,False
9958-MEKUC,No,103.95,0,0.01932081107646704,0,0.06711409395973154,0,0.1424768429975546,0,False
0281-CNTZX,No,179.54999999999998,0,0.005166889206429479,0,0.021970705725699067,0,0.08920256904448304,0,False
4118-CEVPF,No,4099.599999999999,0,0.19797660911443593,0,0.24344569288389514,0,0.2167124249420808,0,False
9114-VEPUF,No,961.0,0,0.10501753713122887,0,0.24344569288389514,0,0.2675708353749062,0,False
7876-BEUTG,No,2781.6,0,0.3705015061822396,0,0.1650485436893204,0,0.365205704666517,0,False
2338-BQEZT,No,859.3499999999999,0,0.05050122895180583,0,0.11405835543766578,0,0.27794662536040454,0,False
9873-MNDKV,No,2723.65,0,0.2749331373400122,0,0.1650485436893204,0,0.3611908014742338,0,False
8241-JUIQO,No,213.95,0,0.007324515139584805,0,0.021970705725699067,0,0.09084663068528048,0,False
2194-IIQOF,No,89.3,0,0.01121360556801025,0,0.021970705725699067,0,0.12514393917141753,0,False
9631-RXVJM,No,712.25,0,0.012828527106258392,0,0.021970705725699067,0,0.08693277006765716,0,False
9584-EXCDZ,No,3877.5,0,0.31284514988152606,0,0.29533678756476683,0,0.38328298451545534,0,False
5093-FEGLU,No,491.25,0,0.007067242192478033,0,0.021970705725699067,0,0.07757594971180284,0,False
2621-UDNLU,No,1438.65,0,0.14974006513754481,0,0.1111111111111111,0,0.12357718051409818,0,False
7526-IVLYU,No,1355.85,0,0.19841936712311137,0,0.1111111111111111,0,0.14858082484924776,0,False
2428-HYUNX,No,541.8000000000001,0,0.013414712830905682,0,0.021970705725699067,0,0.09388897561586912,0,False
9214-EKVXR,No,3124.0,0,0.3459371430266247,1,0.5932203389830508,0,0.41586539177765824,1,False
3410-MHHUM,No,2643.2000000000003,0,0.1773890926099742,0,0.24344569288389514,0,0.27385424745107306,0,False
2122-YWVYA,No,4071.6,0,0.3734299295157005,1,0.5551470588235294,0,0.39390519643134775,1,False
2296-DKZFP,No,497.0,0,0.008812846939755169,0,0.021970705725699067,0,0.1540741314438031,0,False
8909-BOLNL,No,1462.8,0,0.09140142237580302,0,0.021970705725699067,0,0.1112845025937907,0,False
6603-YRDCJ,No,2380.95,0,0.02261501663188241,0,0.021970705725699067,0,0.1484943095572061,0,False
3229-USWAR,No,3038.1,0,0.0750240298016098,0,0.021970705725699067,0,0.18662056959376108,0,False
2138-VFAPZ,No,1142.6,0,0.03527081542540937,0,0.021970705725699067,0,0.09153879066993262,0,False
6131-JLWZM,No,1197.7,0,0.14050090828029446,0,0.11405835543766578,0,0.13605491137217082,0,False
0269-XFESX,No,1193.15,0,0.04292955854410181,0,0.021970705725699067,0,0.07946441981732662,0,False
1709-EJDOX,No,493.75,0,0.006050482643319659,0,0.021970705725699067,0,0.07384392057292102,0,False
4316-XCSLJ,No,2766.5,0,0.1534122234979433,0,0.11405835543766578,0,0.27948178026277387,0,False
9693-XMUOB,No,653.25,0,0.20696600705489232,0,0.2926829268292683,0,0.32989517496448423,0,False
0383-CLDDA,No,256.04999999999995,0,0.01836224355864332,0,0.021970705725699067,0,0.16728354708520116,0,False
2709-UQGNP,No,3202.3,0,0.21729774732258886,0,0.11405835543766578,0,0.3094273058584516,0,False
3549-ZTMNH,No,1440.0,0,0.04900843569517889,0,0.021970705725699067,0,0.0883715143062291,0,False
8033-ATFAS,No,1975.05,0,0.13705043993977442,0,0.1650485436893204,0,0.2741828610587669,0,False
1635-NZATJ,No,25.45,0,0.004070128679802315,0,0.021970705725699067,0,0.07797359266139631,0,False
0562-HKHML,No,23.9,0,0.0027503519623834505,0,0.021970705725699067,0,0.06843631007846188,0,False
8277-RVRSV,No,941.85,0,0.0257197019335415,0,0.021970705725699067,0,0.07789650512093886,0,False
9943-VSZUV,No,378.5,0,0.1956848635795217,0,0.08108108108108109,0,0.41376394167003033,0,False
7054-ENNGU,No,3203.55,0,0.24383773704661746,0,0.1650485436893204,0,0.29905857042798595,0,False
1455-HFBXA,No,1832.0,0,0.045119016839711285,0,0.021970705725699067,0,0.1856231795250209,0,False
9402-CXWPL,No,197.8,0,0.14616431012856118,0,0.24344569288389514,0,0.3155592777974581,0,False
1628-BIZYP,No,6035.0,1,0.7226332660366003,1,0.888268156424581,0,0.46111249037003943,2,False
0082-LDZUE,No,3145.3,0,0.3500158117441811,1,0.5932203389830508,0,0.41237684506250744,1,False
5343-SGUBI,No,1604.0,0,0.13836234757276958,0,0.13043478260869565,0,0.3074873894580561,0,False
0856-NAOES,No,4019.4,0,0.2843018415269968,0,0.1650485436893204,0,0.3286983179597031,0,False
1976-AZZPJ,No,2223.0,0,0.24107721731502293,0,0.11405835543766578,0,0.25660742744179527,0,False
6156-UZDLF,No,4008.9,0,0.1155351552441317,0,0.021970705725699067,0,0.22472603548747966,0,False
3099-OONVS,No,2552.1,0,0.08912161311820996,0,0.16666666666666666,0,0.22327654890972348,0,False
9500-WBGRP,No,57.3,0,0.0041356781721318845,0,0.021970705725699067,0,0.10079337512043814,0,False
5183-KLYEM,No,112.75,0,0.04664999194158429,0,0.06711409395973154,0,0.18259632487743777,0,False
5144-PQCDZ,No,1356.6,0,0.19118077694360788,0,0.11405835543766578,0,0.14887381001394773,0,False
8514-VZHEB,No,253.5,0,0.0036276444598695484,0,0.021970705725699067,0,0.07320581422485135,0,False
6625-IUTTT,No,327.75,0,0.009538737958681428,0,0.021970705725699067,0,0.17787679134736054,0,False
9355-NPPFS,No,3624.8,0,0.4858954831916955,1,0.5551470588235294,0,0.44074601513138106,1,False
0068-FIGTF,No,3519.0,0,0.08267474046355427,0,0.375,0,0.18259428982758602,0,False
5965-GGPRW,No,105.25,0,0.04126925984549036,0,0.06711409395973154,0,0.2068156365852569,0,False
8035-PWSEV,No,5890.5,1,0.5047939250107332,1,0.6479591836734694,0,0.41375054126136945,2,False
2236-HILPA,No,206.5,0,0.002865244470630801,0,0.021970705725699067,0,0.07039352168556856,0,False
1840-BIUOG,No,3572.4,0,0.1836734946982172,0,0.1004566210045662,0,0.23945833434236755,0,False
1356-MKYSK,No,5190.900000000001,0,0.19114094028133635,0,0.11405835543766578,0,0.23664849546455957,0,False
6080-LNESI,No,519.75,0,0.008946833261666499,0,0.021970705725699067,0,0.0849201905792893,0,False
1830-IPXVJ,No,217.25,0,0.0030209164181823917,0,0.021970705725699067,0,0.07113736921961056,0,False
5828-DWPIL,No,891.0,0,0.20589012982789073,0,0.25,0,0.3194436666185386,0,False
8398-TBIYD,No,84.7,0,0.0254744262025748,0,0.021970705725699067,0,0.23485292027253377,0,False
2931-FSOHN,No,3534.1,0,0.36810124766109875,0,0.1111111111111111,0,0.3617522862645275,0,False
9418-RUKPH,No,678.3,0,0.012744885694216803,0,0.021970705725699067,0,0.08916251894119476,0,False
9971-ZWPBF,No,4138.2,0,0.4215112754936884,0,0.4540540540540541,0,0.2850992184936498,0,False
4712-AUQZO,No,1814.4,0,0.18980081597866175,0,0.11405835543766578,0,0.2534119996529369,0,False
9711-FJTBX,No,1373.6,0,0.059998557834788246,0,0.13043478260869565,0,0.21526892598096295,0,False
2908-ZTPNF,No,1254.6,0,0.12734194200950055,0,0.1650485436893204,0,0.24150323237814064,0,False
8421-WZOOW,No,1429.5,0,0.14651662462403894,0,0.26666666666666666,0,0.2467227348536688,0,False
1414-YADCW,No,169.2,0,0.01196021606230229,0,0.021970705725699067,0,0.17093395527081737,0,False
8756-RDDLT,No,179.8,0,0.05843447384863153,0,0.2926829268292683,0,0.2565425212033921,0,False
2862-PFNIK,No,1753.7,0,0.4737881876866771,1,0.5932203389830508,0,0.4177768408466001,1,False
5816-QVHRX,No,3510.5,0,0.28928899361212435,0,0.4697986577181208,0,0.3188521657897212,0,False
4430-YHXGG,No,1730.6,0,0.19516176651025768,0,0.11405835543766578,0,0.13569226880873414,0,False
6888-SBYAI,No,3599.7000000000003,0,0.2719827526155598,1,0.5932203389830508,0,0.34529932288851045,1,False
7395-XWZOY,No,2860.0,0,0.21572661780867647,0,0.11405835543766578,0,0.21822408622770717,0,False
7169-YWAMK,No,68.4,0,0.0041518000619407,0,0.021970705725699067,0,0.12593427617660374,0,False
6859-RKMZJ,No,3358.05,0,0.3148853720828537,0,0.1650485436893204,0,0.3381609514154936,0,False
2729-VNVAP,No,772.2,0,0.010033615419933011,0,0.021970705725699067,0,0.07158379716592435,0,False
2957-JIRMN,No,844.5,0,0.1566323049915202,0,0.1004566210045662,0,0.3530351695768854,0,False
2049-BAFNW,No,2548.9,0,0.30000572545668974,0,0.3939393939393939,0,0.31624687470785756,0,False
3842-QTGDL,No,4522.0,0,0.23419591789895466,0,0.29533678756476683,0,0.28021217558270484,0,False
7163-OCEQI,No,3932.500000000001,0,0.15675775370186093,0,0.375,0,0.2044736117472425,0,False
9782-LGXMC,No,1420.25,0,0.02720146780831327,0,0.11405835543766578,0,0.17284547655029073,0,False
5975-BAICR,No,2293.2000000000003,0,0.05916502471139607,0,0.021970705725699067,0,0.1856255855221243,0,False
4673-KKSLS,No,3591.6,0,0.18178521301585715,1,0.5551470588235294,0,0.2896109589573674,1,False
4853-OITSN,No,5973.05,1,0.5766222936130192,1,0.7912621359223301,0,0.40646665357765166,2,False
9800-OUIGR,No,120.0,0,0.0024525028369757197,0,0.021970705725699067,0,0.07060860656743755,0,False
2324-EFHVG,No,835.2,0,0.10446201848025276,0,0.06711409395973154,0,0.2741218693839896,0,False
7094-MSZAO,No,1243.1,0,0.1255274738515452,0,0.11405835543766578,0,0.11439823846543053,0,False
6907-CQGPN,No,1474.9,0,0.1649595751611812,0,0.2926829268292683,0,0.2693462126892186,0,False
0780-XNZFN,No,309.75,0,0.0045233001478630595,0,0.021970705725699067,0,0.08511451377778918,0,False
0239-OXEXL,No,2190.5,0,0.15160841063538225,0,0.29533678756476683,0,0.27946088811876085,0,False
2675-IJRGJ,No,373.35,0,0.005392990370944883,0,0.021970705725699067,0,0.0867770068694322,0,False
7049-GKVZY,No,4391.75,0,0.07230037769585194,0,0.021970705725699067,0,0.17065218629369142,0,False
8577-QSOCG,No,686.8,0,0.012677487971279931,0,0.021970705725699067,0,0.08865967672713876,0,False
3721-CNZHX,No,1128.6,0,0.0541462100141281,0,0.021970705725699067,0,0.09506333043249367,0,False
0212-ISBBF,No,2517.5,0,0.4152419520807061,0,0.2926829268292683,0,0.3483755947870696,0,False
3585-YNADK,No,1119.0,0,0.03328314136600079,0,0.1004566210045662,0,0.16658996045685126,0,False
5271-DBYSJ,No,4828.150000000001,1,0.5044753159728997,1,0.6479591836734694,0,0.42366843042717256,2,False
1099-GODLO,No,1444.85,0,0.04239038637761406,0,0.021970705725699067,0,0.10415512939594423,0,False
6828-HMKWP,No,1263.0,0,0.025718054008342213,0,0.021970705725699067,0,0.07456089105899477,0,False
1472-TNCWL,No,3409.2000000000003,0,0.38816826250888603,0,0.4540540540540541,0,0.367439659872476,0,False
2080-GKCWQ,No,5246.5,0,0.46073811647042917,0,0.45535714285714285,0,0.424210954644941,0,False
2193-SFWQW,No,111.95,0,0.019788256304075685,0,0.06711409395973154,0,0.14813970494161938,0,False
5656-JAMLX,No,198.5,0,0.0036912446617890886,0,0.021970705725699067,0,0.08481961992352298,0,False
3462-BJQQA,No,5923.5,1,0.6100348808295272,1,0.7912621359223301,0,0.44193206718277134,2,False
0442-TDYUO,No,481.2000000000001,0,0.010813848524043337,0,0.021970705725699067,0,0.09019733953004984,0,False
6733-LRIZX,No,4031.15,0,0.19795343799072068,0,0.06711409395973154,0,0.25596455305833954,0,False
9503-XJUME,No,393.0,0,0.008148432053370316,0,0.021970705725699067,0,0.08236515254654973,0,False
4367-NHWMM,No,1767.9,0,0.45000826615641293,1,0.5932203389830508,0,0.41726661619616967,1,False
3779-OSWCF,No,93.2,0,0.010885333205579082,0,0.021970705725699067,0,0.12611497126500934,0,False
6736-DHUQI,No,424.0,0,0.026716173564830047,0,0.021970705725699067,0,0.19108771218820686,0,False
3915-ODIYG,No,861.0,0,0.06561441253217028,0,0.021970705725699067,0,0.24893959819263997,0,False
1360-RCYRT,No,1487.15,0,0.18329447282046452,0,0.1650485436893204,0,0.2436186740524218,0,False
2724-FJDYW,No,1810.05,0,0.07422741905041053,0,0.1004566210045662,0,0.17057937896533218,0,False
4451-RWASJ,No,1111.5,0,0.06185614540178653,0,0.021970705725699067,0,0.10284812755593982,0,False
3460-TJBWI,No,1161.6,0,0.02280650944695203,0,0.021970705725699067,0,0.07103393337052416,0,False
5917-HBSDW,No,677.25,0,0.045818244778841756,0,0.1111111111111111,0,0.10355581657695025,0,False
5671-UUNXD,No,2214.3,0,0.28000139705510363,0,0.24344569288389514,0,0.31394530021384087,0,False
0956-ACVZC,No,1693.8,0,0.17061275249312918,0,0.24344569288389514,0,0.30738024032519334,0,False
2325-NBPZG,No,5143.95,1,0.591879076557167,0,0.45535714285714285,0,0.4339969900358511,1,False
4482-FTFFX,No,3762.05,0,0.24260512320700606,1,0.5242718446601942,0,0.31570766713246484,1,False
8859-DZTGQ,No,793.6500000000001,0,0.013917317640450792,0,0.021970705725699067,0,0.08654511477376126,0,False
0440-MOGPM,No,2497.05,0,0.16761851425119775,0,0.1004566210045662,0,0.2714927738543023,0,False
0020-JDNXP,No,2327.5,0,0.06321791045960144,0,0.021970705725699067,0,0.14128788227369585,0,False
3752-CQSJI,No,1206.55,0,0.11834878387713162,0,0.11405835543766578,0,0.11901477488272832,0,False
5025-GOOKI,No,982.8,0,0.11233510250315734,0,0.11405835543766578,0,0.13563126898886244,0,False
4698-KVLLG,No,411.6,0,0.0065635309419969515,0,0.021970705725699067,0,0.09040216714177716,0,False
2887-JPYLU,No,1401.2,0,0.06812250750807854,0,0.1650485436893204,0,0.28159249076195303,0,False
4770-QAZXN,No,1147.55,0,0.09716971963061902,0,0.11405835543766578,0,0.11562014915691547,0,False
4896-CPRPF,No,941.65,0,0.013083414565374743,0,0.021970705725699067,0,0.06856608005892903,0,False
9714-EDSUC,No,6453.200000000001,0,0.35016099364801057,1,0.6479591836734694,0,0.29431741421120056,1,False
0282-NVSJS,No,1758.0,0,0.2834718619502735,0,0.1650485436893204,0,0.2691554899876864,0,False
7353-YOWFP,No,1316.25,0,0.07180825974038774,0,0.021970705725699067,0,0.10018949705394775,0,False
8008-ESFLK,No,2099.5,0,0.09704405906262908,0,0.24344569288389514,0,0.21138192635927058,0,False
7537-CBQUZ,No,984.6,0,0.24711677052169315,0,0.26666666666666666,0,0.29382444561268267,0,False
3363-EWLGO,No,1336.65,0,0.138950305299557,0,0.11405835543766578,0,0.12265581657287215,0,False
4750-UKWJK,No,686.0,0,0.02506928902893535,0,0.021970705725699067,0,0.0911802998655181,0,False
1689-YQBYY,No,4596.0,1,0.5039234232638367,1,0.6363636363636364,0,0.4393681683538057,2,False
4487-ZYJZK,No,666.4000000000001,0,0.015214878220742906,0,0.021970705725699067,0,0.07862953087271769,0,False
2959-FENLU,No,5373.9,0,0.4757826285671042,1,0.6479591836734694,0,0.4183868507480244,1,False
0708-LGSMF,No,3885.15,0,0.35447435687288764,0,0.16666666666666666,0,0.3206960524186773,0,False
7634-HLQJR,No,501.25,0,0.005530434656092667,0,0.021970705725699067,0,0.07118046911236516,0,False
0487-RPVUM,No,1093.4,0,0.11533453144827291,0,0.26666666666666666,0,0.23861612322394596,0,False
4079-ULGFR,No,1120.0,0,0.09527054155097738,0,0.11405835543766578,0,0.11622824081876397,0,False
2516-XSJKX,No,2431.9500000000003,0,0.023330877669946407,0,0.021970705725699067,0,0.14828582736225293,0,False
0057-QBUQH,No,727.9000000000001,0,0.019428114160194396,0,0.021970705725699067,0,0.10818358714709599,0,False
6599-SFQVE,No,3630.0,0,0.4169565208648773,1,0.5242718446601942,0,0.41313756689131587,1,False
8331-ZXFOE,No,995.4,0,0.022383043382458393,0,0.021970705725699067,0,0.16330674630832184,0,False
4003-FUSHP,No,3262.15,0,0.23286265409217735,0,0.1650485436893204,0,0.3000495419929792,0,False
0356-ERHVT,No,2799.9,0,0.27074115324133585,0,0.1650485436893204,0,0.33913877372708845,0,False
7325-ENZFI,No,1329.9,0,0.0448564209555419,0,0.021970705725699067,0,0.1645704924108288,0,False
4884-ZTHVF,No,5574.4,1,0.5642496351887901,1,0.6479591836734694,0,0.44352068378263226,2,False
3920-HIHMQ,No,2277.0,0,0.1979522712001254,0,0.1650485436893204,0,0.3230445526554673,0,False
3055-OYMSE,No,1402.2,0,0.18375316357048907,0,0.08108108108108109,0,0.3575465372185284,0,False
0613-WUXUM,No,38.4,0,0.003185964148670567,0,0.021970705725699067,0,0.08804345067452612,0,False
4458-KVRBJ,No,325.0,0,0.006374750282254389,0,0.021970705725699067,0,0.0846166489822295,0,False
1397-XKKWR,No,2294.5,0,0.15779282501774095,0,0.021970705725699067,0,0.23035790750157903,0,False
8097-OMULG,No,997.75,0,0.02481889923629354,0,0.1004566210045662,0,0.15729572154036292,0,False
6013-BHCAW,No,891.0,0,0.029425821936023895,0,0.015384615384615385,0,0.18355369246361708,0,False
0401-WDBXM,No,105.55,0,0.05693636845272085,0,0.06711409395973154,0,0.22547124294008777,0,False
3387-PLKUI,No,1109.2,0,0.08882266567837735,0,0.11405835543766578,0,0.09849455454977132,0,False
6096-EGVTU,No,199.2,0,0.007663238293917356,0,0.021970705725699067,0,0.07985987322049859,0,False
5081-NWSUP,No,4023.8,0,0.12056487265967301,0,0.375,0,0.22073869945749447,0,False
2580-ATZSQ,No,429.45,0,0.00935343783309047,0,0.021970705725699067,0,0.14823160971168714,0,False
8085-MSNLK,No,1139.5,0,0.04480930293510717,0,0.06711409395973154,0,0.1596602855632052,0,False
9691-HKOVS,No,1532.5500000000002,0,0.06720026348481789,0,0.021970705725699067,0,0.18246768066036978,0,False
9881-VCZEP,No,2542.7000000000003,0,0.21411538281381595,0,0.1111111111111111,0,0.30342482142177973,0,False
8757-TFHHJ,No,3535.8,0,0.31223057841893176,1,0.5932203389830508,0,0.34935384161493227,1,False
1468-DEFNC,No,195.2,0,0.006465089257246342,0,0.021970705725699067,0,0.0829427346648586,0,False
5119-KEPFY,No,3420.0,0,0.4482674846642012,0,0.4697986577181208,0,0.3830220709804182,0,False
0916-KNFAJ,No,768.9000000000001,0,0.025694201379897225,0,0.021970705725699067,0,0.1867409591063349,0,False
8319-QBEHW,No,1837.7,0,0.13986970474793545,0,0.1004566210045662,0,0.2428185334617818,0,False
9625-QNLUX,No,413.0,0,0.041155725912686014,0,0.06711409395973154,0,0.18865085475322652,0,False
4024-CSNBY,No,94.25,0,0.024129161291575177,0,0.06711409395973154,0,0.17490704971712648,0,False
7110-BDTWG,No,47.05,0,0.023863833854663594,0,0.015384615384615385,0,0.2117287929418179,0,False
7493-GVFIO,No,308.25,0,0.004521740169095386,0,0.021970705725699067,0,0.08454175769053428,0,False
0690-SRQID,No,1336.1999999999998,0,0.1919065261346246,0,0.11405835543766578,0,0.14987381001394773,0,False
9605-WGJVW,No,4984.2,1,0.5981364153263358,1,0.888268156424581,1,0.5056813020773717,3,True
9114-DPSIA,No,81.0,0,0.006035023037706519,0,0.021970705725699067,0,0.11923514151789133,0,False
4700-UBQMV,No,3870.9,0,0.1670160252410971,0,0.021970705725699067,0,0.21457755938490103,0,False
7711-GQBZC,No,24.7,0,0.002822171403220856,0,0.021970705725699067,0,0.06771967369577114,0,False
4627-MIHJH,No,330.75,0,0.04514043098552265,0,0.06711409395973154,0,0.20055821401930793,0,False
9795-NREXC,No,680.0,0,0.02196367506305136,0,0.021970705725699067,0,0.14800679813329076,0,False
8573-CGOCC,No,1106.0,0,0.0886080736234756,0,0.11405835543766578,0,0.11207902561303888,0,False
7356-AYNJP,No,1625.1999999999998,0,0.15296498352005033,0,0.021970705725699067,0,0.12107683484931864,0,False
6286-SUUWT,No,1416.45,0,0.18514460514534767,0,0.3706896551724138,0,0.15853021716418556,0,False
4819-HJPIW,No,1358.1,0,0.30565653986723196,0,0.1650485436893204,0,0.31304975466121265,0,False
8654-DHAOW,No,3790.5,0,0.2945472304486436,0,0.43157894736842106,0,0.3356475674211854,0,False
5438-QMDDL,No,3169.4,0,0.2978863215058444,0,0.1650485436893204,0,0.30349305101008717,0,False
9812-GHVRI,No,2683.2,0,0.36333658688658244,0,0.4697986577181208,0,0.37238342825760506,0,False
5553-AOINX,No,629.4000000000001,0,0.20266327546032062,0,0.24344569288389514,0,0.2954968195275707,0,False
1228-ZLNBX,No,3840.3,0,0.3625580423603437,0,0.29533678756476683,0,0.37169741616185337,0,False
4226-KKDON,No,4265.6,0,0.3714610633212435,0,0.1111111111111111,0,0.3121283035621497,0,False
3831-YCPUO,No,109.5,0,0.027515831063253827,0,0.06711409395973154,0,0.15881330271598015,0,False
7445-WMRBW,No,1772.4,0,0.05978131428096389,0,0.1004566210045662,0,0.19612859581641803,0,False
3308-DGHKL,No,57.900000000000006,0,0.00399398870807616,0,0.021970705725699067,0,0.09641089228332346,0,False
9924-JPRMC,No,118.2,0,0.06923916090922218,0,0.06711409395973154,0,0.2304497649006387,0,False
0080-EMYVY,No,2984.1000000000004,0,0.09549332576620714,0,0.1004566210045662,0,0.24675467559034048,0,False
6218-KNUBD,No,3923.7,0,0.3200267911044394,0,0.1111111111111111,0,0.34368020756917533,0,False
7337-CINUD,No,1248.0,0,0.031044463293771914,0,0.021970705725699067,0,0.07701340067371291,0,False
7609-NRNCA,No,1075.25,0,0.0484391140872065,0,0.021970705725699067,0,0.09519529009088266,0,False
0623-EJQEG,No,654.85,0,0.08019186648643528,0,0.021970705725699067,0,0.25142244767433786,0,False
7153-CHRBV,No,889.5,0,0.01571009009070097,0,0.021970705725699067,0,0.1568571036727343,0,False
6198-PNNSZ,No,1756.8,0,0.12553685904448592,0,0.24344569288389514,0,0.21618639112913127,0,False
3317-VLGQT,No,4529.799999999999,1,0.5428968223964897,1,0.5551470588235294,0,0.4481013645487313,2,False
4132-POCZS,No,798.0,0,0.14575273912716993,0,0.16666666666666666,0,0.28978092641657954,0,False
5614-DNZCE,No,908.6,0,0.008346239151878342,0,0.021970705725699067,0,0.14737641606189628,0,False
3896-RCYYE,No,267.0,0,0.09567231270871454,0,0.1650485436893204,0,0.2586229271772401,0,False
9638-JIQYA,No,1743.0,1,0.5368632004641853,1,0.5932203389830508,0,0.40190109777718547,2,False
3258-SANFR,No,2950.2000000000003,0,0.26044492991262097,0,0.38461538461538464,0,0.35808387954080834,0,False
3726-TBHQT,No,114.0,0,0.04128004111304395,0,0.06711409395973154,0,0.16372446011635794,0,False
3190-ITQXP,No,526.5,0,0.005795458819050038,0,0.021970705725699067,0,0.07097791258380093,0,False
4833-QTJNO,No,419.25,0,0.09922449178343207,0,0.08108108108108109,0,0.27501244503293937,0,False
3039-MJSLN,No,1393.8,0,0.11930929832742067,0,0.1111111111111111,0,0.12393674191504842,0,False
0178-CIIKR,No,1376.55,0,0.16848507809694238,0,0.1111111111111111,0,0.13283699616638112,0,False
5774-QPLTF,No,447.7000000000001,0,0.014508640255123348,0,0.021970705725699067,0,0.09960785137427519,0,False
2322-VCZHZ,No,4410.0,0,0.40330481571069066,1,0.5551470588235294,0,0.3304684110363776,1,False
5010-IPEAQ,No,271.0,0,0.006497626461691972,0,0.021970705725699067,0,0.11727468714673055,0,False
6383-ZTSIW,No,3270.3,0,0.17073945489137518,0,0.24344569288389514,0,0.24426702473894216,0,False
8990-YOZLV,No,200.7,0,0.008543550455365605,0,0.021970705725699067,0,0.16213434805979715,0,False
3069-SSVSN,No,1835.35,0,0.3031622939361168,0,0.13043478260869565,0,0.32125244997891317,0,False
5222-IMUKT,No,3642.0,0,0.4048811177292371,1,0.5551470588235294,0,0.4083130830075748,1,False
6685-XSHHU,No,251.4,0,0.004693789155169742,0,0.021970705725699067,0,0.08222051365913119,0,False
8901-UPRHR,No,109.2,0,0.0524568705909881,0,0.06711409395973154,0,0.19932781510755998,0,False
0118-JPNOY,No,3946.8,0,0.32321685594537053,0,0.29533678756476683,0,0.3494162992565733,0,False
3845-FXCYS,No,1375.5,0,0.2527466736888885,0,0.1111111111111111,0,0.17728175427403822,0,False
5857-XRECV,No,1435.0,0,0.0711358661546542,0,0.021970705725699067,0,0.09924028342070956,0,False
0725-CXOTM,No,3227.4,0,0.09226404185021327,0,0.021970705725699067,0,0.18612993399479152,0,False
4343-EJVQB,No,4832.75,0,0.31909155977478276,0,0.45535714285714285,0,0.35067464406647963,0,False
9000-PLFUZ,No,593.4000000000001,0,0.046012094009517834,0,0.015384615384615385,0,0.24024231459701073,0,False
3427-GGZZI,No,4722.299999999999,1,0.5360733164907162,1,0.5551470588235294,0,0.3929529164751244,2,False
7779-ORAEL,No,2029.05,0,0.024056697835132076,0,0.021970705725699067,0,0.15178450446966538,0,False
0644-OQMDK,No,4804.200000000001,1,0.582520536729847,0,0.45535714285714285,0,0.48338044939314306,1,False
3154-CFSZG,No,2251.25,0,0.1774120907403482,0,0.25,0,0.28711413214178344,0,False
2220-IAHLS,No,1377.4,0,0.1485605271913727,0,0.3706896551724138,0,0.14712707102757863,0,False
1658-XUHBX,No,1153.75,0,0.24370418464770668,0,0.08108108108108109,0,0.34173576871377037,0,False
2378-HTWFW,No,3367.0,0,0.2736679610434914,0,0.4697986577181208,0,0.3082187996053455,0,False
4377-VDHYI,No,3632.0,0,0.21013238476492935,0,0.021970705725699067,0,0.259952812300609,0,False
3719-TDVQB,No,341.1,0,0.009321858561852615,0,0.021970705725699067,0,0.09849956659905254,0,False
0201-MIBOL,No,614.4000000000001,0,0.08331573485263895,0,0.06711409395973154,0,0.291747797785382,0,False
4937-QPZPO,No,1098.9,0,0.2687978490850143,0,0.24344569288389514,0,0.31997967862867993,0,False
2925-VDZHY,No,88.7,0,0.009053960772341392,0,0.021970705725699067,0,0.11669404278645956,0,False
6981-TDRFT,No,1520.4,0,0.12003519093649656,0,0.1004566210045662,0,0.20635810779829494,0,False
3413-CSSTH,No,1726.7,0,0.16839842044340053,0,0.1650485436893204,0,0.3276958204894031,0,False
8033-VCZGH,No,2286.9,0,0.2995510867387676,0,0.24344569288389514,0,0.3023846010725192,0,False
0224-NIJLP,No,1289.6,0,0.0326693222649367,0,0.021970705725699067,0,0.08136175333578922,0,False
7542-CYDDM,No,1082.7,0,0.08904188966322886,0,0.11405835543766578,0,0.11588699016970233,0,False
4718-WXBGI,No,91.95,0,0.012630654864353177,0,0.021970705725699067,0,0.12663667292891717,0,False
8495-PRWFH,No,1669.5,0,0.1881268501363428,0,0.16666666666666666,0,0.34693249980739505,0,False
0439-IFYUN,No,4033.8,0,0.4508967132810006,1,0.5551470588235294,0,0.4132838091661759,1,False
5716-LIBJC,No,6144.85,0,0.3464509276815098,0,0.24344569288389514,0,0.2818515192209743,0,False
2868-LLSKM,No,334.6,0,0.0537299259845104,0,0.1004566210045662,0,0.22460913376180752,0,False
2988-QRAJY,No,330.15,0,0.0647718878008817,0,0.06711409395973154,0,0.21803915875804133,0,False
0071-NDAFP,No,1198.5,0,0.01964573417726815,0,0.021970705725699067,0,0.0699827966985465,0,False
7328-ZJAJO,No,253.5,0,0.003268654629979522,0,0.021970705725699067,0,0.07074814766272434,0,False
6458-CYIDZ,No,5406.900000000001,0,0.37970748850062164,1,0.6479591836734694,0,0.3587730524597449,1,False
1090-PYKCI,No,315.29999999999995,0,0.05163817091736443,0,0.06666666666666667,0,0.17346833255928445,0,False
3058-WQDRE,No,1483.85,0,0.34248139800486277,0,0.1650485436893204,0,0.3543802279598796,0,False
2279-AXJJK,No,1913.0,0,0.2660424197098438,0,0.08108108108108109,0,0.2745053889419073,0,False
0909-SELIE,No,888.8,0,0.016107028153357093,0,0.021970705725699067,0,0.13809151721836732,0,False
3417-TSCIC,No,1068.55,0,0.14569686365081036,0,0.13043478260869565,0,0.2888817819001847,0,False
1042-HFUCW,No,2573.25,0,0.054809404683498486,0,0.1004566210045662,0,0.20194145099740166,0,False
6537-OTKMY,No,2892.75,0,0.2910932691887778,0,0.1004566210045662,0,0.28287760916837756,0,False
8999-EXMNO,No,1067.9499999999998,0,0.020082549015996955,0,0.021970705725699067,0,0.07616675119297801,0,False
6725-TPKJO,No,561.4,0,0.008570370376013669,0,0.021970705725699067,0,0.08654511477376126,0,False
7162-WPHPM,No,1002.4,0,0.006814448988141623,0,0.021970705725699067,0,0.12072042215512997,0,False
1599-MMYRQ,No,814.5,0,0.04309909323681425,0,0.021970705725699067,0,0.21806270189456245,0,False
8821-KVZKQ,No,116.8,0,0.03277028861099708,0,0.1004566210045662,0,0.16017581008151704,0,False
6434-TTGJP,No,3329.4,0,0.05519832810963524,0,0.021970705725699067,0,0.13656129839847161,0,False
0042-JVWOJ,No,901.6,0,0.045565301253516925,0,0.021970705725699067,0,0.1126257252688567,0,False
0130-SXOUN,No,536.4000000000001,0,0.15760137120693052,0,0.08108108108108109,0,0.32560786752985815,0,False
2330-PQGDQ,No,1768.2,0,0.06343968358805543,0,0.1004566210045662,0,0.2063994428193461,0,False
1452-UZOSF,No,106.1,0,0.026683640177972305,0,0.06711409395973154,0,0.15812128214974555,0,False
2097-YVPKN,No,180.25,0,0.004875239715998856,0,0.021970705725699067,0,0.0850908701016119,0,False
8597-CTXVJ,No,129.9,0,0.008266253258166743,0,0.021970705725699067,0,0.14181851442045781,0,False
6631-HMANX,No,85.45,0,0.022760057333085445,0,0.015384615384615385,0,0.1701730578794932,0,False
9962-BFPDU,No,1423.55,0,0.15156146543490376,0,0.3706896551724138,0,0.14309896386967627,0,False
6394-HHHZM,No,1428.3,0,0.15012825898173746,0,0.1111111111111111,0,0.13135175580010158,0,False
5995-LFTLE,No,354.2,0,0.008688851423645243,0,0.021970705725699067,0,0.0988230627851094,0,False
1932-UEDCX,No,3923.4,0,0.4645848192480118,0,0.4697986577181208,0,0.353001940367263,0,False
5188-HGMLP,No,1332.0,0,0.1968698727330928,0,0.08108108108108109,0,0.36749573791573953,0,False
0665-XHDJU,No,99.4,0,0.13530126952427698,0,0.06711409395973154,0,0.3136337003568191,0,False
8265-HKSOW,No,107.45,0,0.018484765328978567,0,0.06711409395973154,0,0.14423028137471952,0,False
3544-FBCAS,No,83.6,0,0.016376244115535895,0,0.021970705725699067,0,0.16308437205684817,0,False
5331-RGMTT,No,1782.9,0,0.4587571233362472,0,0.26666666666666666,0,0.37378667259508513,0,False
4759-PXTAN,No,1041.3,0,0.08891082251816196,0,0.1004566210045662,0,0.22640978606640938,0,False
7054-DMVAS,No,1175.4,0,0.018790583882924733,0,0.021970705725699067,0,0.1992750405601232,0,False
3428-MMGUB,No,1074.6,0,0.12567443473037787,0,0.015384615384615385,0,0.3401686408454115,0,False
6549-BTYPG,No,729.5999999999999,0,0.021293195299874754,0,0.015384615384615385,0,0.15382625156027246,0,False
7823-JSOAG,No,5140.5,1,0.5468172719004414,1,0.6363636363636364,0,0.45645829644539226,2,False
3705-RHRFR,No,297.45000000000005,0,0.05271436415399139,0,0.06711409395973154,0,0.23848181726396425,0,False
9374-YOLBJ,No,1366.75,0,0.20021454275645176,0,0.3706896551724138,0,0.1472544811184237,0,False
9074-KGVOX,No,867.9000000000001,0,0.09289910906043004,0,0.11405835543766578,0,0.2377993691755171,0,False
6128-DAFVY,No,717.6,0,0.15786623586884302,0,0.1650485436893204,0,0.32827721951760624,0,False
9933-QRGTX,No,1166.4,0,0.06954333097197452,0,0.06711409395973154,0,0.2503096343565128,0,False
4476-OSWTN,No,331.65,0,0.11948068593070248,0,0.24344569288389514,0,0.22570532633260115,0,False
5066-GFJMM,No,1373.1,0,0.1968165634106821,0,0.1111111111111111,0,0.14141063853254068,0,False
2661-GKBTK,No,923.4,0,0.012749672793156808,0,0.015384615384615385,0,0.1661507966656605,0,False
0458-HEUZG,No,2088.6,0,0.07878818443100805,0,0.015384615384615385,0,0.21056293404449658,0,False
7268-WNTCP,No,204.5,0,0.0029865981961982027,0,0.021970705725699067,0,0.07091959687075745,0,False
0824-VWDPO,No,2612.25,0,0.11074567051049507,0,0.24344569288389514,0,0.2295527807168753,0,False
8409-WQJUX,No,2547.4,0,0.21202951298599887,0,0.1004566210045662,0,0.219729025112209,0,False
2578-JQPHZ,No,2802.8,0,0.07695984071285379,0,0.06711409395973154,0,0.23377096499086922,0,False
3278-FSIXX,No,3167.5,0,0.3354717801965058,1,0.5932203389830508,0,0.4121138085224072,1,False
9746-UGFAC,No,1042.5,0,0.038332056725984255,0,0.021970705725699067,0,0.09734593536874163,0,False
2946-KIQSP,No,1237.65,0,0.1534583565466753,0,0.1650485436893204,0,0.27091941123017693,0,False
0625-AFOHS,No,868.6,0,0.013168173025691704,0,0.021970705725699067,0,0.07384392057292102,0,False
6726-WEXXK,No,3865.500000000001,0,0.2772255482754679,0,0.021970705725699067,0,0.301281608538522,0,False
4636-OLWOE,No,1098.0,0,0.031052990552092753,0,0.1004566210045662,0,0.21094616538056143,0,False
4685-ERGHK,No,1303.5,0,0.2157027273658308,0,0.1004566210045662,0,0.37309544193465727,0,False
0885-HMGPY,No,694.0,0,0.0073660665867970225,0,0.021970705725699067,0,0.1373741347082814,0,False
5003-OKNNK,No,1159.95,0,0.03990473403745062,0,0.021970705725699067,0,0.08050409129485621,0,False
7208-PSIHR,No,208.6,0,0.07466747904217973,0,0.06711409395973154,0,0.23545737493684865,0,False
4012-ZTHBR,No,2292.4500000000003,0,0.23028132409957833,0,0.16666666666666666,0,0.3431052809761838,0,False
0489-WMEMG,No,2423.05,0,0.09733240212569853,0,0.1004566210045662,0,0.24857257759162482,0,False
7435-ZNUYY,No,1359.6,0,0.07607174930611059,0,0.021970705725699067,0,0.09984850761913087,0,False
1354-YZFNB,No,1329.4,0,0.035468895720100244,0,0.021970705725699067,0,0.08872677285778384,0,False
2985-FMWYF,No,4581.5,1,0.736246961911644,1,0.5551470588235294,0,0.4448994316506883,2,False
2812-ENYMO,No,2509.3,0,0.09496762663759742,0,0.021970705725699067,0,0.17264628917488534,0,False
2717-HVIZY,No,1283.2,0,0.10360367113617047,0,0.11405835543766578,0,0.10908424238357474,0,False
3422-GALYP,No,5561.5,1,0.5929491407377392,1,0.7912621359223301,0,0.4497032669556181,2,False
2890-WFBHU,No,1038.05,0,0.020998765595385875,0,0.021970705725699067,0,0.15455605014707327,0,False
0327-WFZSY,No,3300.0,0,0.3137146712034546,0,0.24344569288389514,0,0.2960150125606662,0,False
7977-HXJKU,No,999.6,0,0.018545342075073124,0,0.021970705725699067,0,0.08255117178719042,0,False
7033-CLAMM,No,484.8,0,0.005413419136169014,0,0.021970705725699067,0,0.07036087980577743,0,False
4023-RTIQM,No,2066.4,0,0.11525934944990726,0,0.021970705725699067,0,0.18386743132995964,0,False
0864-FVJNJ,No,906.8,0,0.08382355760942375,0,0.24344569288389514,0,0.1865312705877751,0,False
7356-IWLFW,No,2080.0,0,0.21924860847495836,0,0.29533678756476683,0,0.3183013200398732,0,False
9541-PWTWO,No,1619.0,0,0.04466642912291833,0,0.015384615384615385,0,0.2068996328862128,0,False
3967-VQOGC,No,124.5,0,0.0051620317792788455,0,0.021970705725699067,0,0.08732454379117385,0,False
7872-RDDLZ,No,274.5,0,0.06920053983631534,0,0.1111111111111111,0,0.32626771465542986,0,False
6308-CQRBU,No,109.25,0,0.06874990461361977,0,0.06711409395973154,0,0.2210000772029897,0,False
0186-CAERR,No,116.3,0,0.08751836722219532,0,0.0,0,0.20905139129030595,0,False
3043-SUDUA,No,796.0,0,0.0473884138287348,0,0.11405835543766578,0,0.11512435971731577,0,False
5442-BHQNG,No,4924.5,1,0.6103216092687784,0,0.45535714285714285,0,0.4587883071169165,1,False
2169-RRLFW,No,25.6,0,0.003493292305902873,0,0.021970705725699067,0,0.07420385031608294,0,False
5872-OEQNH,No,533.4000000000001,0,0.062146302633888297,0,0.021970705725699067,0,0.23565889380576008,0,False
3162-KKZXO,No,1702.5500000000002,0,0.3002365541116096,0,0.24344569288389514,0,0.36484116957925367,0,False
8873-GLDMH,No,4874.099999999999,1,0.6601903879558911,1,0.6363636363636364,0,0.44467875565593235,2,False
5696-JVVQY,No,1682.4,0,0.018044470874104386,0,0.021970705725699067,0,0.15816307141071229,0,False
8946-BFWSG,No,227.25,0,0.004301821321571303,0,0.021970705725699067,0,0.07073039177346435,0,False
0547-HURJB,No,1263.0,0,0.08340654220600431,0,0.11405835543766578,0,0.10239388930336864,0,False
8904-OPDCK,No,449.1,0,0.11706916570115093,0,0.1650485436893204,0,0.3180718100961062,0,False
8845-LWKGE,No,2709.0,0,0.10063259070135848,0,0.1004566210045662,0,0.2148297791077605,0,False
0691-NIKRI,No,3390.4,0,0.22876192720307192,0,0.24344569288389514,0,0.2647945979151991,0,False
5022-JNQEQ,No,4778.549999999999,0,0.4966207606071318,0,0.45535714285714285,0,0.3851106724169866,0,False
3249-VHRIP,No,436.0,0,0.027313024016362413,0,0.015384615384615385,0,0.22463083037903916,0,False
3736-BLEPA,No,4015.0,0,0.17444152855618927,0,0.1004566210045662,0,0.25565273381197273,0,False
4701-LKOZD,No,179.5,0,0.011397084073518809,0,0.021970705725699067,0,0.1341425284011196,0,False
6603-QWSPR,No,2714.4,0,0.09044176385133487,0,0.06711409395973154,0,0.22662295185986164,0,False
9921-QFQUL,No,4417.35,0,0.39906559110416095,0,0.4697986577181208,0,0.34199832219866033,0,False
1929-ZCBHE,No,1007.5,0,0.0321712432632462,0,0.021970705725699067,0,0.159072412005592,0,False
4378-MYPGO,No,421.0,0,0.043583478210591206,0,0.06711409395973154,0,0.1979083640842165,0,False
4129-LYCOI,No,520.0,0,0.08336399554337283,0,0.06711409395973154,0,0.2528514486628906,0,False
7798-JVXYM,No,4039.7,0,0.33908142551542253,0,0.16666666666666666,0,0.3439473403630417,0,False
8647-SDTWQ,No,1114.5,0,0.23312646298122677,0,0.4540540540540541,0,0.3984549795986673,0,False
2696-ECXKC,No,1715.3000000000002,0,0.10905261998364403,0,0.24344569288389514,0,0.2279680359234596,0,False
2081-KJSQF,No,1437.75,0,0.20942494088036245,0,0.3706896551724138,0,0.17128540004947054,0,False
3323-CPBWR,No,4748.1,0,0.37679229287521887,0,0.29533678756476683,0,0.32524401951143234,0,False
3384-CTMSF,No,2602.5,0,0.4462921689869803,0,0.4540540540540541,0,0.37144672066751155,0,False
0902-RFHOF,No,683.4000000000001,0,0.02071808029322663,0,0.021970705725699067,0,0.09307528352667321,0,False
6048-QBXKL,No,3958.5,0,0.45639232337485464,1,0.6666666666666666,0,0.35607387881226527,1,False
7718-RXDGG,No,3910.2,0,0.41095648983873106,0,0.29533678756476683,0,0.39984778347312094,0,False
1025-FALIX,No,3176.3,0,0.32271104536101536,0,0.29533678756476683,0,0.38371189144493073,0,False
3451-VAWLI,No,728.9,0,0.00929800707792139,0,0.021970705725699067,0,0.07126516971494395,0,False
3407-QGWLG,No,1383.45,0,0.1675186825953323,0,0.1111111111111111,0,0.13584309986792473,0,False
2347-WKKAE,No,2832.0,0,0.3558904711863484,0,0.25,0,0.34898076238043513,0,False
8735-DCXNF,No,3406.9,0,0.16217991678367236,0,0.11405835543766578,0,0.2441744514515277,0,False
3214-IYUUQ,No,1030.7,0,0.042571336549574186,0,0.24344569288389514,0,0.18360203576808168,0,False
1936-UAFEH,No,441.0,0,0.03495299995054017,0,0.06711409395973154,0,0.18613424099264766,0,False
3587-PMCOY,No,6131.8,0,0.48812479051305635,0,0.24344569288389514,0,0.34916889296695436,0,False
1027-LKKQQ,No,80.45,0,0.009976936225665641,0,0.021970705725699067,0,0.1415670273684463,0,False
7148-XZPHA,No,1349.8000000000002,0,0.10596999626713165,0,0.4540540540540541,0,0.2749605774197484,0,False
5309-TAIKL,No,4082.0,0,0.21174780634601922,0,0.1650485436893204,0,0.2774978144602219,0,False
6856-RAURS,No,5243.0,1,0.6879849819764021,1,0.6363636363636364,0,0.451968754256137,2,False
8778-LMWTJ,No,4715.549999999999,1,0.5426827998662399,0,0.45535714285714285,0,0.42324951958981627,1,False
9717-IOAAF,No,1163.25,0,0.025669560497405167,0,0.021970705725699067,0,0.09418116788592737,0,False
2845-KDHVX,No,546.4,0,0.015480076331617649,0,0.015384615384615385,0,0.1698134350270027,0,False
0848-SOMKO,No,96.8,0,0.008547683808842677,0,0.021970705725699067,0,0.1499464942430655,0,False
6734-FQAJX,No,525.25,0,0.06827997710476301,0,0.06711409395973154,0,0.2626640553166728,0,False
1535-VTJOQ,No,1207.1999999999998,0,0.024387260981431746,0,0.021970705725699067,0,0.08634616435327588,0,False
6368-TZZDT,No,1326.0,0,0.03567233280835963,0,0.021970705725699067,0,0.0857280820751271,0,False
0943-ZQPXH,No,2602.6,0,0.2987738690819751,0,0.4697986577181208,0,0.3304771747662687,0,False
1293-BSEUN,No,20.7,0,0.0028813499309006496,0,0.021970705725699067,0,0.08736600822524436,0,False
1302-TPUBN,No,116.1,0,0.003061365411192659,0,0.021970705725699067,0,0.08512826306079635,0,False
2378-VTKDH,No,730.4499999999999,0,0.36151804738152593,0,0.4540540540540541,0,0.37796984737164124,0,False
0927-CNGRH,No,1388.05,0,0.13583890352471933,0,0.3706896551724138,0,0.14800549780848424,0,False
8608-OZTLB,No,2517.7,0,0.0358881831286898,0,0.021970705725699067,0,0.15089527610678113,0,False
2335-GSODA,No,1964.9,0,0.031778851112543076,0,0.021970705725699067,0,0.15212233321053067,0,False
1952-DVVSW,No,1246.2,0,0.06930887573309007,0,0.021970705725699067,0,0.09396319840275057,0,False
6656-GULJQ,No,83.55,0,0.01414074727807031,0,0.021970705725699067,0,0.13732609384612873,0,False
9853-JFZDU,No,2103.4500000000003,0,0.09389419660832049,0,0.1111111111111111,0,0.24914703991785225,0,False
3777-XROBG,No,273.7,0,0.0033328869035866306,0,0.021970705725699067,0,0.07206419848790326,0,False
6994-FGRHH,No,212.3,0,0.10391799236207641,0,0.24344569288389514,0,0.23829797265852792,0,False
4000-VGMQP,No,2684.3,0,0.08252903656183767,0,0.1004566210045662,0,0.19769953770384163,0,False
3999-WRNGR,No,597.0,0,0.15127960047721553,0,0.2926829268292683,0,0.2938020668015633,0,False
3466-RITXD,No,4250.400000000001,0,0.41634058088230225,0,0.29533678756476683,0,0.30317254814733724,0,False
2680-XKKNJ,No,3724.8,0,0.06236109762885576,0,0.021970705725699067,0,0.18320563657702763,0,False
2974-GGUXS,No,3310.2000000000003,0,0.37716126058151517,0,0.29533678756476683,0,0.3529527805441255,0,False
7994-XIRTR,No,1174.5,0,0.03376483476026942,0,0.1004566210045662,0,0.2097486317524997,0,False
2101-RANCD,No,1242.6999999999998,0,0.3476795699483467,0,0.4540540540540541,0,0.4417893034129433,0,False
7921-BEPCI,No,59.75,0,0.006745768768812004,0,0.021970705725699067,0,0.17760817528865758,0,False
8510-TMWYB,No,1076.4,0,0.021989515762746416,0,0.015384615384615385,0,0.19969033797355792,0,False
3258-ZKPAI,No,116.6,0,0.039348313945374885,0,0.06711409395973154,0,0.16372446011635794,0,False
1428-IEDPR,No,2186.0,0,0.11817293288296214,0,0.06711409395973154,0,0.2552239097834858,0,False
5298-GSTLM,No,1216.8000000000002,0,0.16805089101040757,0,0.24344569288389514,0,0.29864849796156817,0,False
4450-YOOHP,No,1671.45,0,0.24485430980997516,0,0.1650485436893204,0,0.3137195997454696,0,False
6728-CZFEI,No,3200.55,0,0.14140733301118946,0,0.13043478260869565,0,0.27444285496028703,0,False
3653-NCRDJ,No,556.8,0,0.019521358140749342,0,0.021970705725699067,0,0.09971277469953752,0,False
6121-TNHBO,No,747.0,0,0.021384544077923937,0,0.021970705725699067,0,0.15738670845452973,0,False
5119-NZPTV,No,4907.0,1,0.5279912724643033,0,0.45535714285714285,0,0.45069853054937814,1,False
6519-ZHPXP,No,108.3,0,0.027752563941675846,0,0.06711409395973154,0,0.16476953776073974,0,False
3472-QPRCH,No,808.0,0,0.010489598756841294,0,0.021970705725699067,0,0.0695055808052428,0,False
8224-UAXBZ,No,634.9,0,0.057937001046994535,0,0.021970705725699067,0,0.22829957989308627,0,False
9610-WCESF,No,219.5,0,0.014086349791397702,0,0.021970705725699067,0,0.19334246758051055,0,False
2486-WYVVE,No,3251.3,0,0.15137060419060783,0,0.375,0,0.218345223660995,0,False
3865-ZYKAD,No,254.7,0,0.13781370213292624,0,0.08108108108108109,0,0.28364071508600475,0,False
1422-DGUBX,No,3170.0,0,0.24590046315591726,0,0.1004566210045662,0,0.30679571159230873,0,False
2999-AANRQ,No,3623.55,0,0.027365969541037507,0,0.021970705725699067,0,0.15865220713772937,0,False
8668-KNZTI,No,1075.0,0,0.03138507227515477,0,0.021970705725699067,0,0.21530167967821556,0,False
0480-KYJVA,No,24.25,0,0.0026300532655699174,0,0.021970705725699067,0,0.06853777177741653,0,False
9746-YKGXB,No,885.0,0,0.03395061739512308,0,0.021970705725699067,0,0.16059761979736017,0,False
3926-YZVVX,No,1551.55,0,0.03365142601558939,0,0.1004566210045662,0,0.212698104608204,0,False
6000-UKLWI,No,624.65,0,0.009783347098356179,0,0.021970705725699067,0,0.08654511477376126,0,False
6332-FBZRI,No,346.75,0,0.01361066635337558,0,0.021970705725699067,0,0.14204944922788068,0,False
2096-XOTMO,No,1083.6,0,0.07839797412934406,0,0.11405835543766578,0,0.09765112020633696,0,False
3266-FTKHB,No,1053.25,0,0.027792318998098198,0,0.021970705725699067,0,0.0893467925028462,0,False
8221-EQDGL,No,2257.0,0,0.07053491701921574,0,0.11405835543766578,0,0.20823757448293417,0,False
2346-LOCWC,No,287.0,0,0.0033736856203321077,0,0.021970705725699067,0,0.07113736921961056,0,False
0298-XACET,No,1004.0,0,0.018447658585662823,0,0.015384615384615385,0,0.14315874726178082,0,False
7560-QJAVJ,No,159.2,0,0.00905465825698918,0,0.021970705725699067,0,0.1574735961116439,0,False
2995-YWTCD,No,1319.6999999999998,0,0.03596151303803115,0,0.021970705725699067,0,0.08705040247744146,0,False
9137-UIYPG,No,3955.3,0,0.27791062076308976,0,0.25,0,0.26903956464225054,0,False
2809-ZMYOQ,No,4054.0,1,0.5396105442927048,0,0.4540540540540541,0,0.4264658786246159,1,False
5084-OOVCJ,No,3044.25,0,0.10715635239166375,0,0.11405835543766578,0,0.22202429706800106,0,False
0254-WWRKD,No,252.75,0,0.012229385398679567,0,0.1004566210045662,0,0.21022240202420814,0,False
7727-SHVZV,No,1228.5,0,0.11461117814916799,0,0.11405835543766578,0,0.1209685998335671,0,False
5339-PXDVH,No,6164.200000000001,1,0.6251555281210168,1,0.7912621359223301,0,0.39842786702831995,2,False
2205-LPVGL,No,1257.9,0,0.05836380179595457,0,0.021970705725699067,0,0.19017262422514578,0,False
8782-NUUOL,No,948.0,0,0.025950840872301848,0,0.021970705725699067,0,0.17294733751261923,0,False
7601-WFVZV,No,1388.05,0,0.16214681218219143,0,0.3706896551724138,0,0.15823880612124078,0,False
4609-KNNWG,No,895.4999999999999,0,0.014312723822543243,0,0.021970705725699067,0,0.07384392057292102,0,False
4868-AADLV,No,697.5,0,0.12970549432451103,0,0.24344569288389514,0,0.20403978698735314,0,False
9529-OFXHY,No,5001.75,0,0.43207770281198415,0,0.29533678756476683,0,0.37496082483059995,0,False
2669-QVCRG,No,2520.3,0,0.2621535860786955,0,0.29533678756476683,0,0.3323264035128406,0,False
2478-EEWWM,No,575.9,0,0.23754889589289815,0,0.16666666666666666,0,0.35248418471970117,0,False
9174-IHETN,No,1547.6999999999998,0,0.03758235771512672,0,0.015384615384615385,0,0.27681630279158265,0,False
2233-TXSIU,No,2444.75,0,0.12371285083979236,0,0.021970705725699067,0,0.1760691424597588,0,False
9644-UMGQA,No,3243.9,0,0.2621927939281803,1,0.5242718446601942,0,0.3141322436175618,1,False
3256-EZDBI,No,618.4499999999999,0,0.11444262464749981,0,0.1650485436893204,0,0.2923404883299636,0,False
0419-YAAPX,No,1961.9,0,0.23437176644999383,0,0.29533678756476683,0,0.337253411617012,0,False
0872-CASZJ,No,898.3,0,0.037102532374319264,0,0.021970705725699067,0,0.18640849776935453,0,False
4726-DLWQN,No,1547.6999999999998,0,0.11129608303468153,0,0.11405835543766578,0,0.2636129466852158,0,False
8164-OCKUJ,No,267.8,0,0.0035786027266697796,0,0.021970705725699067,0,0.07331764311428575,0,False
3094-JOJAI,No,4004.1,0,0.4821374139502092,0,0.29533678756476683,0,0.373286813727673,0,False
9494-MRNYX,No,4653.099999999999,1,0.5005554815480864,1,0.6363636363636364,0,0.4445848297977511,2,False
2599-CZABP,No,2586.8,0,0.15889136507464238,0,0.1004566210045662,0,0.2891210715682399,0,False
7945-PRBVF,No,793.65,0,0.011726784408753093,0,0.021970705725699067,0,0.08542108988152491,0,False
4544-RXFMG,No,2780.8,0,0.16544650276096604,0,0.13043478260869565,0,0.2894607386449901,0,False
0859-YGKFW,No,1082.7,0,0.03684023866301086,0,0.021970705725699067,0,0.08115296035298275,0,False
1150-FTQGN,No,1129.8000000000002,0,0.0641171529775871,0,0.06666666666666667,0,0.20783082179669676,0,False
7196-LIWRH,No,1290.3,0,0.04254708946728852,0,0.021970705725699067,0,0.09387312713146327,0,False
5448-VWNAM,No,4022.7,0,0.14774812824024283,0,0.11405835543766578,0,0.19485263764316987,0,False
1177-XZBJL,No,1218.85,0,0.015518607080858208,0,0.021970705725699067,0,0.13483293409904606,0,False
3518-FSTWG,No,109.55,0,0.07413518917494584,0,0.06711409395973154,0,0.22251176887670873,0,False
9330-VOFSZ,No,1329.6,0,0.09232571093084688,0,0.06711409395973154,0,0.20475395533811191,0,False
0939-EREMR,No,3153.55,0,0.13235171526045914,0,0.1650485436893204,0,0.248963856843759,0,False
9389-ACWBI,No,4686.650000000001,0,0.42819514061294195,0,0.45535714285714285,0,0.3735920429187429,0,False
3644-QXEHN,No,5723.0,0,0.4733193274531963,1,0.6479591836734694,0,0.35955497557933813,1,False
2911-IJORQ,No,3171.0,0,0.07771650873104917,0,0.021970705725699067,0,0.16652726454036365,0,False
5921-NGYRH,No,588.4,0,0.12462576660403352,0,0.08108108108108109,0,0.31989530614038697,0,False
5998-DZLYR,No,1037.85,0,0.06181902905238213,0,0.06711409395973154,0,0.22352383315421673,0,False
3985-HOYPM,No,892.4,0,0.035999210769693445,0,0.021970705725699067,0,0.09268220273414675,0,False
9548-LERKT,No,948.0,0,0.02137289872314388,0,0.021970705725699067,0,0.07712866858364059,0,False
6576-FBXOJ,No,3003.0,0,0.22900276235613873,0,0.1004566210045662,0,0.22511832696031522,0,False
4310-KEDTB,No,1370.8,0,0.21556214886654987,0,0.1650485436893204,0,0.30650760317667225,0,False
4062-HBMOS,No,2061.0,0,0.40616706433255284,0,0.4540540540540541,0,0.38852068629736686,0,False
2676-ISHSF,No,1441.3,0,0.16101137938969037,0,0.3706896551724138,0,0.15265498003452463,0,False
9236-NDUCW,No,1790.1,0,0.04199453988490164,0,0.021970705725699067,0,0.18402678443605489,0,False
4753-PADAS,No,528.5,0,0.1758709787374798,0,0.24344569288389514,0,0.2744543354021774,0,False
6103-QCKFX,No,1575.0,0,0.03200903047843086,0,0.11405835543766578,0,0.19030272997934003,0,False
7781-EWARA,No,120.7,0,0.03360568386535898,0,0.1004566210045662,0,0.17338628027860234,0,False
7018-FPXHH,No,956.8,0,0.010618634676025406,0,0.021970705725699067,0,0.15191752022887473,0,False
0572-ZJKLT,No,2590.9,0,0.04589697575189171,0,0.06711409395973154,0,0.17390764951490645,0,False
5135-RDDQL,No,455.85,0,0.00866964606042579,0,0.021970705725699067,0,0.18574886774752605,0,False
1353-LJWEM,No,3714.9,0,0.24140764204178208,0,0.1111111111111111,0,0.30646588117507284,0,False
1794-SWWKL,No,3400.05,0,0.19959686493835146,0,0.1650485436893204,0,0.2500320868615654,0,False
6166-YIPFO,No,64.7,0,0.02229237605945386,0,0.021970705725699067,0,0.16005386598634996,0,False
9332-GYWLO,No,3620.1,0,0.30700957841110027,1,0.5242718446601942,0,0.34137470189740227,1,False
4184-VODJZ,No,822.15,0,0.1723350849798679,0,0.1004566210045662,0,0.30834088650068947,0,False
1092-WPIVQ,No,1355.4,0,0.02800717261307829,0,0.021970705725699067,0,0.07361390862892414,0,False
7233-IOQNP,No,986.0,0,0.06388647391673014,0,0.11405835543766578,0,0.200185765131146,0,False
2834-JKOOW,No,2616.3,0,0.08352249811367463,0,0.021970705725699067,0,0.1695111108421981,0,False
2400-FEQME,No,348.5,0,0.004357976702444124,0,0.021970705725699067,0,0.07320581422485135,0,False
4957-SREEC,No,40.7,0,0.0020478607400461666,0,0.021970705725699067,0,0.0704207615987018,0,False
0230-UBYPQ,No,324.90000000000003,0,0.017043066642194894,0,0.021970705725699067,0,0.16953907728449008,0,False
4923-ADWXJ,No,3092.6,0,0.15777530389359656,0,0.1650485436893204,0,0.24935533089137774,0,False
1763-KUAAW,No,1098.9,0,0.05024324273432582,0,0.021970705725699067,0,0.09419027632051641,0,False
1104-TNLZA,No,4655.2,1,0.5052436103886336,1,0.5551470588235294,0,0.33576249636887845,2,False
5195-KPUNQ,No,1838.25,0,0.08524327132326986,0,0.24344569288389514,0,0.22724063629662603,0,False
3439-GVUSX,No,1732.4,0,0.3838371448088414,0,0.43157894736842106,0,0.3733628588450707,0,False
5949-HGVJL,No,3360.3,0,0.30434312283049264,0,0.1111111111111111,0,0.2708456350531596,0,False
5203-XEHAX,No,2445.3,0,0.06526758480816444,0,0.021970705725699067,0,0.22122181050515113,0,False
1635-HDGFT,No,1086.5,0,0.019625121190364653,0,0.021970705725699067,0,0.08339168469920537,0,False
8050-XGRVL,No,547.5,0,0.011643286414206646,0,0.021970705725699067,0,0.1658281824210619,0,False
9828-QHFBK,No,2455.2,0,0.19034871064981032,0,0.16666666666666666,0,0.3179362973313855,0,False
3908-MKIMJ,No,167.8,0,0.019626813652567243,0,0.021970705725699067,0,0.20518989864765946,0,False
5012-YSPJJ,No,2228.35,0,0.07767068232457884,0,0.1650485436893204,0,0.20746259906267134,0,False
6728-VOIFY,No,864.0,0,0.17816639189158193,0,0.24344569288389514,0,0.3245306167955107,0,False
4891-NLUBA,No,675.95,0,0.024222156299164313,0,0.015384615384615385,0,0.1548127189439837,0,False
8969-PRHFK,No,1061.1,0,0.04850653892919326,0,0.021970705725699067,0,0.0945656415512953,0,False
0661-KQHNK,No,1254.0,0,0.057744415238230304,0,0.021970705725699067,0,0.08671352259416854,0,False
8709-KRDVL,No,3900.0,1,0.6327362213628366,0,0.4540540540540541,0,0.40355798412734495,1,False
1427-VERSM,No,1579.2,0,0.2888585966150888,0,0.4540540540540541,0,0.3395921068974724,0,False
9801-NOSHQ,No,970.2,0,0.03148091632751719,0,0.021970705725699067,0,0.08468023884162351,0,False
6339-YPSAH,No,4649.4,1,0.5171866207317387,0,0.45535714285714285,0,0.46172096384238254,1,False
2159-TURXX,No,1343.35,0,0.14740045603826257,0,0.11405835543766578,0,0.12774412241319338,0,False
1548-FEHVL,No,1168.2,0,0.2889890916116046,0,0.25,0,0.32585216229055436,0,False
3795-CAWEX,No,233.1,0,0.04061560276031191,0,0.06711409395973154,0,0.15608898482394634,0,False
6215-NQCPY,No,5682.900000000001,1,0.5659714593717425,1,0.5551470588235294,0,0.40477527610394654,2,False
5647-URDKA,No,1260.8,0,0.032646037576469465,0,0.021970705725699067,0,0.08134762904200392,0,False
2229-DPMBI,No,1248.0,0,0.03213898019247426,0,0.021970705725699067,0,0.07988539650619644,0,False
9626-WEQRM,No,1982.2,0,0.34489220495367967,0,0.11405835543766578,0,0.3269871775995919,0,False
2188-SXWVT,No,2090.0,0,0.0389425098514395,0,0.021970705725699067,0,0.1918732576122619,0,False
6258-PVZWJ,No,363.2,0,0.018303933346769365,0,0.021970705725699067,0,0.13482096425668127,0,False
1094-BKOSX,No,1377.0,0,0.03972194102868923,0,0.1004566210045662,0,0.1496322094378786,0,False
6969-MVBAI,No,5676.299999999999,1,0.7768511880303202,1,0.7912621359223301,0,0.47875221060878564,2,False
2978-XXSOG,No,2952.5,0,0.15127260486740754,0,0.11405835543766578,0,0.23695414108536794,0,False
2342-CKIAO,No,1421.0,0,0.15289662243700936,0,0.1111111111111111,0,0.13283699616638112,0,False
6953-PBDIN,No,145.9,0,0.012370925654594765,0,0.015384615384615385,0,0.15424158215896597,0,False
3898-BSJYF,No,4560.099999999999,0,0.08392868870344218,0,0.021970705725699067,0,0.18054337827860714,0,False
3938-YFPXD,No,84.3,0,0.011787892557975676,0,0.021970705725699067,0,0.15025202960011055,0,False
7696-AMHOD,No,1794.0,0,0.043781116924576514,0,0.1004566210045662,0,0.19471528116533426,0,False
2453-SAFNS,No,1297.8,0,0.042152984898713004,0,0.13043478260869565,0,0.21130727734776708,0,False
9558-IHEZX,No,106.75,0,0.05895729591464676,0,0.06711409395973154,0,0.22362744843438873,0,False
9617-UDPEU,No,962.5,0,0.05598177356458918,0,0.021970705725699067,0,0.1149368987433069,0,False
6340-DACFT,No,452.1,0,0.004833657681819833,0,0.021970705725699067,0,0.07158379716592435,0,False
4955-VCWBI,No,580.0,0,0.013427986268434274,0,0.021970705725699067,0,0.08115153184971909,0,False
6813-GZQCG,No,665.55,0,0.012087717016526483,0,0.021970705725699067,0,0.08572016899775889,0,False
7426-GSWPO,No,828.0,0,0.23372079607045118,0,0.26666666666666666,0,0.3100128471056854,0,False
3389-KTRXV,No,1168.65,0,0.023482407133498643,0,0.021970705725699067,0,0.07168264611325484,0,False
3118-UHVVQ,No,103.2,0,0.004024942502456704,0,0.021970705725699067,0,0.07403143652297949,0,False
3205-MXZRA,No,2734.7000000000003,0,0.0710964499152771,0,0.1004566210045662,0,0.21598590922253016,0,False
8317-BVKSO,No,1162.9,0,0.17712445327619547,0,0.1111111111111111,0,0.15691285083779308,0,False
5702-KVQRD,No,82.55,0,0.019371929396061218,0,0.021970705725699067,0,0.1789828030815955,0,False
0083-PIVIK,No,650.0,0,0.028709836359962826,0,0.021970705725699067,0,0.16927951961485704,0,False
6169-PGNCD,No,1114.5,0,0.011870875101529383,0,0.021970705725699067,0,0.15120544248980894,0,False
4909-JOUPP,No,109.7,0,0.05444756040067477,0,0.06711409395973154,0,0.2044229516781515,0,False
4657-FWVFY,No,3083.2,0,0.2880556098039694,0,0.29533678756476683,0,0.3017979533014733,0,False
2257-BOVXD,No,3862.8,0,0.3404848883535731,0,0.1650485436893204,0,0.29007984377973073,0,False
7729-JTEEC,No,3115.0,0,0.36341645466529476,1,0.5932203389830508,0,0.3973839740013036,1,False
9696-RMYBA,No,5366.7,1,0.530053446460963,1,0.6479591836734694,0,0.4431105013076626,2,False
8690-UPCZI,No,2969.15,0,0.05343486955691923,0,0.021970705725699067,0,0.1514291285151402,0,False
9770-LXDBK,No,1407.6,0,0.14780591725086542,0,0.1111111111111111,0,0.13144164732917182,0,False
4086-WITJG,No,19.7,0,0.0019139936361812506,0,0.021970705725699067,0,0.07074943867347583,0,False
8344-WFMFH,No,3156.3,0,0.28151368946313104,0,0.1111111111111111,0,0.35645253793276654,0,False
8822-KNBHV,No,2002.8,0,0.07284466670662455,0,0.021970705725699067,0,0.20060907339633946,0,False
8404-FYDIB,No,3985.9,0,0.28139004966976555,0,0.29533678756476683,0,0.2960737465133215,0,False
2791-SFVEW,No,1269.4499999999998,0,0.11538782629255655,0,0.11405835543766578,0,0.12038361440715505,0,False
6762-NSODU,No,504.4,0,0.005785788603828895,0,0.021970705725699067,0,0.07158379716592435,0,False
9888-ZCUMM,No,480.4,0,0.017482323539677408,0,0.021970705725699067,0,0.13539481201847267,0,False
1074-WVEVG,No,264.55,0,0.008505364757733605,0,0.021970705725699067,0,0.08689246719532245,0,False
9979-RGMZT,No,6113.25,0,0.48982955945395873,0,0.24344569288389514,0,0.34034544998563854,0,False
6437-UDQJM,No,84.1,0,0.024295671223470837,0,0.021970705725699067,0,0.17999302263057074,0,False
1226-IENZN,No,4410.0,1,0.5563026273146122,1,0.5551470588235294,0,0.4562444599477549,2,False
2108-GLPQB,No,2610.85,0,0.1763944353788457,0,0.1650485436893204,0,0.2801721861433669,0,False
5474-LAMUQ,No,964.8,0,0.03856293874986983,0,0.021970705725699067,0,0.08697146791105859,0,False
3468-DRVQJ,No,4358.599999999999,0,0.14212517072065373,0,0.021970705725699067,0,0.21508615115182383,0,False
1122-YJBCS,No,160.95,0,0.015142372569152619,0,0.021970705725699067,0,0.1938411897863931,0,False
4990-ALDGW,No,311.25,0,0.004822535880241027,0,0.021970705725699067,0,0.08582018686962123,0,False
4816-OKWNX,No,2274.8,0,0.11919053270349687,0,0.24344569288389514,0,0.2097447018037767,0,False
3315-IKYZQ,No,2235.2,0,0.06109461903961201,0,0.021970705725699067,0,0.13767181879653406,0,False
4747-LCAQL,No,3713.0,0,0.15322051959912308,0,0.11405835543766578,0,0.2068569008593392,0,False
3411-WLRSQ,No,5147.4,0,0.4797500240219067,0,0.45535714285714285,0,0.4013428934902991,0,False
0898-XCGTF,No,1061.5,0,0.19121399717033633,0,0.24344569288389514,0,0.3237318610978084,0,False
8006-PYCSW,No,1407.0,0,0.15316254775169835,0,0.1111111111111111,0,0.13283699616638112,0,False
8249-THVEC,No,407.4,0,0.009727323051179052,0,0.021970705725699067,0,0.08046635137082482,0,False
8722-PRFDV,No,77.55,0,0.009366326636604208,0,0.021970705725699067,0,0.16066968731336886,0,False
2164-SOQXL,No,1042.6,0,0.06725790504147738,0,0.11405835543766578,0,0.09761914215259715,0,False
4020-KIUDI,No,1310.1,0,0.10766958998734767,0,0.11405835543766578,0,0.09732950783328462,0,False
5850-BDWCY,No,1333.2,0,0.15039079453920634,0,0.11405835543766578,0,0.1217724985020541,0,False
2038-YSEZE,No,2900.35,0,0.07812473849826868,0,0.11405835543766578,0,0.1932855514149761,0,False
0827-ITJPH,No,667.8000000000001,0,0.016212385685678517,0,0.021970705725699067,0,0.1028539913233085,0,False
8799-OXZMD,No,1309.0,0,0.23640046124513445,0,0.1650485436893204,0,0.33132981590221655,0,False
1705-GUHPV,No,217.8,0,0.005331425544406029,0,0.021970705725699067,0,0.08470437141255599,0,False
4779-ZGICK,No,565.2,0,0.008392105122841182,0,0.021970705725699067,0,0.07127746457295948,0,False
0048-PIHNL,No,470.35,0,0.012026777759261748,0,0.021970705725699067,0,0.0872835594119228,0,False
3967-KXAPS,No,92.3,0,0.01134737358948946,0,0.021970705725699067,0,0.12506628592693697,0,False
3704-IEAXF,No,53.65,0,0.010737362297675294,0,0.015384615384615385,0,0.16087838600487106,0,False
6810-VCAEX,No,991.25,0,0.02236524184227874,0,0.021970705725699067,0,0.15808927489042024,0,False
0674-EYYZV,No,3880.15,0,0.45209162879015063,1,0.5932203389830508,0,0.43413553601926824,1,False
4480-MBMLB,No,3772.8,0,0.2845846060178993,0,0.24344569288389514,0,0.2887432184803133,0,False
1395-OFUWC,No,849.7,0,0.08736779850925597,0,0.1650485436893204,0,0.2470005234246374,0,False
0822-QGCXA,No,3773.25,0,0.2585307209274735,0,0.1111111111111111,0,0.25166402302427493,0,False
2832-KJCRD,No,3524.1000000000004,0,0.43930149262467105,0,0.4540540540540541,0,0.37120204393801454,0,False
3588-WSTTJ,No,3664.85,0,0.4775457828081679,0,0.25,0,0.4013357971561236,0,False
4075-WKNIU,No,5281.2,0,0.11145503648331932,0,0.015384615384615385,0,0.1749853042987467,0,False
5090-EMGTC,No,1300.65,0,0.07098513318640065,0,0.06711409395973154,0,0.22712759844405223,0,False
2346-CZYIL,No,915.75,0,0.016324235068245426,0,0.021970705725699067,0,0.08599018945749744,0,False
3798-EPWRR,No,3076.5,0,0.35801893492285747,1,0.6666666666666666,0,0.4178609632206274,1,False
6258-NGCNG,No,1527.5,0,0.19320351909359507,0,0.11405835543766578,0,0.12761432584814353,0,False
4186-ZBUEW,No,2545.2000000000003,0,0.08944110617133504,0,0.375,0,0.2167856443285357,0,False
5274-XHAKY,No,2923.3,0,0.22646034125718653,0,0.29533678756476683,0,0.2726414242714517,0,False
1442-BQPVU,No,1719.85,0,0.314217002316546,0,0.2926829268292683,0,0.33040981563253946,0,False
3978-YNKDD,No,1105.0500000000002,0,0.018867851553356494,0,0.021970705725699067,0,0.08266804156480546,0,False
4940-KHCWD,No,452.4,0,0.0077466904478136304,0,0.021970705725699067,0,0.13548900621292326,0,False
9589-ABEPT,No,277.35,0,0.05507096182034198,0,0.015384615384615385,0,0.231877965387768,0,False
9388-ZEYVT,No,1280.35,0,0.08546199294479694,0,0.1004566210045662,0,0.21952590945120193,0,False
0305-SQECB,No,2199.05,0,0.1161944460506774,0,0.021970705725699067,0,0.1874155478941203,0,False
7605-SNLQG,No,1356.75,0,0.0990325453634629,0,0.1650485436893204,0,0.2959392373602092,0,False
4670-TABXH,No,109.75,0,0.06472957443561501,0,0.06711409395973154,0,0.2037148543220739,0,False
0064-SUDOG,No,1218.0,0,0.025168040161411886,0,0.021970705725699067,0,0.07664091638363296,0,False
8561-NMTBD,No,561.75,0,0.10030267156494092,0,0.24344569288389514,0,0.2072332749160532,0,False
5161-XEUVX,No,3300.5,0,0.1092378043810345,0,0.06711409395973154,0,0.21757825535494216,0,False
8292-FRFZQ,No,1357.95,0,0.031842120406874036,0,0.021970705725699067,0,0.15313779524400595,0,False
8591-NXRCV,No,2314.15,0,0.10777309020807654,0,0.11405835543766578,0,0.22604088870781155,0,False
7895-VONWT,No,2267.75,0,0.4242996153659689,0,0.16666666666666666,0,0.35246306835827634,0,False
4526-RMTLL,No,4873.6,0,0.064799546698729,0,0.021970705725699067,0,0.15943100529827892,0,False
6253-GNHWH,No,71.1,0,0.004787433877706116,0,0.021970705725699067,0,0.12413290486869187,0,False
4566-NECEV,No,6468.849999999999,1,0.5393311147579651,1,0.7912621359223301,0,0.4056814819031185,2,False
8080-POTJR,No,3330.6,0,0.13415672057557634,0,0.021970705725699067,0,0.22532772649293886,0,False
6906-MPARY,No,2867.2,0,0.13149969340656173,0,0.1004566210045662,0,0.24507505229301543,0,False
3662-FXJFO,No,369.0,0,0.007727787184508612,0,0.021970705725699067,0,0.10220677855033598,0,False
8107-RZLNV,No,106.3,0,0.08706040734863776,0,0.06711409395973154,0,0.25693667867284253,0,False
0516-OOHAR,No,4415.4,0,0.21131182871441187,0,0.24344569288389514,0,0.2349763691557324,0,False
2027-CWDNU,No,4622.4,0,0.4018085455392995,1,0.5551470588235294,0,0.3449748691811961,1,False
9912-OMZDS,No,1379.95,0,0.2094457925230143,0,0.24344569288389514,0,0.29220904473840387,0,False
3733-ZEECP,No,2555.0,0,0.18107639604968936,0,0.16666666666666666,0,0.28503034331659244,0,False
7878-RTCZG,No,1412.9,0,0.15858154251055118,0,0.3706896551724138,0,0.15842835616530265,0,False
2452-MRMZF,No,25.7,0,0.005603818510155471,0,0.021970705725699067,0,0.09239043251051703,0,False
7103-IPXPJ,No,2186.8,0,0.2026772037087739,0,0.24344569288389514,0,0.2873669025862262,0,False
4342-HFXWS,No,1672.8000000000002,0,0.018538236393710765,0,0.021970705725699067,0,0.14317585665108884,0,False
3545-CNWRG,No,2262.05,0,0.37785400135447583,0,0.4540540540540541,0,0.3527406712016303,0,False
1785-BPHTP,No,3759.8,0,0.32783198314642137,1,0.5551470588235294,0,0.3455875709066241,1,False
4989-LIXVT,No,383.6,0,0.28476203759978536,0,0.4540540540540541,0,0.397129580401337,0,False
7315-WYOAW,No,5944.25,1,0.5100115035935783,1,0.7912621359223301,0,0.3764836011195085,2,False
1173-XZPYF,No,5441.2,1,0.6059993666388274,1,0.7912621359223301,0,0.4591369914657564,2,False
2509-TFPJU,No,25.75,0,0.0033809185664684573,0,0.021970705725699067,0,0.07316988493258425,0,False
9530-GRMJG,No,168.2,0,0.029741500166354788,0,0.015384615384615385,0,0.18376337700397494,0,False
6898-RBTLU,No,1823.9,0,0.025219239828393216,0,0.015384615384615385,0,0.16805358782804525,0,False
5481-NTDOH,No,535.25,0,0.144153983870831,0,0.24344569288389514,0,0.25742157389379733,0,False
2068-WWXQZ,No,521.3000000000001,0,0.007374922233968007,0,0.021970705725699067,0,0.08577700686943218,0,False
2061-VVFST,No,682.5,0,0.041945069825841445,0,0.11405835543766578,0,0.1089736878246103,0,False
0749-IRGQE,No,2672.7,1,0.5917797482999145,1,0.5242718446601942,0,0.370401945081405,2,False
2380-DAMQP,No,115.15,0,0.04966053609928421,0,0.06711409395973154,0,0.18669162504574083,0,False
2256-YLYLP,No,291.8,0,0.016239787176274896,0,0.015384615384615385,0,0.18023748707489193,0,False
1272-ILHFG,No,1120.05,0,0.04490722534161763,0,0.021970705725699067,0,0.0824280792520952,0,False
0164-XAIRP,No,938.4,0,0.027471784838528177,0,0.021970705725699067,0,0.10159266651082502,0,False
5666-CYCYZ,No,4298.4,0,0.46685150185925356,1,0.5551470588235294,0,0.37759492340483475,1,False
4011-ARPHK,No,2265.75,0,0.10294842859579907,0,0.11405835543766578,0,0.2566261882437882,0,False
6365-HITVU,No,87.25,0,0.006387147864079796,0,0.021970705725699067,0,0.11747636287807346,0,False
7558-IMLMT,No,104.0,0,0.0036987269511384907,0,0.021970705725699067,0,0.08516570635261084,0,False
9488-FYQAU,No,983.25,0,0.08128220590255494,0,0.06711409395973154,0,0.2100273210671438,0,False
3590-TCXTB,No,1444.85,0,0.16093581934912757,0,0.3706896551724138,0,0.15439740427694887,0,False
6994-KERXL,No,3801.2,0,0.4348546390320122,1,0.5242718446601942,0,0.41512548991213366,1,False
1960-UOTYM,No,1584.0,0,0.02313934555658203,0,0.021970705725699067,0,0.17127538478657114,0,False
2740-JFBOK,No,1488.0,0,0.24549426551077028,0,0.1111111111111111,0,0.16063309633075995,0,False
6500-JVEGC,No,405.4,0,0.06608147793593008,0,0.06666666666666667,0,0.22049975409665165,0,False
5245-VDBUR,No,709.0,0,0.033654460229395194,0,0.021970705725699067,0,0.1841980961475728,0,False
8469-SNFFH,No,158.8,0,0.015485197385710988,0,0.021970705725699067,0,0.13885306455695398,0,False
2144-ESWKO,No,1020.8,0,0.05773623819561418,0,0.021970705725699067,0,0.20380166548381376,0,False
1241-FPMOF,No,393.0,0,0.006100626846706554,0,0.021970705725699067,0,0.08654511477376126,0,False
9928-BZVLZ,No,2991.0,0,0.07145546178425081,0,0.021970705725699067,0,0.17332763698978032,0,False
4114-QMKVN,No,1100.0,0,0.025442516118182143,0,0.021970705725699067,0,0.16765404923009813,0,False
2775-SEFEE,No,4456.8,0,0.08773153926378162,0,0.021970705725699067,0,0.18217680264251354,0,False
9003-CPATH,No,2397.0,0,0.29383847125536583,0,0.4540540540540541,0,0.3910896773967758,0,False
1754-GKYPY,No,4487.5,0,0.49639652198825196,0,0.4697986577181208,0,0.39139004341671485,0,False
7956-XQWGU,No,872.9999999999999,0,0.07994209956209562,0,0.11405835543766578,0,0.133799706855059,0,False
1591-MQJTP,No,1966.65,0,0.16592832947637073,0,0.021970705725699067,0,0.2628539339358416,0,False
2369-FEVNO,No,1412.9,0,0.2478888018892855,0,0.3706896551724138,0,0.1770440837029815,0,False
7471-MQPOS,No,72.9,0,0.02888503456299078,0,0.1004566210045662,0,0.18497142660460308,0,False
5115-SQAAU,No,76.80000000000001,0,0.004318889237409185,0,0.021970705725699067,0,0.08390843892422502,0,False
9845-QOMAD,No,1145.5,0,0.04667492897766528,0,0.021970705725699067,0,0.0824280792520952,0,False
7672-VFMXZ,No,835.5,0,0.03795680351777414,0,0.16666666666666666,0,0.23868664758053973,0,False
9739-JLPQJ,No,117.5,0,0.02779689383643643,0,0.06711409395973154,0,0.143759631863012,0,False
9916-AYHTC,No,476.4,0,0.006568291058200377,0,0.021970705725699067,0,0.08565624331446457,0,False
3855-ONCAR,No,5365.200000000001,0,0.4909940710579076,1,0.6479591836734694,0,0.40622083198075687,1,False
1488-SYSFC,No,846.65,0,0.08306469778580522,0,0.1111111111111111,0,0.1236797564289737,0,False
0970-QXPXW,No,1395.15,0,0.15895570045675878,0,0.3706896551724138,0,0.15842835616530265,0,False
3259-KNMRR,No,1196.25,0,0.05325937465758889,0,0.015384615384615385,0,0.23977710111114958,0,False
6120-RJKLU,No,799.5,0,0.01855907169191635,0,0.021970705725699067,0,0.15770065993200577,0,False
9572-WUKSB,No,2063.1,1,0.5435628690999383,0,0.3939393939393939,0,0.3571109356443718,1,False
5893-KCLGT,No,19.75,0,0.002905204855006607,0,0.021970705725699067,0,0.09520146847279437,0,False
0076-LVEPS,No,1935.0,0,0.11098068054250294,0,0.11405835543766578,0,0.18509414126080526,0,False
3640-JQGJG,No,2643.2,0,0.17197996541455407,0,0.1650485436893204,0,0.279804932903799,0,False
1596-OQSPS,No,3117.1,0,0.23950557919274001,0,0.1111111111111111,0,0.33464217921548006,0,False
9867-XOBQA,No,2710.65,0,0.039302683767986325,0,0.021970705725699067,0,0.13309417010514607,0,False
9546-KDTRB,No,1309.1,0,0.10312545327592243,0,0.11405835543766578,0,0.11600329909107612,0,False
3174-RKMOW,No,4068.15,0,0.3868667189610015,0,0.4540540540540541,0,0.28327480926554555,0,False
1760-CAZHT,No,977.6,0,0.05453881292025839,0,0.11405835543766578,0,0.10282647403268949,0,False
8441-SHIPE,No,128.0,0,0.006003452563602726,0,0.021970705725699067,0,0.09681129621665907,0,False
1320-GVNHT,No,108.4,0,0.0508750471448899,0,0.06711409395973154,0,0.1959403849938205,0,False
1047-RNXZV,No,566.95,0,0.009183451713730252,0,0.021970705725699067,0,0.08654511477376126,0,False
3541-ZNUHK,No,1446.6999999999998,0,0.1739892596752722,0,0.25,0,0.30990140948502226,0,False
8725-JEDFD,No,3107.25,0,0.33479160206194664,0,0.29533678756476683,0,0.39113688736004854,0,False
7562-UXTPG,No,4138.85,0,0.42150607410394186,0,0.45535714285714285,0,0.413866208839995,0,False
8071-SBTRN,No,222.3,0,0.06857504421151862,0,0.06711409395973154,0,0.22984620111525597,0,False
6668-CNMFP,No,4735.549999999999,0,0.2505016585930782,0,0.1004566210045662,0,0.2577506499828384,0,False
5626-MGTUK,No,4633.2,0,0.4011706397713932,0,0.29533678756476683,0,0.3596140431287605,0,False
5681-LLOEI,No,2646.25,0,0.08555952554502054,0,0.021970705725699067,0,0.1955913292162665,0,False
8212-DJRCH,No,6053.45,0,0.49681105185587077,1,0.6479591836734694,0,0.3291647363375386,1,False
4323-OHFOW,No,211.1,0,0.12727883356885897,0,0.24344569288389514,0,0.24795689214491062,0,False
4933-BSAIP,No,611.2,0,0.01031382873728042,0,0.021970705725699067,0,0.07762882834163697,0,False
2030-BTZRO,No,1346.4,0,0.045558438285835695,0,0.021970705725699067,0,0.09121367151943223,0,False
1116-DXXDF,No,3314.85,0,0.15119546315623494,0,0.06711409395973154,0,0.29107951609901034,0,False
6563-VNPMN,No,2313.9,0,0.1303369078572173,0,0.29533678756476683,0,0.26273304025543964,0,False
2267-WTPYD,No,1410.0,0,0.21433122390922102,0,0.08108108108108109,0,0.31506899792440946,0,False
0270-THENM,No,69.85,0,0.0043497577003049955,0,0.021970705725699067,0,0.11880210763162627,0,False
4707-MAXGU,No,25.85,0,0.0033815620247217852,0,0.021970705725699067,0,0.07363530726484797,0,False
2710-WYVXG,No,4905.9,0,0.05306469739762919,0,0.021970705725699067,0,0.19362543653222963,0,False
6300-BWMJX,No,1213.55,0,0.20856835442406346,0,0.4540540540540541,0,0.31606382452942994,0,False
7009-LGECI,No,3437.4,0,0.24025028113933916,0,0.11405835543766578,0,0.3259244472651256,0,False
5022-KVDQT,No,3658.5,0,0.4577357419582161,1,0.5551470588235294,0,0.42741678210873824,1,False
7976-CICYS,No,1407.6,0,0.1783136542085733,0,0.11405835543766578,0,0.14384522696417704,0,False
1036-GUDCL,No,948.6,0,0.04697094950362171,0,0.11405835543766578,0,0.17724689236407742,0,False
2005-DWQZJ,No,1219.2,0,0.0325581229237639,0,0.021970705725699067,0,0.07934853324002095,0,False
8148-WOCMK,No,1254.4,0,0.029896562748753196,0,0.021970705725699067,0,0.07815573771264621,0,False
7815-PDTHL,No,747.4,0,0.018181765596301403,0,0.021970705725699067,0,0.1009275034377084,0,False
9173-IVZVP,No,397.1,0,0.00462063112878926,0,0.021970705725699067,0,0.0735165314595782,0,False
9129-UXERG,No,5594.4,0,0.46691571046197217,0,0.4697986577181208,0,0.3081407428290819,0,False
3635-JBPSG,No,2211.6,0,0.15184571686045797,0,0.015384615384615385,0,0.2745162414699049,0,False
7964-ZRKKG,No,442.0,0,0.11874326751235556,0,0.1004566210045662,0,0.296293461281457,0,False
6229-LSCKB,No,5260.2,1,0.6183460588991109,1,0.6479591836734694,0,0.4850582431300334,2,False
1724-IQWNM,No,1370.3,0,0.17935897790478195,0,0.3706896551724138,0,0.16381613532770817,0,False
8217-QYOHV,No,3735.25,0,0.1931072614801292,0,0.11405835543766578,0,0.27569160421268457,0,False
5546-QUERU,No,1177.05,0,0.08082601550661535,0,0.021970705725699067,0,0.11432680469729126,0,False
6897-UUBNU,No,3854.95,0,0.2299823428688861,0,0.29533678756476683,0,0.28146177419129004,0,False
6127-IYJOZ,No,3255.35,0,0.37447857191345263,1,0.6666666666666666,0,0.4204752319168143,1,False
8930-XOTDP,No,3021.3,0,0.21765014199937438,0,0.1650485436893204,0,0.28406582817550274,0,False
5916-QEWPT,No,4830.0,0,0.33832646337198546,0,0.43157894736842106,0,0.32281846744126513,0,False
5060-TQUQN,No,3509.1,0,0.24638929357661002,0,0.29533678756476683,0,0.2575561882412138,0,False
0531-XBKMM,No,394.2000000000001,0,0.00508516913549376,0,0.021970705725699067,0,0.1372343945394985,0,False
8465-SBRXP,No,3226.6000000000004,0,0.10343312399283403,0,0.06711409395973154,0,0.22548885532308688,0,False
2408-PSJVE,No,1733.2,0,0.06860274079506508,0,0.1650485436893204,0,0.20532307071138117,0,False
9700-ZCLOT,No,1400.0,0,0.1561146599532028,0,0.1111111111111111,0,0.13330132758529703,0,False
8738-JOKAR,No,2031.0,0,0.04036388299855468,0,0.021970705725699067,0,0.1756374133787921,0,False
4534-WGCIR,No,352.1,0,0.004799276991889533,0,0.021970705725699067,0,0.06848649775903724,0,False
1930-WNXSB,No,1299.9,0,0.2690813946428878,0,0.4540540540540541,0,0.34396848493899834,0,False
3508-CFVZL,No,111.3,0,0.03706627593200579,0,0.06711409395973154,0,0.1711732004061197,0,False
0657-DOGUM,No,1454.4,0,0.035711480207897495,0,0.021970705725699067,0,0.1770400956820937,0,False
8792-AOROI,No,4192.0,0,0.054434454726986756,0,0.021970705725699067,0,0.17926959817691487,0,False
5146-YYFRZ,No,99.75,0,0.0029345866818656792,0,0.021970705725699067,0,0.08459074668408637,0,False
3452-SRFEG,No,1715.8,0,0.255232696948978,0,0.29533678756476683,0,0.4048812867984899,0,False
4070-OKWVH,No,1892.0,0,0.21722149079976982,0,0.26666666666666666,0,0.3006485362717971,0,False
5297-MDOIR,No,730.35,0,0.06199550133212936,0,0.021970705725699067,0,0.2438705199310415,0,False
6369-MCAKO,No,356.2,0,0.0146100018493849,0,0.021970705725699067,0,0.1293575146337794,0,False
4926-UMJZD,No,2017.2,0,0.1269594450110436,0,0.1650485436893204,0,0.26507788948760863,0,False
6848-HJTXY,No,155.6,0,0.0032531593817608125,0,0.021970705725699067,0,0.07655714463428889,0,False
6341-AEVKX,No,1043.0,0,0.12140743458392121,0,0.24344569288389514,0,0.24989022579916906,0,False
0682-USIXD,No,4388.55,1,0.5248672301679624,1,0.5551470588235294,0,0.37071919198331144,2,False
6976-BWGLQ,No,25.2,0,0.0026598813135491335,0,0.021970705725699067,0,0.06780897675169802,0,False
7078-NVFAM,No,1406.0,0,0.15682004902740684,0,0.2926829268292683,0,0.2509455644720436,0,False
8065-QBYTO,No,99.65,0,0.06773914378974977,0,0.0,0,0.22144209049534475,0,False
2133-TSRRM,No,4003.3,0,0.25229882980967777,0,0.4697986577181208,0,0.26111443555007624,0,False
2511-ALLCS,No,899.1,0,0.01298835039990353,0,0.021970705725699067,0,0.06839147096419822,0,False
3191-CSNMG,No,5568.3,1,0.5589908313430106,1,0.6479591836734694,0,0.44218601766332044,2,False
7952-OBOYL,No,6199.65,1,0.5771677139430764,1,0.6479591836734694,0,0.3828778186244118,2,False
7470-DYNOE,No,1160.9,0,0.08253458981094404,0,0.1004566210045662,0,0.2846460952849752,0,False
7853-OETYL,No,1975.4,0,0.41193161980425563,1,0.5242718446601942,0,0.33277107735425276,1,False
1545-ACTAS,No,2392.8,0,0.1309578519813381,0,0.24344569288389514,0,0.23546107550430026,0,False
5126-RCXYW,No,828.0,0,0.017355461923728523,0,0.015384615384615385,0,0.15851869090899512,0,False
2363-BJLSL,No,804.0,0,0.07510656452331033,0,0.1650485436893204,0,0.22952545287346532,0,False
1956-YIFGE,No,5002.5,0,0.3266387742803481,0,0.24344569288389514,0,0.26624062454487474,0,False
7921-LMDFQ,No,1974.0,0,0.2128413429008472,0,0.24344569288389514,0,0.32551899173897714,0,False
2925-MXLSX,No,2895.9,0,0.12867385451723726,0,0.1004566210045662,0,0.23852947574907218,0,False
5820-PTRYM,No,1095.2,0,0.02910658097620314,0,0.021970705725699067,0,0.16051716884381295,0,False
9609-BENEA,No,2553.0,0,0.12598153604678894,0,0.1004566210045662,0,0.22437766786395236,0,False
6211-WHMYA,No,350.8,0,0.1023651684241948,0,0.2926829268292683,0,0.2823595016298721,0,False
4459-BBGHE,No,1869.0,0,0.3446083432772264,0,0.16666666666666666,0,0.3371354570210519,0,False
9945-PSVIP,No,878.9,0,0.02261371994286412,0,0.021970705725699067,0,0.08947814564667049,0,False
9108-EJFJP,No,3802.05,0,0.24823546739401092,1,0.5932203389830508,0,0.29548075222301157,1,False
0530-IJVDB,No,229.2,0,0.057031169651595506,0,0.06711409395973154,0,0.2091099361683448,0,False
0508-SQWPL,No,301.5,0,0.0051561875669774125,0,0.021970705725699067,0,0.0853521279780923,0,False
2215-ZAFGX,No,5386.5,1,0.6271006087079305,1,0.7912621359223301,0,0.4806226717502209,2,False
8213-TAZPM,No,326.25,0,0.10018729299972247,0,0.24344569288389514,0,0.2104397265828351,0,False
1304-SEGFY,No,97.85,0,0.12516497389683803,0,0.06711409395973154,0,0.31567928413095686,0,False
7242-EDTYC,No,547.4,0,0.006375453231661274,0,0.021970705725699067,0,0.07822369375133965,0,False
2904-GGUAZ,No,84.05,0,0.03101310580894784,0,0.021970705725699067,0,0.23140359963463605,0,False
5136-GFPMB,No,1609.2,0,0.26393739060466004,0,0.08108108108108109,0,0.34723200299091855,0,False
2595-KIWPV,No,886.5,0,0.013051256689025353,0,0.021970705725699067,0,0.07818258755288113,0,False
5243-SAOTC,No,1437.3,0,0.2099625099575393,0,0.08108108108108109,0,0.3547048619316117,0,False
9398-MMQTO,No,5137.05,0,0.3733046869462493,0,0.45535714285714285,0,0.3671667952483004,0,False
7619-PLRLP,No,1407.9,0,0.03490961020034478,0,0.021970705725699067,0,0.17428782284119562,0,False
6508-NJYRO,No,1071.6,0,0.05577115307061394,0,0.021970705725699067,0,0.08956339064780758,0,False
4710-NKCAW,No,4314.8,0,0.1305136054699351,0,0.11405835543766578,0,0.1980321824528932,0,False
5306-BVTKJ,No,1339.1999999999998,0,0.03554435322632006,0,0.1004566210045662,0,0.20920929516927875,0,False
0357-NVCRI,No,942.35,0,0.04951487129264364,0,0.11405835543766578,0,0.09862477894168768,0,False
2371-KFUOG,No,1388.1,0,0.0808595571288869,0,0.24344569288389514,0,0.23125466137925826,0,False
0463-ZSDNT,No,3518.5,0,0.31411940776079517,0,0.1650485436893204,0,0.3651346888637619,0,False
6257-DTAYD,No,104.15,0,0.06601686218021634,0,0.06711409395973154,0,0.22218092307806792,0,False
4616-ULAOA,No,775.6,0,0.06261470306380079,0,0.06711409395973154,0,0.19234741018851387,0,False
7746-AWNQW,No,1573.0,0,0.1860663196580898,0,0.1650485436893204,0,0.2731111416380086,0,False
5996-EBTKM,No,349.5,0,0.01610510265273505,0,0.015384615384615385,0,0.1793529572305886,0,False
2758-RNWXS,No,3300.4,0,0.1990082881812341,0,0.021970705725699067,0,0.27748166024597753,0,False
2314-TNDJQ,No,55.65,0,0.005329496804890979,0,0.021970705725699067,0,0.11705997262502967,0,False
2405-LBMUW,No,557.7,0,0.022111603640105344,0,0.021970705725699067,0,0.14253113304045723,0,False
3454-JFUBC,No,80.0,0,0.004661924079175368,0,0.021970705725699067,0,0.10209273444458968,0,False
9039-ZVJDC,No,1317.9,0,0.19897225951556777,0,0.1111111111111111,0,0.14987381001394773,0,False
9013-AQORL,No,1093.1999999999998,0,0.09276853311950502,0,0.1650485436893204,0,0.2401768138154137,0,False
2898-MRKPI,No,404.2,0,0.12696402634151488,0,0.24344569288389514,0,0.2668982757733367,0,False
2750-BJLSB,No,2592.5,0,0.18052385734496026,0,0.24344569288389514,0,0.2706976270678067,0,False
3648-GZPHF,No,1450.0,0,0.08114415515958112,0,0.13043478260869565,0,0.1941994049223251,0,False
2075-RMJIK,No,3309.8,0,0.21338134633831551,0,0.11405835543766578,0,0.2934428441596961,0,False
9588-YRFHY,No,457.7,0,0.009294022815938144,0,0.021970705725699067,0,0.10233522700685618,0,False
9364-YKUVW,No,1128.6,0,0.15103815084116037,0,0.11405835543766578,0,0.1370422464345039,0,False
5392-AKEMH,No,2703.0,0,0.32395641544798615,1,0.5242718446601942,0,0.3951723914349439,1,False
2451-YMUXS,No,322.75,0,0.010114955780300909,0,0.021970705725699067,0,0.16838993587365192,0,False
3914-FDRHP,No,5433.75,0,0.4204118776435644,1,0.6479591836734694,0,0.39324061670362503,1,False
3078-ZKNTS,No,1165.25,0,0.03451831106188127,0,0.021970705725699067,0,0.08945576074085203,0,False
1024-KPRBB,No,3029.4,0,0.2512966846257928,0,0.375,0,0.3337032118173307,0,False
4690-PKDQG,No,2866.5,0,0.4211707908989879,0,0.4540540540540541,0,0.3797045910449619,0,False
9547-ITEFG,No,6463.799999999999,1,0.5193702631611091,1,0.7912621359223301,0,0.33445075283628,2,False
1264-FUHCX,No,1294.9,0,0.08396725405734586,0,0.1004566210045662,0,0.19811704570341696,0,False
7789-CRUVC,No,1036.2,0,0.13466012860528728,0,0.08108108108108109,0,0.22415298003784062,0,False
6598-KELSS,No,947.1,0,0.04525671139783192,0,0.021970705725699067,0,0.18510461838440026,0,False
9972-VAFJJ,No,1786.0,0,0.16927837442360194,0,0.06666666666666667,0,0.2726650983878924,0,False
0422-UXFAP,No,2075.85,0,0.36638295434269824,0,0.24344569288389514,0,0.34577537587994384,0,False
1904-WAJAA,No,3088.8,0,0.04307625781700385,0,0.021970705725699067,0,0.17273748252690702,0,False
5130-YPIRV,No,720.0,0,0.013626798815025624,0,0.021970705725699067,0,0.1709428684054148,0,False
2843-CQMEG,No,2385.6000000000004,0,0.21143396560282926,0,0.1650485436893204,0,0.30989050657207245,0,False
6439-PKTRR,No,161.4,0,0.009434156308344226,0,0.021970705725699067,0,0.1367814797571157,0,False
5351-QESIO,No,1718.2,0,0.4227169917080609,0,0.43157894736842106,0,0.3652306062783296,0,False
5568-DMXZS,No,4188.8,0,0.302562422468268,0,0.1111111111111111,0,0.31388046349349685,0,False
8468-FZTOE,No,74.35,0,0.008872991726707663,0,0.021970705725699067,0,0.1473093380114752,0,False
6633-SYEUS,No,4076.8,0,0.2047653867082595,0,0.29533678756476683,0,0.2677127891679398,0,False
6447-GORXK,No,1025.0,0,0.13598057996321838,0,0.1650485436893204,0,0.28408224698470297,0,False
6967-PEJLL,No,1407.0,0,0.06900030884175126,0,0.021970705725699067,0,0.17300390948492392,0,False
5981-ZVXOT,No,4008.95,0,0.3101503312693378,0,0.24344569288389514,0,0.29455830258932475,0,False
1684-FLBGS,No,3405.5,0,0.17587287384765357,0,0.1650485436893204,0,0.22288250951696956,0,False
1389-WNUIB,No,3952.0,0,0.11278384602796092,0,0.021970705725699067,0,0.19013747057776353,0,False
0376-OIWME,No,3369.6,0,0.38499524538724383,0,0.25,0,0.3656343494050504,0,False
0218-QNVAS,No,100.55,0,0.09056985511519343,0,0.0,0,0.25007201467392687,0,False
0804-YGEQV,No,709.05,0,0.02451643077281047,0,0.021970705725699067,0,0.09702454366186998,0,False
7164-BPTUT,No,1343.25,0,0.014533624195843411,0,0.021970705725699067,0,0.13121036192907343,0,False
2523-EWWZL,No,3424.4999999999995,0,0.36914948850508117,1,0.5551470588235294,0,0.3815799105427661,1,False
0928-XUTSN,No,4749.5,1,0.5382645055720581,1,0.6479591836734694,0,0.46178900669012957,2,False
0052-YNYOT,No,102.75,0,0.008019284809528423,0,0.021970705725699067,0,0.10479254138759743,0,False
9586-JGQKH,No,843.2,0,0.08521035095744367,0,0.06711409395973154,0,0.22557166039582563,0,False
4501-VCPFK,No,1644.5,0,0.19806060765539193,0,0.16666666666666666,0,0.2832049622205653,0,False
6075-SLNIL,No,3233.4,0,0.3442472330212932,0,0.4697986577181208,0,0.33862742161026793,0,False
9347-AERRL,No,945.7,0,0.03701554152829269,0,0.021970705725699067,0,0.08692582296935676,0,False
2274-XUATA,No,63.1,0,0.01778678911021538,0,0.021970705725699067,0,0.14052097827059845,0,False
6691-CCIHA,No,849.5,0,0.029885103640242015,0,0.021970705725699067,0,0.174453630458977,0,False
1685-BQULA,No,2988.8,0,0.33115034507937796,0,0.29533678756476683,0,0.35112871520362643,0,False
9053-EJUNL,No,2765.2000000000003,0,0.40304989442934563,0,0.4540540540540541,0,0.40633134899810147,0,False
0666-UXTJO,No,3237.6,0,0.3576454334775582,0,0.29533678756476683,0,0.36433609032996117,0,False
1471-GIQKQ,No,3546.4500000000003,0,0.3752231493527419,0,0.43157894736842106,0,0.38499065904419344,0,False
4807-IZYOZ,No,433.65,0,0.005753380907081176,0,0.021970705725699067,0,0.08516996798295445,0,False
9710-NJERN,No,664.9499999999999,0,0.010533409409011586,0,0.021970705725699067,0,0.08685789415932764,0,False
9837-FWLCH,No,1152.0,0,0.16256015002110355,0,0.1111111111111111,0,0.13172829079906054,0,False
7203-OYKCT,No,104.95,0,0.19278797054345312,0,0.0,0,0.3269502658706809,0,False
1035-IPQPU,No,931.5,0,0.46586184943703984,0,0.4540540540540541,0,0.3780991354350104,0,False
7398-LXGYX,No,2374.4,0,0.25548240982120485,0,0.29533678756476683,0,0.29473216509041295,0,False
2823-LKABH,No,5132.7,0,0.41434277347996695,0,0.4697986577181208,0,0.33393909160107876,0,False
0550-DCXLH,No,4327.65,0,0.21170708959697265,0,0.1650485436893204,0,0.25699840895322873,0,False
9281-CEDRU,No,256.4,0,0.00844456044809803,0,0.015384615384615385,0,0.1701671116414078,0,False
2235-DWLJU,No,2930.4,1,0.6004005933744525,1,0.5242718446601942,0,0.4199378595707842,2,False
0871-OPBXW,No,1403.5,0,0.20001016512996345,0,0.1111111111111111,0,0.146810803314094,0,False
3605-JISKB,No,1020.0,0,0.02734762869857771,0,0.021970705725699067,0,0.1860024730373972,0,False
9767-FFLEM,No,2363.0,0,0.30730629655663627,0,0.29533678756476683,0,0.38729900035165216,0,False
8456-QDAVC,No,4171.1,0,0.4287036306286092,0,0.29533678756476683,0,0.40912057321573864,0,False
7750-EYXWZ,No,3639.0,0,0.26693966021027626,0,0.1004566210045662,0,0.2233079294505959,0,False
2569-WGERO,No,21.15,0,0.003271374298870521,0,0.021970705725699067,0,0.09668674963665563,0,False
6840-RESVB,No,4070.4,0,0.10814770548404128,0,0.021970705725699067,0,0.16541854567790523,0,False
2234-XADUH,No,103.2,0,0.11651384973631704,0,0.0,0,0.2513137664981069,0,False
4801-JZAZL,No,1805.6,0,0.31208971309207556,1,0.5242718446601942,0,0.2882163688756364,1,False
3186-AJIEK,No,633.9000000000001,0,0.043315813030836106,0,0.06711409395973154,0,0.2228713526859829,0,False
